StartDate,EndDate,Status,Progress,Duration (in seconds),Finished,RecordedDate,ResponseId,DistributionChannel,UserLanguage,Q_RecaptchaScore,Consent,MrAB1,Game1_1_1,Game1_1_2,Game1_2_1,Game1_2_2,Drink1,Gym1 _1,Gym1 _2,Gym1 _3,Jacket1,Game2_1_1,Game2_1_2,Game2_2_1,Game2_2_2,MrAB2,"Play2 ","Plane2 ",MrAB3,Game3_1 _1,Game3_1 _2,Game3_2_1,Game3_2_2,Jacket2,Gym2 _1,Gym2 _2,Gym2 _3,"MrAB4 ","Play1 ","Plane1 ",Drink2,fin_lit1,fin_lit2,fin_lit3,fin_lit4,Att_check,Gender,"Age ",Income,Education,Residence,Native language,Debriefing,FL_5_DO_FL_14,FL_5_DO_FL_15,FL_5_DO_FL_16,FL_5_DO_FL_17
Start Date,End Date,Response Type,Progress,Duration (in seconds),Finished,Recorded Date,Response ID,Distribution Channel,User Language,Q_RecaptchaScore,"Dear Participant,



We invite you to take part in an online study with the purpose of investigating how people make decisions. The duration of the questionnaire is approximately 10 minutes. At the end of the questionnaire, you will be asked some personal demographic information.



Your data will be analyzed anonymously and processed according to the current international legislation for the protection of privacy (D. Lgs 196/2003 and EU GDPR 679/2016 on the protection of personal data and art. 9 of the Deontological Code of Italian Psychologists). Your data will be used solely for the purposes of the research itself. No information regarding you personally will be published or revealed in any way.



You are free to withdraw from the study at any point without giving any explanation. In this case your data will be deleted. You will not receive any payment or reimbursement of any sort for your participation in this study. There are no known risks associated with participating in this study.



Project Manager: Enrico Rubaltelli (Department of Development Psychology and Socialization -DPSS, University of Padua). The person responsible for this research agrees to comply with the obligations of current legislation in terms of collection, processing and storage of sensitive data.



I DECLARE THAT

• I am 17 years old or older

• I take part in this project voluntarily

• I am aware of the objectives and aims of this research project

• I am aware that the data obtained, in absolute anonymity, will be treated exclusively for educational and research purposes

• I am aware that it is not possible to withdraw the data I have provided once it has been submitted.



For any clarification you can contact Prof. Enrico Rubaltelli at jdmlab.multicountry@gmail.com.","Person A was given two lucky draw tickets. They won Rp120,000 with one ticket and Rp60,000 with the other ticket.  



Person B was given one lucky draw ticket. They won Rp180,000.  


 

Who is happier?","You are going to a sold-out game of your favorite football team and you have an extra ticket. The price marked on the ticket is Rp10,000 but this ticket has been offered to you by a friend for free.   



You want to get rid of the extra ticket and you know the ticket’s face value price is Rp10,000. You find someone who wants the ticket. There is no law against charging more than the price marked on the ticket.



What price do you ask for selling the extra ticket if the person you sell it to... ? - Is a friend","You are going to a sold-out game of your favorite football team and you have an extra ticket. The price marked on the ticket is Rp10,000 but this ticket has been offered to you by a friend for free.   



You want to get rid of the extra ticket and you know the ticket’s face value price is Rp10,000. You find someone who wants the ticket. There is no law against charging more than the price marked on the ticket.



What price do you ask for selling the extra ticket if the person you sell it to... ? - Is a stranger","What price would you have asked for if you found out that the ticket’s face value price was Rp20,000 instead? - If they are a friend","What price would you have asked for if you found out that the ticket’s face value price was Rp20,000 instead? - If they are a stranger","You are on the beach on a hot day, and you would really like a cold drink. A friend offers to go buy the drink from a fancy resort hotel. They ask how much you are willing to pay for the drink: they will only buy it if it costs as much or less than the price you state. You trust your friend, and there is no possibility of bargaining with the bartender.



What price do you tell them?","Imagine that you go to the gym on a regular basis. Due to your busy working schedule, you can only go on Monday nights. The membership to the gym allows you to pay Rp20,000 (non-refundable) per session. One Monday, just after you have paid and changed into your gym clothes, you receive a phone call that requires you to leave and forgo your exercise that evening.

How well does
each of the following statements capture your feelings about the cost of the missed
workout? - I feel like I wasted Rp20,000","Imagine that you go to the gym on a regular basis. Due to your busy working schedule, you can only go on Monday nights. The membership to the gym allows you to pay Rp20,000 (non-refundable) per session. One Monday, just after you have paid and changed into your gym clothes, you receive a phone call that requires you to leave and forgo your exercise that evening.

How well does
each of the following statements capture your feelings about the cost of the missed
workout? - I feel like I wasted nothing, since my visit had already been paid for","Imagine that you go to the gym on a regular basis. Due to your busy working schedule, you can only go on Monday nights. The membership to the gym allows you to pay Rp20,000 (non-refundable) per session. One Monday, just after you have paid and changed into your gym clothes, you receive a phone call that requires you to leave and forgo your exercise that evening.

How well does
each of the following statements capture your feelings about the cost of the missed
workout? - I feel like I wasted something, but no specific amount or measure comes to mind","You are about to purchase a jacket for Rp360,000 and a Bluetooth speaker for Rp40,000. The salesman informs you that the speaker you wish to buy is on sale for Rp30,000 at the other branch store, located 20 minutes away.



Would you make the trip to the other store?","Imagine you are going to a sold-out game of your favorite football team, and you have an extra ticket. The price marked on the ticket is Rp10,000 which is what you paid for each ticket.



You want to get rid of the extra ticket and you know the ticket's face value price is Rp10,000. You find someone who wants the ticket. There is no law against charging more than the price marked on the ticket.


What price do you ask for selling the extra ticket if the person you sell it to...? - Is a friend","Imagine you are going to a sold-out game of your favorite football team, and you have an extra ticket. The price marked on the ticket is Rp10,000 which is what you paid for each ticket.



You want to get rid of the extra ticket and you know the ticket's face value price is Rp10,000. You find someone who wants the ticket. There is no law against charging more than the price marked on the ticket.


What price do you ask for selling the extra ticket if the person you sell it to...? - Is a stranger","What price would you have asked for if you found out that the ticket’s face value price was Rp20,000 instead? - If they are a friend","What price would you have asked for if you found out that the ticket’s face value price was Rp20,000 instead? - If they are a stranger","Person A received a fine and owed Rp250,000. The same day they received a second fine and owed Rp100,000.



Person B received a fine and owed Rp350,000.

Who is more upset?","Imagine that you are on your way to a music event and intend to buy a ticket worth Rp120,000. On entering the venue, you realize that you have lost Rp120,000 in cash.


Would you still pay Rp120,000 for a ticket?","You will take a bus trip with a friend who has upgraded their ticket to business class and has two coupons, each worth Rp50,000, which could be used to upgrade your ticket from economy to business class. They purchased one coupon for the standard price of Rp50,000 and received the other one for free. Just one coupon is required to upgrade your class on the current trip and your friend offers you the coupon which they got for free so that you can upgrade your ticket as well.



What do you think is the most appropriate thing to do?","Person A bought a raffle ticket and won Rp250,000. Also, they damaged one door in their apartment in an accident and had to pay the landlord Rp200,000.  

 

Person B bought a lottery ticket and won Rp50,000.  

 

Who is happier?","You are going to a sold-out game of your favorite football team and you have an extra ticket. The ticket’s face value price is Rp10,000 but you paid Rp20,000 for each ticket when you bought them from another person.



You want to get rid of the extra ticket and you know the ticket’s face value price is Rp10,000. You find someone who wants the ticket. There is no law against charging more than the price marked on the ticket.



What price do you ask for selling the extra ticket if the person you sell it to...? - Is a friend","You are going to a sold-out game of your favorite football team and you have an extra ticket. The ticket’s face value price is Rp10,000 but you paid Rp20,000 for each ticket when you bought them from another person.



You want to get rid of the extra ticket and you know the ticket’s face value price is Rp10,000. You find someone who wants the ticket. There is no law against charging more than the price marked on the ticket.



What price do you ask for selling the extra ticket if the person you sell it to...? - Is a stranger","What price would you have asked for if you found out that the ticket’s face value price was Rp20,000 instead? - If they are a friend","What price would you have asked for if you found out that the ticket’s face value price was Rp20,000 instead? - If they are a stranger","You are about to purchase a jacket for Rp40,000 and a Bluetooth speaker for Rp360,000. The salesman informs you that the speaker you wish to buy is on sale for Rp350,000 at the other branch store, located 20 minutes away.



Would you make the trip to the other store?","Imagine that you go to the gym on a regular basis. Due to your busy working schedule, you can only go on Monday nights. The membership costs you Rp1,100,000 a year (i.e., roughly Rp20,000 per visit). One Monday, just after you have arrived and changed into your gym clothes, you receive a phone call that requires you to leave and forgo your exercise that evening.



How well does
each of the following statements capture your feelings about the cost of the missed
workout? - I feel like I wasted Rp20,000","Imagine that you go to the gym on a regular basis. Due to your busy working schedule, you can only go on Monday nights. The membership costs you Rp1,100,000 a year (i.e., roughly Rp20,000 per visit). One Monday, just after you have arrived and changed into your gym clothes, you receive a phone call that requires you to leave and forgo your exercise that evening.



How well does
each of the following statements capture your feelings about the cost of the missed
workout? - I feel like I wasted nothing, since my visit had already been paid for","Imagine that you go to the gym on a regular basis. Due to your busy working schedule, you can only go on Monday nights. The membership costs you Rp1,100,000 a year (i.e., roughly Rp20,000 per visit). One Monday, just after you have arrived and changed into your gym clothes, you receive a phone call that requires you to leave and forgo your exercise that evening.



How well does
each of the following statements capture your feelings about the cost of the missed
workout? - I feel like I wasted something, but no specific amount or measure comes to mind","Person A damaged their car in a parking lot. They had to spend Rp450,000 to repair the damage. The same day they damaged the car, they won Rp50,000 in a raffle.  

 

Person B damaged their car in a parking lot. They had to spend Rp400,000 to repair the damage.  

 

Who is more upset?","Imagine that you are on your way to a music event with a ticket for which you have paid Rp120,000. On entering the venue, you discover that you have lost the ticket.



Would you pay Rp120,000 for another ticket?","You will take a bus trip with a friend who has upgraded their ticket to business class and has two coupons, each worth Rp50,000, which could be used to upgrade your ticket from economy to business class. They purchased one coupon for the standard price of Rp50,000 and received the other one for free. Just one coupon is required to upgrade your class on the current trip, and your friend offers you the coupon which they purchased so that you can upgrade as well.



What do you think is the most appropriate thing to do?","You are on the beach on a hot day, and you would really like a cold drink. A friend offers to go buy the drink from a small beach stall. They ask how much you are willing to pay for the drink: they will only buy it if it costs as much or less than the price you state. You trust your friend, and there is no possibility of bargaining with the store owner.



What price do you tell them?","Suppose that you have Rp1,000,000 in a savings account and the interest rate is 2% per year. After 5 years, how much do you think you would have in the account if you let the money grow?","Imagine that the interest rate on your savings account was 1% per year and inflation was 2% per year. After 1 year,
how much would you be able to buy with the money in this account?",Buying a single company's stock usually provides a safer return than a stock mutual fund.,"If interest rates rise, what would typically happen to bond prices?","To ensure the quality of our data we need to know if participants paid attention during the survey. Please tell us honestly how serious you were in completing the survey.


How serious have you been about filling in the survey?",What gender do you identify as?,What is your age (in numbers)?,Which of the following best describes your annual household income last year?,How many years of schooling have you completed? (from elementary school to doctoral degree or specialization if you have one),List of Countries,Which of the following is your native language?,"The survey you have completed aims to replicate the mental accounting effect. According to this phenomenon a person attributes different values to the same amount of money based on subjective criteria. Specifically, people tend to subjectively organize economic resources into different mental accounts. In addition, in this study, we measured some individual differences that might have an influence on mental accounting. In particular:   	
 	
 
●	Scale to measure financial literacy (Lusardi and Mitchell, 2014).  	 	 	
 ●	Demographic data (e.g. gender, age or income level)	

 
Finally, we inform you that we have also used an attentional check to measure respondent engagement. The purpose of this study could not be fully revealed at the beginning of the study to avoid influencing your answers. Now that you have received this information, we ask you to confirm your consent to participate in this study or to withdraw it. In the latter case your data will not be used and will be deleted.",FL_5 - Block Randomizer - Display Order - FL_14,FL_5 - Block Randomizer - Display Order - FL_15,FL_5 - Block Randomizer - Display Order - FL_16,FL_5 - Block Randomizer - Display Order - FL_17
"{""ImportId"":""startDate"",""timeZone"":""Europe/Berlin""}","{""ImportId"":""endDate"",""timeZone"":""Europe/Berlin""}","{""ImportId"":""status""}","{""ImportId"":""progress""}","{""ImportId"":""duration""}","{""ImportId"":""finished""}","{""ImportId"":""recordedDate"",""timeZone"":""Europe/Berlin""}","{""ImportId"":""_recordId""}","{""ImportId"":""distributionChannel""}","{""ImportId"":""userLanguage""}","{""ImportId"":""Q_RecaptchaScore""}","{""ImportId"":""QID1""}","{""ImportId"":""QID8""}","{""ImportId"":""QID14_1""}","{""ImportId"":""QID14_2""}","{""ImportId"":""QID15_1""}","{""ImportId"":""QID15_2""}","{""ImportId"":""QID23_TEXT""}","{""ImportId"":""QID44_1""}","{""ImportId"":""QID44_2""}","{""ImportId"":""QID44_3""}","{""ImportId"":""QID34""}","{""ImportId"":""QID17_1""}","{""ImportId"":""QID17_2""}","{""ImportId"":""QID18_1""}","{""ImportId"":""QID18_2""}","{""ImportId"":""QID12""}","{""ImportId"":""QID78""}","{""ImportId"":""QID86""}","{""ImportId"":""QID10""}","{""ImportId"":""QID20_1""}","{""ImportId"":""QID20_2""}","{""ImportId"":""QID21_1""}","{""ImportId"":""QID21_2""}","{""ImportId"":""QID74""}","{""ImportId"":""QID82_1""}","{""ImportId"":""QID82_2""}","{""ImportId"":""QID82_3""}","{""ImportId"":""QID11""}","{""ImportId"":""QID40""}","{""ImportId"":""QID48""}","{""ImportId"":""QID70_TEXT""}","{""ImportId"":""QID59""}","{""ImportId"":""QID60""}","{""ImportId"":""QID61""}","{""ImportId"":""QID62""}","{""ImportId"":""QID51""}","{""ImportId"":""QID52""}","{""ImportId"":""QID53_TEXT""}","{""ImportId"":""QID54""}","{""ImportId"":""QID55_TEXT""}","{""ImportId"":""QID114""}","{""ImportId"":""QID57""}","{""ImportId"":""QID63""}","{""ImportId"":""FL_5_DO"",""choiceId"":""FL_14""}","{""ImportId"":""FL_5_DO"",""choiceId"":""FL_15""}","{""ImportId"":""FL_5_DO"",""choiceId"":""FL_16""}","{""ImportId"":""FL_5_DO"",""choiceId"":""FL_17""}"
2022-09-12 09:58:51,2022-09-12 10:23:39,0,100,1487,1,2022-09-12 10:23:39,R_3ikYeIGkoBPFAdw,anonymous,EN,0.8999999761581421,1,1,10000,10000,10000,20000,40000,1,5,1,1,10000,15000,10000,20000,2,2,1,2,15.000,20.000,15000,20000,1,4,1,4,1,2,1,2500,1,3,2,4,4,2,52,6,16,79,12,1,2,4,1,3
2022-09-12 10:10:19,2022-09-12 10:41:22,0,100,1862,1,2022-09-12 10:41:22,R_AbXG2tMqF2un757,anonymous,ID,0.8999999761581421,1,3,0,0,0,0,10000,1,5,1,2,10000,10000,20000,20000,3,2,2,3,20000,20000,30000,30000,2,5,1,5,3,2,3,10000,1,4,3,4,3,2,24,7,16,79,12,1,2,3,4,1
2022-09-12 11:50:51,2022-09-12 12:00:20,0,100,569,1,2022-09-12 12:00:21,R_2YbKbxlXkg4eZdf,anonymous,EN,0.8999999761581421,1,1,0,0,0,0,50000,1,5,5,1,10000,10000,10000,20000,1,1,1,2,20000,20000,20000,20000,2,5,1,5,2,2,1,30000,1,3,2,1,5,1,44,7,18,79,12,1,3,1,2,4
2022-09-12 12:26:39,2022-09-12 12:49:47,0,100,1388,1,2022-09-12 12:49:48,R_1ZdQMuewLDfQxMJ,anonymous,ID,1,1,2,0,10.000,0,20.000,100.000,3,4,2,2,10.000,10.000,0,20.000,1,2,2,2,20.000,20.000,20.000,20.000,2,2,2,4,2,2,1,15000,3,3,3,4,3,1,46,3,0,79,12,1,2,3,4,1
2022-09-12 11:58:10,2022-09-12 12:58:09,0,100,3599,1,2022-09-12 12:58:09,R_30jmZbCeYSJRFJs,anonymous,ID,1,1,1,20000,50000,50000,100000,20009,1,5,5,1,20000,60000,40000,80000,2,1,2,2,20000,50000,40000,60000,1,5,1,1,1,1,2,10009,4,1,1,1,4,1,48,7,19,79,12,1,1,4,3,2
2022-09-12 13:41:33,2022-09-12 13:52:38,0,100,664,1,2022-09-12 13:52:38,R_11aPEO9gfjnozFp,anonymous,ID,0.800000011920929,1,1,0,10.000,0,20.000,20.000,3,3,4,1,10.000,10.000,20.000,20.000,1,1,1,2,0,10.000,0,20.000,1,3,3,2,2,1,1,10.000,4,3,3,4,4,2,20,1,17,79,12,1,3,2,4,1
2022-09-12 13:36:01,2022-09-12 14:08:59,0,100,1977,1,2022-09-12 14:08:59,R_2sYLcuT8EaqFNDz,anonymous,ID,0.8999999761581421,1,3,10.000,11.000,20.000,22.000,10.000,1,5,1,2,10.000,11.000,20.000,22.000,3,1,1,3,10.000,22.000,20.000,22.000,2,4,1,5,1,1,2,10.000,1,1,1,1,5,1,46,6,25,79,12,1,3,4,2,1
2022-09-12 14:03:07,2022-09-12 14:37:13,0,100,2045,1,2022-09-12 14:37:13,R_2Y9fnBBOLxktNc7,anonymous,ID,1,1,3,0,10000,0,20000,100000,2,4,2,2,10000,10000,20000,20000,1,2,2,2,20000,30000,20000,30000,2,5,3,5,2,1,2,20000,1,3,2,2,5,1,40,1,20,79,12,1,4,2,3,1
2022-09-12 13:50:22,2022-09-12 14:44:30,0,100,3248,1,2022-09-12 14:44:32,R_2CZCdxfHN9tZ3Is,anonymous,ID,0.800000011920929,1,1,10000,15000,20000,30000,50000,4,2,4,2,15000,30000,20000,30000,1,1,3,2,10000,15000,20000,30000,2,3,4,4,2,2,3,10000,1,3,2,2,4,1,33,4,20,79,12,1,4,2,1,3
2022-09-12 13:03:43,2022-09-12 15:58:33,0,100,10489,1,2022-09-12 15:58:33,R_2QKjQGkdRWmNS8E,anonymous,ID,1,2,,,,,,,,,,,,,,,,,,,,,,,,,,,,,,,,,,,,,,,,,,,,,,
2022-09-12 16:08:43,2022-09-12 16:24:42,0,100,959,1,2022-09-12 16:24:43,R_a3n3zK2saqoOrkd,anonymous,ID,0.8999999761581421,1,1,0,10000,0,20000,100000,2,1,1,2,0,10000,0,20000,1,1,1,2,0,10000,0,20000,2,5,5,5,2,1,1,50000,3,3,3,4,4,1,23,6,15,65,12,1,1,2,3,4
2022-09-12 16:53:21,2022-09-12 17:21:12,0,100,1670,1,2022-09-12 17:21:12,R_21tG4Nmr1eAVP10,anonymous,EN,1,1,3,10,10,20000,20000,50000,2,4,3,2,10000,10000,20000,20000,2,1,2,1,10000,10000,20000,20000,2,2,4,3,2,1,2,50000,1,2,2,1,3,2,22,3,12,79,4,1,1,3,2,4
2022-09-12 17:00:06,2022-09-12 17:41:27,0,100,2480,1,2022-09-12 17:41:27,R_2Vn1DjUFPn4JsdD,anonymous,EN,0.8999999761581421,1,1,10000,10000,20000,20000,50000,4,1,3,2,10000,10000,10000,10000,1,1,2,2,10000,10000,20000,20000,2,5,1,5,3,1,3,20000,1,3,2,3,4,1,22,6,19,79,12,1,1,4,3,2
2022-09-12 17:38:05,2022-09-12 17:49:30,0,100,685,1,2022-09-12 17:49:30,R_XLi2F8AX52zeDaV,anonymous,ID,0.8999999761581421,1,2,10,15,10,15,20000,4,4,4,1,10,150,10,150,2,1,1,2,10,15,10,15,1,4,4,4,2,1,1,20000,1,2,2,3,4,1,39,4,19,79,12,1,4,2,3,1
2022-09-12 17:17:13,2022-09-12 17:59:25,0,100,2531,1,2022-09-12 17:59:25,R_D1NCQBl6a8Jb6il,anonymous,EN,0.8999999761581421,1,2,0,20000,0,39999,25000,1,5,5,2,10000,20000,20000,40000,1,2,1,2,20000,40000,20000,40000,2,5,5,2,2,2,2,10000,1,3,2,1,4,1,23,7,20,79,12,1,4,2,1,3
2022-09-12 18:37:24,2022-09-12 18:58:22,0,100,1257,1,2022-09-12 18:58:22,R_wZcSHv2YenoPHq1,anonymous,ID,0.8999999761581421,1,2,0,10000,0,20000,20000,4,2,5,2,0,10000,10000,20000,3,1,3,3,10000,12000,20000,20000,2,3,4,1,3,2,3,20000,1,4,2,4,3,2,26,7,4,79,12,1,3,2,1,4
2022-09-12 13:27:53,2022-09-12 22:20:36,0,100,31963,1,2022-09-12 22:20:38,R_xruwfWgzvX3xs8p,anonymous,ID,1,1,2,10000,50000,20000,60000,50000,1,5,5,1,10000,50000,20000,60000,2,2,2,2,10000,50000,20000,60000,1,2,1,1,3,2,3,50000,4,4,3,4,3,2,62,2,18,79,12,1,1,4,3,2
2022-09-12 23:43:30,2022-09-13 00:04:34,0,100,1264,1,2022-09-13 00:04:34,R_3POdYPyFXa8w416,anonymous,ID,0.8999999761581421,1,3,10.000,10.000,20.000,20.000,50.000,5,1,3,2,10.000,20.000,20.000,30.000,1,1,3,2,20.000,20.000,20.000,20.000,2,4,3,2,2,1,1,20.000,1,3,2,4,4,1,26,6,16,79,12,1,2,4,1,3
2022-09-13 01:19:59,2022-09-13 01:42:28,0,100,1348,1,2022-09-13 01:42:28,R_wYPN86DaGiakOHf,anonymous,ID,1,1,1,10.000,15000,20000,25000,50000,2,2,3,2,10.000,15.000,20.000,25.000,1,1,1,2,20000,25000,20000,30000,2,3,3,3,2,1,1,20000,3,4,1,3,4,2,54,1,22,79,12,1,2,1,4,3
2022-09-13 01:46:58,2022-09-13 02:02:17,0,100,919,1,2022-09-13 02:02:17,R_2sTQIBcqyVYkUtQ,anonymous,ID,0.8999999761581421,1,2,10000,10000,20000,20000,50000,1,5,5,2,10000,10000,20000,20000,1,1,3,2,20000,20000,20000,20000,2,5,1,1,2,1,3,25000,4,4,1,1,4,1,34,3,19,79,12,1,1,4,3,2
2022-09-13 01:43:02,2022-09-13 02:06:00,0,100,1377,1,2022-09-13 02:06:00,R_5szQYqnRsoUxqJX,anonymous,ID,1,1,3,0,5000,0,20000,20000,1,3,5,1,10000,15000,20000,25000,3,2,1,2,10000,15000,20000,25000,1,5,2,2,1,2,1,5000,1,3,3,4,3,2,27,7,16,79,12,1,3,4,2,1
2022-09-13 02:13:54,2022-09-13 02:14:55,0,100,61,1,2022-09-13 02:14:57,R_1fjRzBc5i7CtrmG,anonymous,ID,1,2,,,,,,,,,,,,,,,,,,,,,,,,,,,,,,,,,,,,,,,,,,,,,,
2022-09-13 01:54:29,2022-09-13 02:28:36,0,100,2047,1,2022-09-13 02:28:38,R_1pXMh8npF0XU9jk,anonymous,ID,1,1,1,10.000,10.000,20.000,20.000,100.000,4,3,3,2,10.000,10.000,20.000,20.000,1,1,1,2,20.000,20.000,20.000,20.000,2,4,3,4,2,1,1,20.000,1,3,1,3,2,2,56,7,23,79,12,1,4,3,2,1
2022-09-13 02:06:29,2022-09-13 02:53:13,0,100,2803,1,2022-09-13 02:53:13,R_3dSRNOfnOCM7FR8,anonymous,ID,0.8999999761581421,1,2,0,0,0,0,100.000,2,3,3,2,0,0,0,0,1,1,2,2,0,0,0,0,2,4,3,3,2,1,1,20.000,1,3,2,2,5,1,43,5,18,79,12,1,1,3,4,2
2022-09-13 03:08:51,2022-09-13 03:18:31,0,100,580,1,2022-09-13 03:18:32,R_2wuhFN9b01GMRvD,anonymous,ID,0.8999999761581421,1,1,10000,15000,20000,25000,1000,1,4,1,2,10000,15000,20000,25000,2,1,1,2,10000,15000,20000,25000,2,1,4,1,2,1,1,1000,4,4,2,4,5,1,33,1,21,79,12,1,1,4,2,3
2022-09-13 03:33:36,2022-09-13 03:43:52,0,100,616,1,2022-09-13 03:43:54,R_1pQMMWyrkRTvIHE,anonymous,ID,0.8999999761581421,1,1,10000,150000,200000,30000,100000,4,4,3,2,10000,15000,20000,30000,1,2,3,2,20000,20000,20000,25000,2,2,2,2,2,2,3,100000,1,3,2,1,5,1,42,1,20,79,12,1,1,2,4,3
2022-09-13 04:37:50,2022-09-13 04:54:19,0,100,989,1,2022-09-13 04:54:20,R_9Nvfj35TXNGTzNf,anonymous,ID,1,1,1,15000,20000,25000,30000,50000,2,4,3,1,15000,20000,25000,30000,1,1,3,2,15000,20000,25000,30000,1,2,4,3,2,1,3,50000,1,4,1,4,3,2,43,6,17,79,12,1,4,1,3,2
2022-09-13 05:29:50,2022-09-13 05:50:08,0,100,1217,1,2022-09-13 05:50:10,R_1Gwr00pUGkiMuJw,anonymous,ID,0.8999999761581421,1,1,10000,20000,20000,40000,100000,2,4,4,2,10000,20000,20000,40000,1,1,1,2,10000,20000,20000,40000,2,4,2,2,2,1,1,30000,3,3,2,4,4,1,35,2,16,79,12,1,1,3,4,2
2022-09-12 14:43:09,2022-09-13 07:34:08,0,100,60658,1,2022-09-13 07:34:09,R_1LNe2DyVA5CNzCa,anonymous,ID,1,1,1,10000,15000,20000,30000,10000,3,2,5,1,10000,15000,20000,30000,1,2,3,3,15000,25000,20000,30000,1,3,4,1,2,2,3,10000,1,2,3,2,4,3,21,7,12,79,12,1,3,2,1,4
2022-09-13 11:00:33,2022-09-13 11:13:10,0,100,757,1,2022-09-13 11:13:11,R_3RrMIvk8MLo9u8R,anonymous,ID,0.8999999761581421,1,1,0,10000,0,20000,30000,5,1,2,2,0,10000,0,20000,1,1,2,3,0,10000,0,20000,2,1,5,2,2,1,2,30000,1,3,2,1,5,1,25,6,16,79,12,1,2,1,4,3
2022-09-13 10:56:23,2022-09-13 11:15:57,0,100,1174,1,2022-09-13 11:15:57,R_1pW2VKkaYn0QCUQ,anonymous,ID,0.699999988079071,1,1,10000,20000,20000,35000,40000,5,1,4,2,10000,20000,15000,30000,1,1,3,2,20000,30000,20000,30000,2,3,5,1,2,1,3,7000,1,1,2,2,4,1,22,6,16,187,12,1,2,4,3,1
2022-09-13 11:13:35,2022-09-13 11:46:26,0,100,1970,1,2022-09-13 11:46:27,R_0oBw1dZEygkpvRT,anonymous,ID,1,1,2,10000,10000,20000,20000,10000,2,3,5,2,10000,10000,20000,20000,1,1,3,2,20000,20000,20000,20000,2,2,2,1,2,1,3,10000,3,3,2,4,3,1,23,7,17,79,12,1,3,4,1,2
2022-09-13 12:45:39,2022-09-13 12:55:30,0,100,590,1,2022-09-13 12:55:30,R_At9g1738IMe1vhf,anonymous,ID,0.8999999761581421,1,3,10.000,10.000,15.000,15.000,15.000,1,2,3,2,10.000,10.000,15.000,15.000,1,1,2,2,10.000,10.000,15.000,15.000,2,5,1,3,2,1,2,10.000,1,3,3,4,4,2,23,1,16,79,12,1,2,1,3,4
2022-09-13 12:47:51,2022-09-13 13:00:31,0,100,759,1,2022-09-13 13:00:31,R_302dScBAvCuvcZE,anonymous,ID,0.8999999761581421,1,2,10000,10000,20000,20000,150000,1,3,5,2,10000,10000,20000,20000,2,1,2,1,20000,20000,20000,20000,1,5,1,4,1,2,2,10000,4,1,2,1,2,1,27,1,4,79,12,1,4,1,3,2
2022-09-13 13:39:55,2022-09-13 13:54:44,0,100,889,1,2022-09-13 13:54:44,R_3Jy3FYRRLA3GF0t,anonymous,ID,,1,3,0,10000,0,20000,50000,3,2,4,1,0,10000,0,20000,3,1,1,3,0,20000,0,20000,1,3,4,3,3,1,1,20000,1,4,3,4,3,2,22,7,15,79,12,1,1,3,4,2
2022-09-13 14:30:23,2022-09-13 14:40:41,0,100,617,1,2022-09-13 14:40:41,R_8kXKpqSV9GYCLYJ,anonymous,ID,1,1,3,15.000,20.000,15.000,15.000,25.000,5,1,1,1,15.000,20.000,15.000,20.000,2,1,1,2,15.000,20.000,15.000,20.000,2,5,1,3,2,2,1,15.000,2,4,2,1,4,2,23,1,4,79,12,1,1,3,4,2
2022-09-13 14:26:49,2022-09-13 14:50:02,0,100,1392,1,2022-09-13 14:50:02,R_3MoPMmcKBJs7ppp,anonymous,ID,0.8999999761581421,1,3,10.000,20.000,10.000,30.000,25.000,4,1,4,2,20.000,30.000,30.000,50.000,3,2,3,3,20.000,30.000,30.000,50.000,2,2,5,2,3,2,3,8.000,3,4,3,1,5,2,21,7,16,79,12,1,1,3,4,2
2022-09-13 14:35:46,2022-09-13 14:53:48,0,100,1081,1,2022-09-13 14:53:48,R_2AWkDwNXmJ61uZo,anonymous,ID,0.8999999761581421,1,1,10000,10000,10000,10000,50000,1,1,1,1,10000,10000,10000,10000,1,2,2,2,22000,22000,22000,22000,1,1,5,5,1,2,2,5000,1,2,2,2,4,2,26,2,12,79,12,1,3,4,1,2
2022-09-13 10:34:40,2022-09-13 19:14:28,0,100,31187,1,2022-09-13 19:14:28,R_3FJd9fcUA1ValkB,anonymous,ID,0.8999999761581421,1,2,10000,10000,20000,20000,100000,3,3,4,1,10000,10000,20000,20000,3,2,1,2,20000,20000,20000,20000,1,3,3,3,2,2,1,5000,1,4,1,4,4,2,28,3,17,79,12,1,1,3,4,2
2022-09-13 23:36:27,2022-09-13 23:49:57,0,100,810,1,2022-09-13 23:49:58,R_3g0EI01ciu2iXNd,anonymous,ID,1,1,2,10.000,20.000,20.000,30.000,25.000,1,1,5,1,5000,10000,10000,20000,1,2,2,2,20.000,30.000,20.000,30.000,2,5,5,1,3,2,2,10.000,3,3,2,4,5,1,20,1,15,79,12,1,2,4,3,1
2022-09-14 03:15:36,2022-09-14 03:32:51,0,100,1035,1,2022-09-14 03:32:52,R_25yVOGDspLXEKCg,anonymous,ID,0.8999999761581421,1,2,10000,15000,15000,30000,40000,1,5,1,1,10000,15000,20000,30000,1,2,3,2,20000,25000,20000,30000,2,1,1,1,2,2,1,15000,1,4,2,4,3,2,35,1,17,79,12,1,4,2,3,1
2022-09-14 04:50:07,2022-09-14 05:02:58,0,100,770,1,2022-09-14 05:03:00,R_3iDuQC3sG1KvUq5,anonymous,ID,1,1,2,0,10000,0,20000,50000,2,4,4,2,10000,10000,10000,10000,3,1,3,2,10000,20000,20000,20000,2,4,2,3,2,1,3,20000,1,3,2,1,4,1,29,2,19,36,12,1,4,1,2,3
2022-09-14 04:36:42,2022-09-14 05:15:56,0,100,2354,1,2022-09-14 05:15:57,R_3RekbMnQhUdzyKM,anonymous,ID,0.8999999761581421,1,2,10000,10000,20000,20000,20000,1,5,5,2,12000,15000,22000,25000,1,1,1,3,22000,25000,32000,35000,2,1,5,3,2,1,1,10000,4,4,1,1,3,2,25,7,16,79,12,1,3,1,2,4
2022-09-07 09:04:57,2022-09-07 09:21:44,0,8,1006,0,2022-09-14 09:39:45,R_2zXWrCcP69FEJJY,anonymous,ID,1,1,,,,,,,,,,,,,,,,,,,,,,,,,,,,,,,,,,,,,,,,,,,1,3,2,4
2022-09-14 14:29:30,2022-09-14 14:36:51,0,100,440,1,2022-09-14 14:36:51,R_3k7WPOB10vEq9Yy,anonymous,ID,1,1,1,10000,12000,10000,20000,20000,5,1,3,2,10000,12000,10000,20000,1,1,3,2,10000,12000,10000,20000,2,3,5,1,2,2,3,20000,1,3,2,4,4,2,31,4,21,79,12,1,2,1,3,4
2022-09-14 18:11:29,2022-09-14 18:26:09,0,100,879,1,2022-09-14 18:26:09,R_eKCgMSzjJKD0vPX,anonymous,ID,1,1,1,0,10000,0,20000,50000,4,1,3,2,10000,10000,20000,20000,1,2,2,2,20000,20000,20000,20000,2,5,2,5,2,2,2,10000,1,3,3,4,4,1,22,7,15,79,12,1,4,3,2,1
2022-09-15 03:46:31,2022-09-15 04:00:14,0,100,822,1,2022-09-15 04:00:15,R_3MlMuotAoGKpANi,anonymous,ID,0.8999999761581421,1,2,15000,20000,25000,30000,20000,2,3,4,1,10000,15000,20000,30000,1,2,2,2,30000,30000,30000,30000,2,4,3,2,2,1,2,7500,1,4,2,1,4,1,30,3,19,79,12,1,3,4,2,1
2022-09-15 05:29:56,2022-09-15 05:53:26,0,100,1409,1,2022-09-15 05:53:26,R_3dDEV35AHJoLLhR,anonymous,ID,1,1,1,0,12500,0,25000,75000,5,1,1,2,10000,12500,20000,25000,1,1,3,1,20000,25000,20000,25000,2,4,4,2,2,1,3,20000,1,3,2,1,5,1,33,6,18,79,4,1,3,2,1,4
2022-09-15 06:13:00,2022-09-15 06:34:39,0,100,1298,1,2022-09-15 06:34:39,R_2bHmfSV2p2vbTAZ,anonymous,ID,1,1,2,18000,19900,25000,29900,50000,4,2,2,2,18000,19900,25500,29900,3,2,3,2,15500,19900,25500,28900,2,4,4,2,3,2,3,15000,3,3,3,4,3,4,26,7,16,79,12,1,2,4,3,1
2022-09-15 07:20:38,2022-09-15 07:32:47,0,100,729,1,2022-09-15 07:32:48,R_1myj8htnyqAVRfu,anonymous,ID,0.8999999761581421,1,1,0,20000,0,50000,100000,1,3,5,2,0,50000,20000,50000,1,1,3,1,20000,50000,20000,50000,2,5,3,1,2,1,3,20000,1,3,2,1,5,1,29,6,18,79,12,1,3,4,2,1
2022-09-15 07:35:23,2022-09-15 07:56:27,0,100,1263,1,2022-09-15 07:56:28,R_4MeQwaU4S2PcWqZ,anonymous,ID,0.8999999761581421,1,1,10000,11000,20000,21000,25000,2,1,5,2,10000,11000,10000,11000,1,1,2,2,20000,20000,20000,20000,2,1,1,1,2,1,3,15000,1,3,2,1,4,1,19,6,12,79,12,1,1,4,3,2
2022-09-15 08:01:14,2022-09-15 08:10:52,0,100,578,1,2022-09-15 08:10:54,R_2agDu9VmUEIpbzK,anonymous,ID,0.8999999761581421,1,1,20000,25000,30000,35000,50000,4,4,4,1,12000,15000,25000,30000,1,2,1,2,20000,30000,30000,40000,2,5,1,5,3,2,1,20000,4,4,3,4,5,1,26,1,16,79,12,1,3,1,4,2
2022-09-15 09:07:49,2022-09-15 09:38:13,0,100,1823,1,2022-09-15 09:38:14,R_32XZz3UdXFEx6tL,anonymous,ID,1,1,1,10000,12000,20000,25000,25000,5,1,1,1,10000,12000,20000,24000,1,2,1,2,10000,20000,20000,30000,1,1,5,5,1,2,1,10000,1,4,2,1,3,1,26,4,18,79,4,1,1,4,3,2
2022-09-15 11:18:10,2022-09-15 11:29:24,0,100,674,1,2022-09-15 11:29:25,R_2xJBdzBzxVm0xZU,anonymous,ID,0.8999999761581421,1,2,9000,12000,15000,25000,50000,5,2,1,1,9000,12000,15000,25000,1,2,3,1,15000,25000,15000,25000,2,5,3,5,2,2,3,10000,3,3,2,4,4,1,26,1,18,79,12,1,1,2,4,3
2022-09-15 13:23:55,2022-09-15 13:35:35,0,100,699,1,2022-09-15 13:35:35,R_2WGS5n4GPdJQRfe,anonymous,ID,0.8999999761581421,1,1,0,10000,0,20000,50000,5,1,5,2,10000,10000,20000,20000,1,1,2,2,15000,20000,20000,20000,2,1,5,5,2,1,2,20000,3,3,2,3,5,1,22,1,16,79,12,1,3,1,2,4
2022-09-15 14:36:59,2022-09-15 14:45:26,0,100,506,1,2022-09-15 14:45:26,R_2vZkocg8FqBmRro,anonymous,EN,0.8999999761581421,1,3,0,10000,0,20000,50000,4,3,2,2,10000,15000,20000,30000,1,1,3,2,20000,25000,20000,30000,2,4,3,2,3,1,3,20000,1,2,2,1,4,1,24,6,16,79,12,1,4,3,1,2
2022-09-15 17:35:47,2022-09-15 17:45:18,0,100,570,1,2022-09-15 17:45:18,R_3iOqAT5b7zAGVIl,anonymous,ID,0.8999999761581421,1,1,0,10000,0,20000,35000,5,2,4,1,10000,15000,20000,25000,1,2,3,2,20000,25000,20000,25000,1,1,4,2,2,2,3,15000,1,3,2,1,5,1,28,6,15,79,12,1,2,3,1,4
2022-09-16 05:04:44,2022-09-16 05:18:54,0,100,849,1,2022-09-16 05:18:54,R_3Oe0YkZ5lMu2rjl,anonymous,ID,0.8999999761581421,1,3,20000,25000,30000,35000,20000,1,5,1,2,20000,25000,30000,35000,3,1,1,2,20000,30000,30000,35000,2,1,5,1,1,1,1,10000,2,1,3,4,3,2,18,1,12,79,12,1,1,4,3,2
2022-09-16 05:04:11,2022-09-16 05:19:32,0,100,921,1,2022-09-16 05:19:33,R_OvSsgVrvdiQfqIF,anonymous,ID,0.8999999761581421,1,3,20.000,30.000,25.000,30.000,100.000,1,1,1,1,20.000,30.000,25.000,30.000,3,1,3,3,20.000,30.000,25.000,30.000,1,2,1,1,3,1,3,20.000,1,2,1,4,2,2,19,7,13,79,26,1,4,1,2,3
2022-09-16 05:03:40,2022-09-16 05:20:34,0,100,1013,1,2022-09-16 05:20:35,R_2E5WfmgzLJQ9WRb,anonymous,ID,0.8999999761581421,1,3,20.000,30.000,30.000,35.000,23.000,5,1,3,2,20.000,30.000,30.000,35.000,3,1,3,2,20.000,30.000,30.000,35.000,2,1,4,3,2,1,3,10.000,4,4,2,4,5,1,19,1,12,79,12,1,1,2,3,4
2022-09-16 05:05:32,2022-09-16 05:20:38,0,100,905,1,2022-09-16 05:20:38,R_3lYYBzcLil5pTtz,anonymous,ID,0.699999988079071,1,1,5.000,20.000,10.000,40.000,15.000,1,5,3,2,5.000,20.000,10.000,40.000,1,2,2,2,5.000,20.000,10.000,40.000,2,5,1,1,3,1,3,20.000,1,3,1,1,3,1,20,7,12,79,12,1,2,4,3,1
2022-09-16 05:05:37,2022-09-16 05:20:45,0,100,907,1,2022-09-16 05:20:45,R_paAMQDq5kZffVKx,anonymous,ID,0.8999999761581421,1,2,30000,35000,30000,50000,15000,1,2,3,1,25000,40000,30000,50000,2,2,3,2,20000,30000,25000,40000,1,1,1,2,2,2,3,50.000,1,1,1,4,3,2,19,1,12,79,12,1,4,2,3,1
2022-09-16 05:04:00,2022-09-16 05:20:48,0,100,1008,1,2022-09-16 05:20:49,R_23WX4F8MsuByoKH,anonymous,ID,0.8999999761581421,1,1,30.000,50.000,30.000,50.000,100.000,1,5,1,2,30.000,50.000,30.000,50.000,1,2,1,1,30.000,50.000,30.000,70.000,2,5,2,5,1,2,1,25.000,3,3,2,1,5,1,19,1,14,79,12,1,4,3,2,1
2022-09-16 05:06:15,2022-09-16 05:21:20,0,100,905,1,2022-09-16 05:21:21,R_2c1UYZpelCwF1D5,anonymous,ID,0.8999999761581421,1,3,30.000,30.000,30.000,30.000,300.000,1,1,1,2,30.000,30.000,30.000,30.000,3,2,1,3,30.000,30.000,30.000,30.000,1,1,1,1,3,1,1,300.000,2,3,1,1,5,2,20,1,12,79,12,1,3,2,1,4
2022-09-16 05:05:13,2022-09-16 05:22:06,0,100,1012,1,2022-09-16 05:22:06,R_2xVOoLEujplaI4N,anonymous,ID,0.699999988079071,1,3,20.000,30.000,25.000,30.000,100.000,5,1,5,2,20.000,30.000,25.000,30.000,3,1,3,3,20.000,30.000,25.000,30.000,2,1,5,1,3,1,3,100.000,3,4,1,2,2,2,19,7,13,79,12,1,2,1,3,4
2022-09-16 05:06:34,2022-09-16 05:22:48,0,100,974,1,2022-09-16 05:22:49,R_1XML0bhzBWMIL2F,anonymous,ID,0.8999999761581421,1,3,20.000,50.000,40.000,60.000,30.000,2,3,3,1,20.000,50.000,40.000,60.000,3,2,1,2,30.000,50.000,40.000,60.000,2,3,3,3,2,2,3,10.000,1,3,2,1,5,1,19,7,14,79,12,1,1,2,3,4
2022-09-16 05:12:21,2022-09-16 05:22:59,0,100,637,1,2022-09-16 05:23:00,R_3stexaYAfPuUhCT,anonymous,ID,0.8999999761581421,1,1,30000,50000,50000,65000,15000,3,2,3,2,30000,45000,50000,65000,1,1,1,2,30000,50000,50000,65000,2,3,2,3,2,1,1,15000,1,3,1,1,3,1,20,7,12,79,12,1,3,4,2,1
2022-09-16 05:15:53,2022-09-16 05:23:12,0,100,438,1,2022-09-16 05:23:12,R_32LAwjNL9iJ8tlG,anonymous,ID,1,1,1,15000,20000,25000,30000,25000,1,2,3,2,15000,20000,25000,30000,1,2,1,2,25000,30000,25000,35000,1,3,2,3,2,2,1,20000,1,3,1,4,3,1,19,7,12,79,12,1,4,1,2,3
2022-09-16 05:05:43,2022-09-16 05:24:17,0,100,1113,1,2022-09-16 05:24:17,R_3wQLQNoJBmYYBNL,anonymous,ID,0.8999999761581421,1,3,0,20.0000,0,40.0000,50.000,1,1,3,2,0,20.000,0,40.000,3,2,3,3,10.000,40.000,20.0000,50.000,2,3,2,1,3,2,1,10.0000,1,3,3,4,3,1,19,7,12,79,12,1,4,2,3,1
2022-09-16 05:07:08,2022-09-16 05:24:20,0,100,1032,1,2022-09-16 05:24:21,R_2YfzK5nE0Y2axfJ,anonymous,ID,0.8999999761581421,1,1,10000,15000,20000,25000,30000,1,5,3,2,10000,20000,20000,30000,1,2,2,2,20000,20000,20000,20000,2,4,3,4,1,2,2,20000,2,2,1,3,3,2,19,7,13,79,12,1,2,4,1,3
2022-09-16 05:06:54,2022-09-16 05:24:28,0,100,1053,1,2022-09-16 05:24:28,R_25XjQd6eVvLKOhm,anonymous,ID,0.8999999761581421,1,1,10.000,20.000,10.000,20.000,10.000,2,2,1,1,10.000,20.000,10.000,20.000,1,2,3,2,10.000,25.000,10.000,25.000,2,3,1,1,2,1,3,10.000,4,4,3,4,4,2,19,7,12,79,12,1,2,4,3,1
2022-09-16 05:10:54,2022-09-16 05:24:50,0,100,835,1,2022-09-16 05:24:50,R_XX2DOO08luIB05P,anonymous,ID,0.8999999761581421,1,3,15.000,20.000,25.000,30.000,50.000,4,2,4,1,15.000,20.000,25.000,30.000,3,1,2,3,15.000,20.000,25.000,30.000,1,3,4,3,1,1,2,10.000,4,4,3,4,3,2,18,1,13,79,12,1,2,4,3,1
2022-09-16 05:06:24,2022-09-16 05:25:07,0,100,1122,1,2022-09-16 05:25:07,R_OwpiqMqf1OjOskp,anonymous,ID,0.8999999761581421,1,2,10.000,10.000,20.000,20.000,100.000,5,1,5,2,15.000,20.000,20.000,25.000,2,1,3,2,10.000,20.000,20.000,25.000,2,1,5,1,2,1,3,10.000,1,3,1,1,4,2,19,7,12,79,12,1,4,2,3,1
2022-09-16 05:08:40,2022-09-16 05:25:19,0,100,998,1,2022-09-16 05:25:19,R_4V1IZVhoe9BG4cF,anonymous,ID,0.8999999761581421,1,3,10000,20000,20000,30000,15000,5,1,2,1,10000,20000,20000,40000,3,2,3,3,10000,20000,20000,40000,2,1,5,3,3,2,3,15000,1,1,3,4,3,1,20,7,12,79,12,1,2,4,1,3
2022-09-16 05:06:08,2022-09-16 05:25:22,0,100,1153,1,2022-09-16 05:25:23,R_27qcUDVC3lokyNQ,anonymous,ID,0.8999999761581421,1,3,15.000,50.000,25.000,70.000,100.000,5,3,1,2,10.000,20.000,20.000,40.000,1,2,1,2,15.000,50.000,25.000,70.000,2,1,4,1,1,2,1,20.000,3,3,2,1,5,1,20,7,13,79,12,1,1,3,4,2
2022-09-16 05:06:14,2022-09-16 05:25:25,0,100,1151,1,2022-09-16 05:25:25,R_31H1dGaLZxIRxTS,anonymous,ID,0.4000000059604645,1,1,15.000,30.000,35.000,50.000,100.000,5,4,5,1,25.000,50.000,30.000,50.000,1,2,3,2,25.000,50.000,30.000,50.000,1,1,4,2,1,2,3,30.000,3,2,1,2,3,2,20,7,12,79,12,1,1,2,3,4
2022-09-16 05:09:05,2022-09-16 05:25:26,0,100,981,1,2022-09-16 05:25:27,R_3hAybZmgQLk77te,anonymous,ID,0.8999999761581421,1,3,20.000,25.000,30.000,35.000,25.000,4,3,2,1,30.000,35.000,30.000,35.000,3,2,3,2,30.000,35.000,30.000,35.000,2,3,3,4,2,2,3,10.000,3,3,2,1,5,1,19,7,13,79,12,1,1,3,2,4
2022-09-16 05:09:26,2022-09-16 05:25:40,0,100,973,1,2022-09-16 05:25:40,R_szJr2yqmWTrjXR7,anonymous,ID,0.8999999761581421,1,3,10000,30000,20000,40000,100000,3,2,2,2,10000,30000,20000,40000,3,2,2,2,20000,40000,20000,40000,2,2,4,2,3,2,2,20000,1,3,3,4,4,2,19,1,12,79,12,1,1,4,2,3
2022-09-16 05:10:43,2022-09-16 05:25:42,0,100,898,1,2022-09-16 05:25:42,R_1MSUNkRtvnb8mFW,anonymous,ID,0.8999999761581421,1,1,20000,30000,20000,30000,10000,1,3,1,2,20000,30000,20000,30000,1,1,1,2,20000,30000,20000,30000,2,5,4,3,2,1,2,10000,1,3,3,2,3,1,19,7,13,79,12,1,4,2,1,3
2022-09-16 05:07:29,2022-09-16 05:25:54,0,100,1105,1,2022-09-16 05:25:55,R_1hDYGi7sjRZPewx,anonymous,ID,0.8999999761581421,1,1,10000,15000,20000,25000,30000,5,1,2,1,10000,15000,20000,25000,1,2,3,2,10000,15000,20000,25000,1,3,3,3,2,2,3,10000,2,4,2,1,4,2,19,7,12,79,12,1,2,3,4,1
2022-09-16 05:08:06,2022-09-16 05:26:16,0,100,1090,1,2022-09-16 05:26:17,R_3gLZqPxyBOrFlC5,anonymous,ID,0.8999999761581421,1,3,8.000,15.000,18.000,25.000,10.000,2,2,3,1,8.000,15.000,18.000,25.000,3,1,2,3,10.000,20.000,10.000,25.000,1,2,4,1,3,2,2,20.000,1,4,3,4,4,1,19,7,10,79,12,1,4,3,1,2
2022-09-16 05:06:49,2022-09-16 05:26:51,0,100,1201,1,2022-09-16 05:26:51,R_2VxYzCHIaDFEsWT,anonymous,ID,0.4000000059604645,1,1,10000,10000,10000,10000,10000,4,2,3,1,10000,10000,10000,10000,1,1,3,2,10000,10000,10000,10000,1,4,3,3,2,1,3,10.000,2,4,3,1,4,2,20,7,13,79,12,1,3,4,2,1
2022-09-16 05:06:25,2022-09-16 05:27:17,0,100,1251,1,2022-09-16 05:27:17,R_1qfcFkoyx9Tghj7,anonymous,ID,0.8999999761581421,1,1,12000,15000,22000,25000,40000,4,2,4,1,12000,15000,22000,25000,1,2,3,2,12000,15000,22000,25000,1,3,3,3,2,2,3,10000,2,4,3,4,3,2,19,7,12,79,12,1,4,1,3,2
2022-09-16 05:06:47,2022-09-16 05:27:17,0,100,1230,1,2022-09-16 05:27:18,R_VOxKlcqDmplAtcl,anonymous,ID,0.8999999761581421,1,1,10000,12000,20000,22000,7000,3,3,3,1,10000,12000,20000,22000,1,1,1,2,10000,12000,20000,22000,1,3,3,3,2,1,1,7000,2,4,3,4,3,2,19,7,12,79,12,1,3,4,2,1
2022-09-16 05:08:24,2022-09-16 05:27:24,0,100,1139,1,2022-09-16 05:27:24,R_W235z260YLX6gHT,anonymous,ID,0.8999999761581421,1,2,15.000,20.000,22.000,25.000,7.000,3,3,3,2,20.000,25.000,22.000,25.000,3,2,2,2,15.000,20.000,20.000,25.000,2,3,3,3,2,2,2,10.000,2,4,3,4,3,2,17,7,12,79,12,1,4,1,2,3
2022-09-16 05:05:38,2022-09-16 05:27:48,0,100,1329,1,2022-09-16 05:27:48,R_1eJpKt8GKjd0K7f,anonymous,ID,0.8999999761581421,1,2,0,10000,0,20000,25000,5,1,1,1,10000,10000,20000,20000,1,2,3,1,20000,20000,20000,20000,1,1,5,4,2,2,3,15000,1,3,2,4,5,2,18,7,12,79,12,1,4,2,3,1
2022-09-16 05:07:28,2022-09-16 05:28:03,0,100,1234,1,2022-09-16 05:28:04,R_ONDFeOD4GWxhqhP,anonymous,ID,0.8999999761581421,1,2,10.000,20.000,20.000,30.000,30.000,3,2,2,2,40.000,50.000,60.000,70.000,2,1,1,2,30.000,40.000,40.000,50.000,2,3,2,3,1,2,1,10.000,1,3,2,4,3,2,20,7,12,79,12,1,1,3,2,4
2022-09-16 05:07:37,2022-09-16 05:28:43,0,100,1265,1,2022-09-16 05:28:43,R_2OPkwuDKeenxasE,anonymous,ID,1,1,2,10.000,30.000,20.000,50.000,45.000,3,2,5,1,10.000,30.0000,20.000,50.000,1,2,1,2,20.000,40.000,20.000,50.000,2,2,4,3,2,2,3,8000,1,3,2,4,3,2,21,7,12,79,12,1,3,2,4,1
2022-09-16 05:09:35,2022-09-16 05:28:59,0,100,1163,1,2022-09-16 05:28:59,R_1EZfaPN0jgpS7QB,anonymous,ID,0.8999999761581421,1,1,15.000,20.000,23.000,25.000,200.000,3,3,4,1,15.000,20.000,23.000,25.000,1,1,3,2,15.000,20.000,25.000,30.000,1,4,2,3,2,1,3,20.000,2,4,2,4,3,2,19,1,12,79,12,1,1,2,3,4
2022-09-16 05:05:45,2022-09-16 05:30:43,0,100,1497,1,2022-09-16 05:30:43,R_2Ei735P9mMfLPEX,anonymous,ID,0.699999988079071,1,3,30.000,50.000,50.000,80.000,100.000,2,1,1,2,30.000,50.000,50.000,80.000,3,2,3,2,30.000,50.000,50.000,80.000,1,1,2,2,2,2,1,15.000,3,3,3,2,3,2,19,7,12,79,12,1,2,1,3,4
2022-09-16 05:08:33,2022-09-16 05:30:49,0,100,1336,1,2022-09-16 05:30:50,R_xhjaSaqRqPSTnfX,anonymous,ID,0.8999999761581421,1,3,15.000,20.000,25.000,30.000,15.000,4,2,3,1,15.000,20.000,25.000,30.000,2,2,3,2,15.000,20.000,25.000,30.000,1,3,2,3,3,2,3,15.000,1,3,3,4,5,1,18,7,10,79,12,1,1,4,3,2
2022-09-16 05:08:56,2022-09-16 05:30:54,0,100,1317,1,2022-09-16 05:30:54,R_1dvk6luesFV9E0k,anonymous,ID,0.8999999761581421,1,3,10000,15000,20000,25000,50000,3,1,1,2,10000,15000,20000,25000,1,1,2,2,20000,25000,30000,35000,2,1,5,2,3,1,2,10000,3,3,2,1,3,1,19,1,13,79,12,1,2,1,3,4
2022-09-16 05:09:24,2022-09-16 05:30:56,0,100,1292,1,2022-09-16 05:30:56,R_3ltPACp93IQKAL8,anonymous,ID,0.8999999761581421,1,1,10.000,20.000,20.000,40.000,20.000,5,1,1,2,10.000,20.000,20.000,40.000,1,2,1,2,10.000,20.000,20.000,40.000,2,1,4,2,2,2,1,10.000,1,2,1,1,3,1,20,7,12,79,26,1,1,3,2,4
2022-09-16 05:08:48,2022-09-16 05:31:10,0,100,1342,1,2022-09-16 05:31:11,R_6zGhpc9Z7FwRGXn,anonymous,ID,0.8999999761581421,1,1,20.000,40.000,35.000,52.000,70.000,1,2,3,2,20.000,40.000,40.000,52.000,1,2,2,2,20.000,40.000,40.000,52.000,2,2,2,2,2,2,2,10.000,1,1,3,2,3,2,20,7,12,79,12,1,1,2,3,4
2022-09-16 05:05:38,2022-09-16 05:31:11,0,100,1532,1,2022-09-16 05:31:11,R_2Ce7Xt7qc9BOtmO,anonymous,ID,0.8999999761581421,1,1,15.000,20.000,25.000,40.000,40.000,2,4,2,2,10.000,15.000,15.000,25.000,3,1,1,2,25.000,30.000,30.000,35.000,2,3,4,2,3,2,1,20.000,3,4,1,2,3,2,20,7,12,79,12,1,1,4,2,3
2022-09-16 05:06:24,2022-09-16 05:31:17,0,100,1493,1,2022-09-16 05:31:18,R_1H5bpoN7ti8iiJt,anonymous,ID,1,1,1,30000,50000,30000,60000,5000,4,2,1,2,30000,50000,30000,60000,3,2,3,2,30000,50000,30000,60000,2,4,2,1,2,2,3,5000,1,3,2,1,5,1,20,7,12,79,12,1,4,3,1,2
2022-09-16 05:13:53,2022-09-16 05:31:34,0,100,1060,1,2022-09-16 05:31:34,R_UEeEOCpeTXC0Dtv,anonymous,ID,1,1,1,10000,20000,10000,20000,5000,3,1,5,2,10000,20000,20000,30000,3,2,3,2,10000,20000,20000,30000,2,3,5,1,2,2,3,5000,1,3,2,1,5,1,19,7,12,79,12,1,2,1,4,3
2022-09-16 05:05:02,2022-09-16 05:35:30,0,100,1827,1,2022-09-16 05:35:30,R_1C7s7ZZnMjc8DNK,anonymous,ID,0.8999999761581421,1,3,15000,30000,25000,40000,75000,4,5,1,2,20000,40000,25000,50000,3,2,3,3,30000,40000,30000,50000,2,3,4,5,3,2,3,30000,4,4,3,4,4,2,18,1,13,79,12,1,4,3,2,1
2022-09-16 05:09:25,2022-09-16 05:35:44,0,100,1579,1,2022-09-16 05:35:45,R_3QPDOYjO4ItKCxJ,anonymous,ID,0.8999999761581421,1,3,10000,15000,20000,25000,10000,4,1,4,2,5000,15000,20000,25000,2,2,1,1,20000,30000,20000,30000,2,4,2,3,3,2,1,10.000,1,3,1,1,3,1,19,1,13.5,79,12,1,3,2,4,1
2022-09-16 05:05:44,2022-09-16 05:35:51,0,100,1806,1,2022-09-16 05:35:52,R_0kB7ou8IOVUr4Pf,anonymous,ID,0.10000000149011612,1,1,20.000,25.000,30.000,35.000,50.000,2,4,1,2,15.000,20.000,25.000,30.000,1,2,3,2,25.000,30.000,30.000,35.000,2,2,4,1,2,2,3,25.000,3,3,2,1,3,2,18,1,13,79,12,1,3,1,2,4
2022-09-16 05:17:59,2022-09-16 05:49:48,0,100,1909,1,2022-09-16 05:49:48,R_3etukJzd4NZ9mMt,anonymous,ID,0.8999999761581421,1,1,10.000,15.000,20.000,25.000,20.000,1,1,1,2,50.000,80.000,70.000,100.000,3,2,3,2,40.000,50.000,50.000,70.000,2,1,5,5,2,2,3,20.000,4,4,3,4,3,2,19,7,12,79,26,1,3,1,2,4
2022-09-16 19:57:09,2022-09-16 20:21:29,0,100,1459,1,2022-09-16 20:21:29,R_306KYXODSU5NIeW,anonymous,ID,0.699999988079071,1,1,10000,10000,20000,20000,28000,2,5,4,2,10000,10000,20000,20000,2,1,2,2,10000,10000,20000,20000,2,4,4,4,2,1,2,28000,1,4,1,2,4,1,29,2,17,79,12,1,2,4,3,1
2022-09-17 05:03:30,2022-09-17 05:15:15,0,100,704,1,2022-09-17 05:15:15,R_3vLFOh3FL4esPF7,anonymous,ID,1,1,2,10000,100000,20000,200000,20000,5,1,3,1,10000,100000,20000,200000,1,2,2,2,20000,100000,20000,100000,1,1,5,1,2,1,2,10000,3,4,3,4,4,2,37,5,17,79,12,1,3,4,2,1
2022-09-17 06:39:19,2022-09-17 06:58:17,0,100,1138,1,2022-09-17 06:58:18,R_1MTmwSJjBNy5qfW,anonymous,ID,1,1,2,10000,10000,20.000,20.000,20000,5,1,2,2,10.000,10.000,20.000,20.000,1,2,3,2,20000,20000,20000,20000,2,1,4,1,2,2,3,10000,4,4,3,4,5,2,25,1,17,79,12,1,3,4,2,1
2022-09-17 09:36:53,2022-09-17 09:52:22,0,100,929,1,2022-09-17 09:52:23,R_1od3mKD4XZu7MBR,anonymous,ID,0.8999999761581421,1,1,10000,10000,10000,10000,150000,2,2,5,2,10000,10000,20000,20000,1,1,3,2,20000,20000,20000,20000,2,5,5,1,2,1,1,50000,1,3,1,4,3,2,40,7,16,79,12,1,3,4,2,1
2022-09-12 09:12:20,2022-09-12 09:20:54,0,53,513,0,2022-09-19 09:20:54,R_pi7z5xd7fpPPRRv,anonymous,ID,0.8999999761581421,1,3,10000,20000,20000,30000,40000,2,4,2,2,10000,20000,20000,30000,3,1,2,3,,,,,,,,,3,1,2,20000,,,,,,,,,,,,,1,2,4,3
2022-09-19 11:33:07,2022-09-19 11:50:06,0,100,1019,1,2022-09-19 11:50:08,R_1gG5uPlCm6QhmSp,anonymous,ID,1,1,1,12000,20000,25000,40000,50000,2,3,4,2,15000,30000,25000,75000,2,1,2,2,25000,40000,25000,45000,2,1,3,4,2,1,1,20000,1,3,2,4,5,1,22,3,16,86,12,1,1,2,3,4
2022-09-12 11:54:32,2022-09-12 11:55:32,0,8,60,0,2022-09-19 11:55:36,R_3Leqk3W3eGmQrDz,anonymous,EN,0.8999999761581421,1,,,,,,,,,,,,,,,,,,,,,,,,,,,,,,,,,,,,,,,,,,,4,1,2,3
2022-09-19 12:21:30,2022-09-19 12:30:22,0,100,531,1,2022-09-19 12:30:22,R_22Y6Ck3lKWxYwcp,anonymous,ID,1,1,2,0,0,0,0,500000,4,4,4,2,10000,10000,20000,20000,3,2,1,2,20000,20000,20000,20000,2,5,4,4,2,1,1,10000,3,3,3,4,3,1,22,7,15,86,12,1,4,1,3,2
2022-09-12 12:15:12,2022-09-12 12:16:35,0,11,82,0,2022-09-19 12:51:41,R_1CmEjwYonrPdexA,anonymous,ID,0.8999999761581421,1,,,,,,,,,,,,,,,,,,2,,,,,,,,,,,,,,,,,,,,,,,,,4,2,1,3
2022-09-12 12:14:44,2022-09-12 13:55:21,0,22,6037,0,2022-09-19 13:55:27,R_0DvAhFrqsNqQcXD,anonymous,ID,1,1,1,10000,20000,20000,35000,20000,1,1,1,,,,,,,,,,,,,,,,,,,,,,,,,,,,,,,,,,1,2,4,3
2022-09-19 11:18:46,2022-09-19 14:16:05,0,100,10638,1,2022-09-19 14:16:05,R_10OXEfPCEvUBzlS,anonymous,EN,1,1,1,0,0,0,0,75000,1,5,1,2,0,0,0,0,1,1,2,1,10000,50000,50000,75000,2,2,4,1,2,1,2,20000,1,3,3,4,4,2,23,4,16,86,12,1,4,3,1,2
2022-09-19 13:54:01,2022-09-19 14:18:36,0,100,1475,1,2022-09-19 14:18:37,R_DipTgvosCNb3AFb,anonymous,EN,1,1,1,10.000,20.000,10.000,10.000,50.000,3,2,2,1,10.000,20.000,20.000,20.000,1,1,2,2,20.000,40.000,20.000,30.000,1,4,3,2,3,2,3,15000,1,3,2,1,4,2,18,1,12,86,12,1,3,4,2,1
2022-09-12 14:17:25,2022-09-12 14:18:40,0,3,75,0,2022-09-19 14:18:47,R_s5NaiAyUGuNQgBr,anonymous,ID,1,1,,,,,,,,,,,,,,,,,,,,,,,,,,,,,,,,,,,,,,,,,,,,,,
2022-09-12 14:26:19,2022-09-12 14:26:38,0,6,18,0,2022-09-19 14:26:42,R_1fkMR0uQWCWypiM,anonymous,ID,0.800000011920929,1,,,,,,,,,,,,,,,,,,,,,,,,,,,,,,,,,,,,,,,,,,,,,,
2022-09-12 15:35:01,2022-09-12 15:38:14,0,14,193,0,2022-09-19 15:38:15,R_1eraYSvnwvOseDg,anonymous,ID,0.8999999761581421,1,,,,,,,,,,,,,,,,,,,,,,,,,,,3,1,,,,,,,,,,,,,,,3,2,4,1
2022-09-12 15:59:05,2022-09-12 16:03:53,0,61,288,0,2022-09-19 16:03:56,R_3stqRS6QWatdKMe,anonymous,ID,1,1,1,50000,50000,21000,21000,10000,1,1,1,,11000,11000,21000,21000,1,1,1,1,55000,60000,20500,21000,1,5,1,1,1,1,2,21000,,,,,,,,,,,,,4,2,1,3
2022-09-12 15:06:51,2022-09-13 01:47:44,0,17,38453,0,2022-09-20 01:47:52,R_2399g2G1vKKdMRS,anonymous,ID,1,1,,,,,,,,,,,,,,,,,,,,,,,,,,,2,2,2,,,,,,,,,,,,,,3,4,2,1
2022-09-12 13:04:36,2022-09-13 03:15:10,0,3,51033,0,2022-09-20 03:15:14,R_1OCrUa5ljGhCmgE,anonymous,ID,0.8999999761581421,1,,,,,,,,,,,,,,,,,,,,,,,,,,,,,,,,,,,,,,,,,,,,,,
2022-09-13 03:23:21,2022-09-13 03:25:20,0,8,119,0,2022-09-20 03:25:24,R_1diQ4l2WgVTVvoW,anonymous,ID,0.8999999761581421,1,,,,,,,,,,,,,,,,,,,,,,,,,,,,,,,,,,,,,,,,,,,1,2,3,4
2022-09-13 04:22:06,2022-09-13 04:59:50,0,67,2263,0,2022-09-20 04:59:50,R_Q4Exk9gplGYk9Mt,anonymous,ID,0.8999999761581421,1,1,0,10.000,0,20.000,100.000,3,3,3,1,10000,10000,10000,10000,3,2,2,3,10000,10000,10000,10000,1,3,3,3,3,2,2,50000,,,,,,,,,,,,,1,3,4,2
2022-09-13 05:02:05,2022-09-13 05:02:52,0,8,46,0,2022-09-20 05:02:56,R_Ugyq8twy2h6ia0F,anonymous,ID,0.8999999761581421,1,,,,,,,,,,,,,,,,,,,,,,,,,,,,,,,,,,,,,,,,,,,2,4,3,1
2022-09-12 16:03:46,2022-09-13 05:05:09,0,81,46883,0,2022-09-20 05:05:16,R_sGR8xU5u81jElyx,anonymous,ID,1,1,2,12.000,15.000,24.000,45.000,35.000,3,3,3,1,12.000,25.000,24.000,45.000,1,2,2,2,25.000,40.000,25.000,40.000,2,3,3,3,3,2,2,25.000,1,3,1,1,4,,,,,,,,3,1,4,2
2022-09-13 04:55:41,2022-09-13 05:10:00,0,67,858,0,2022-09-20 05:10:03,R_1OJCXlmo9iqhIxL,anonymous,ID,1,1,1,10000,15000,20000,25000,30000,2,4,4,1,10000,15000,20000,25000,1,1,3,2,20000,25000,20000,30000,1,2,3,2,2,1,3,30000,,,,,,,,,,,,,1,4,3,2
2022-09-13 07:54:20,2022-09-13 08:00:22,0,25,362,0,2022-09-20 08:00:23,R_290KoxFlglb3TOG,anonymous,ID,0.8999999761581421,1,,,,,,,,,,,,,,,,,,3,10000,20000,20000,30000,2,3,4,1,2,,,,,,,,,,,,,,,,4,3,1,2
2022-09-20 09:45:29,2022-09-20 09:54:11,0,100,521,1,2022-09-20 09:54:11,R_1rkc3VM1lw5y2ZD,anonymous,ID,1,1,1,10000,15000,20000,25000,25000,3,3,3,1,10000,15000,10000,15000,2,1,1,2,25000,25000,20000,25000,2,3,3,3,2,1,1,10000,1,1,1,1,3,2,34,1,15,79,12,1,4,3,1,2
2022-09-13 09:48:46,2022-09-13 09:57:53,0,58,547,0,2022-09-20 09:57:57,R_2UVBN7OHTF1EcEt,anonymous,ID,1,1,1,35.000,50.000,30.000,50.000,35.000,1,5,5,1,35.000,45.000,30.00,45.000,3,,,2,35.000,50.000,30.000,45.000,1,5,1,1,3,2,1,20.000,,,,,,,,,,,,,1,4,2,3
2022-09-13 02:15:30,2022-09-13 10:41:48,0,11,30377,0,2022-09-20 10:41:53,R_1n3FvYUGq8draBt,anonymous,ID,1,1,2,,,,,,,,,,,,,,,,,,,,,,,,,,,,,,,,,,,,,,,,,,1,4,2,3
2022-09-20 10:24:30,2022-09-20 10:44:38,0,100,1208,1,2022-09-20 10:44:39,R_2tu4KfJpZ9vN23Y,anonymous,ID,1,1,1,0,10000,0,20000,100000,5,1,1,2,10000,15000,20000,25000,1,2,2,2,20000,20000,20000,20000,2,1,5,5,2,2,2,25000,1,3,2,2,4,1,54,6,16,79,12,1,2,1,3,4
2022-09-20 10:46:16,2022-09-20 10:59:18,0,100,781,1,2022-09-20 10:59:18,R_1ozibJ8lmPZW7T8,anonymous,EN,1,1,1,10000,10000,20000,20000,65000,1,3,3,1,10000,15000,22000,26000,1,2,2,2,10000,15000,22000,26000,2,1,3,3,1,1,1,15.000,1,4,3,4,4,4,25,4,16,9,12,1,3,2,4,1
2022-09-13 11:26:55,2022-09-13 11:28:16,0,14,80,0,2022-09-20 11:46:10,R_12sESJg0AGhOo76,anonymous,ID,0.8999999761581421,1,,,,,,,,,,,,,,,,,,,,,,,,,,,2,2,,,,,,,,,,,,,,,2,4,3,1
2022-09-20 12:24:40,2022-09-20 12:47:49,0,100,1388,1,2022-09-20 12:47:49,R_1QoVMUnxFQkz015,anonymous,ID,0.8999999761581421,1,2,10000,10000,20000,20000,100000,5,5,1,1,25000,25000,25000,25000,2,1,1,2,10000,10000,20000,20000,2,1,1,1,1,1,1,100000,3,4,3,4,3,1,49,7,18,79,12,1,3,1,4,2
2022-09-13 12:46:51,2022-09-13 12:48:25,0,8,93,0,2022-09-20 12:50:12,R_aauDFk3FfmA5grv,anonymous,ID,0.8999999761581421,1,,,,,,,,,,,,,,,,,,,,,,,,,,,,,,,,,,,,,,,,,,,3,4,2,1
2022-09-20 12:36:59,2022-09-20 12:54:32,0,100,1052,1,2022-09-20 12:54:34,R_1dMQatLPW4QDYHI,anonymous,ID,,1,1,15000,20000,17000,22000,50000,4,4,4,1,15000,20000,17000,22000,1,1,1,2,20000,25000,20000,25000,1,2,4,2,1,1,1,20000,1,3,2,4,5,2,29,6,21,79,12,1,1,4,2,3
2022-09-13 12:51:39,2022-09-13 12:55:31,0,11,232,0,2022-09-20 13:11:19,R_8iVr9zwlCHnVpV7,anonymous,ID,0.8999999761581421,1,1,,,,,,,,,,,,,,,,,,,,,,,,,,,,,,,,,,,,,,,,,,1,2,3,4
2022-09-13 13:00:16,2022-09-13 13:12:27,0,53,730,0,2022-09-20 13:12:27,R_2sXbRuywj1ND5V7,anonymous,EN,0.8999999761581421,1,1,0,8000,0,17000,20000,1,3,3,2,0,8000,0,18000,1,2,3,2,,,,,,,,,1,2,3,10000,,,,,,,,,,,,,2,3,4,1
2022-09-13 13:05:59,2022-09-13 13:16:57,0,53,658,0,2022-09-20 13:26:56,R_3EXQPgIhyXt1gKF,anonymous,ID,1,1,1,10000,15000,20000,30000,25000,4,4,3,2,10000,15000,20000,30000,1,1,2,2,,,,,,,,,2,1,2,10000,,,,,,,,,,,,,1,3,4,2
2022-09-20 12:33:14,2022-09-20 14:06:29,0,100,5595,1,2022-09-20 14:06:30,R_2mg4iEma7Nqdmyl,anonymous,EN,0.8999999761581421,1,3,5000,10000,10000,12000,50000,1,5,5,2,10000,12000,10000,15000,3,2,3,2,10000,12000,10000,15000,2,5,3,1,2,2,1,20000,1,4,3,4,3,2,23,1,16,79,12,1,4,1,3,2
2022-09-20 15:32:43,2022-09-20 16:08:34,0,100,2150,1,2022-09-20 16:08:34,R_DeCYPAFzIuvaw2B,anonymous,ID,1,1,1,0,0,0,0,100000,2,2,3,2,10000,10000,20000,20000,1,2,1,2,10000,10000,20000,20000,2,4,2,4,2,2,1,50000,1,3,2,1,4,2,31,1,19,79,12,1,2,1,3,4
2022-09-20 15:02:45,2022-09-20 16:11:36,0,100,4131,1,2022-09-20 16:11:37,R_XY4yiYFtNxCn6O5,anonymous,EN,1,1,1,0,10000,0,20000,10000,4,5,4,1,0,10000,0,20000,1,1,3,1,0,10000,0,10000,1,1,1,2,2,1,1,10000,4,1,3,3,2,1,32,5,15,7,7,1,2,1,4,3
2022-09-13 16:37:24,2022-09-13 16:38:35,0,6,70,0,2022-09-20 16:38:43,R_1ohkQHkUYVnFphF,anonymous,ID,1,1,,,,,,,,,,,,,,,,,,,,,,,,,,,,,,,,,,,,,,,,,,,,,,
2022-09-20 16:27:20,2022-09-20 16:41:00,0,100,819,1,2022-09-20 16:41:00,R_3Pzt1IKOWsVYs3I,anonymous,ID,1,1,1,0,10000,0,20000,50000,4,2,2,1,0,10000,0,20000,1,1,1,2,20000,20000,20000,20000,1,4,3,4,1,1,1,10000,1,4,3,4,3,2,23,1,16,79,12,1,1,2,4,3
2022-09-20 16:09:49,2022-09-21 00:54:55,0,100,31506,1,2022-09-21 00:54:57,R_2f0T3M6t0b8MXCN,anonymous,ID,1,1,1,0,10000,0,20000,100000,5,1,5,2,10000,20000,20000,40000,1,2,1,2,20000,40000,20000,40000,2,5,5,5,2,2,1,20000,1,3,2,2,3,1,44,4,19,79,12,1,3,4,1,2
2022-09-12 13:54:30,2022-09-14 01:52:32,0,36,129481,0,2022-09-21 01:52:36,R_yrWj506FSYuDahj,anonymous,ID,0.8999999761581421,1,1,10000,10000,20000,20000,10000,4,2,2,2,,,,,,,,,,,,,,,,,2,2,1,10000,,,,,,,,,,,,,2,3,4,1
2022-09-14 01:53:42,2022-09-14 02:04:17,0,3,635,0,2022-09-21 02:04:24,R_3QFRb7H47rbE8Ij,anonymous,ID,1,1,,,,,,,,,,,,,,,,,,,,,,,,,,,,,,,,,,,,,,,,,,,,,,
2022-09-21 01:41:33,2022-09-21 03:02:12,0,100,4838,1,2022-09-21 03:02:12,R_5mCNl1O4N0jOvWp,anonymous,EN,1,1,3,0,0,0,0,50000,1,3,1,2,0,0,0,0,3,1,2,3,0,0,0,0,2,3,5,5,3,2,1,20000,4,3,3,4,4,2,45,6,15,79,12,1,4,1,3,2
2022-09-14 03:43:18,2022-09-14 03:44:06,0,8,48,0,2022-09-21 03:44:08,R_3EgMZqAaulXT1TX,anonymous,ID,0.8999999761581421,1,,,,,,,,,,,,,,,,,,,,,,,,,,,,,,,,,,,,,,,,,,,2,1,3,4
2022-09-21 04:05:38,2022-09-21 04:18:00,0,100,742,1,2022-09-21 04:18:01,R_3Rq4fbBFoKwiAhE,anonymous,ID,0.8999999761581421,1,1,10000,12000,20000,24000,30000,5,4,5,1,10000,12000,20000,24000,2,1,3,2,20000,30000,20000,30000,2,1,4,1,2,1,1,20000,1,4,2,4,3,2,26,1,17,79,12,1,2,4,3,1
2022-09-14 04:59:03,2022-09-14 05:00:12,0,11,69,0,2022-09-21 05:00:16,R_1hT3DG5pPGM1DxW,anonymous,ID,0.8999999761581421,1,3,,,,,,,,,,,,,,,,,,,,,,,,,,,,,,,,,,,,,,,,,,1,4,3,2
2022-09-14 05:36:24,2022-09-14 05:42:52,0,67,388,0,2022-09-21 05:43:00,R_VXq6unwHTMHDq9P,anonymous,ID,1,1,1,0,0,0,0,200000,2,4,4,2,0,10000,0,20000,1,1,2,2,0,20000,0,20000,2,2,4,4,2,1,2,20000,,,,,,,,,,,,,2,3,4,1
2022-09-21 07:16:01,2022-09-21 08:42:12,0,100,5171,1,2022-09-21 08:42:13,R_0MoOTSx821xy0cV,anonymous,EN,0.8999999761581421,1,1,0,20000,0,40000,75000,5,3,1,2,0,20000,0,40000,1,1,3,1,20000,40000,20000,40000,2,5,3,1,2,1,3,75000,1,3,1,2,5,1,59,6,17,79,12,1,1,2,4,3
2022-09-14 08:55:38,2022-09-14 09:02:04,0,50,385,0,2022-09-21 09:02:05,R_3JvWFZMGGrh6D0n,anonymous,ID,1,1,1,10000,20000,20000,30000,25000,3,4,2,1,,,,,,,,2,10000,20000,20000,30000,1,1,4,4,2,2,2,15000,,,,,,,,,,,,,3,4,2,1
2022-09-21 07:15:02,2022-09-21 10:20:35,0,100,11133,1,2022-09-21 10:20:37,R_1Cj4flw6GwJwJ5T,anonymous,ID,0.8999999761581421,1,1,0,10000,0,20000,20000,5,5,5,2,0,10000,0,20000,1,1,2,2,0,20000,0,20000,2,5,5,5,2,1,2,20000,1,3,2,1,5,1,41,6,20,79,12,1,4,1,3,2
2022-09-14 10:40:36,2022-09-14 10:41:54,0,11,77,0,2022-09-21 10:41:56,R_2TRSJbAQQBdWVLd,anonymous,ID,0.4000000059604645,1,,,,,,,,,,,,,,,,,,2,,,,,,,,,,,,,,,,,,,,,,,,,4,2,1,3
2022-09-21 10:34:45,2022-09-21 10:46:53,0,100,727,1,2022-09-21 10:46:53,R_bqq6R11tE2tMebf,anonymous,ID,0.8999999761581421,1,1,10000,12000,20000,22000,50000,4,3,2,1,12000,15000,22000,30000,1,1,2,2,10000,10000,20000,20000,2,4,4,1,2,1,3,15000,1,3,2,2,4,1,27,1,16,84,12,1,4,1,2,3
2022-09-21 11:51:15,2022-09-21 12:09:51,0,100,1116,1,2022-09-21 12:09:51,R_3NVzIJGzF98Aj1F,anonymous,ID,1,1,2,0,10000,0,20000,60000,1,5,1,2,10000,20000,20000,30000,3,1,2,2,10000,20000,20000,30000,2,5,1,5,2,1,2,20000,1,4,2,4,3,2,41,1,16,79,12,1,3,2,1,4
2022-09-21 12:40:24,2022-09-21 12:48:38,0,100,494,1,2022-09-21 12:48:38,R_2OJfFMS74hi93Mp,anonymous,ID,1,1,1,10000,10000,20000,20000,40000,3,1,4,2,10000,10000,20000,20000,1,1,3,2,20000,20000,20000,20000,2,3,4,2,2,1,3,20000,1,4,3,4,3,2,22,7,16,79,12,1,2,4,3,1
2022-09-21 12:30:16,2022-09-21 12:49:46,0,100,1170,1,2022-09-21 12:49:47,R_SDxiKIs67b3HdcJ,anonymous,ID,0.8999999761581421,1,3,10000,20000,20000,30000,560000,3,3,3,2,15000,20000,25000,30000,2,2,2,2,25000,30000,20000,25000,2,3,1,4,3,2,3,15000,2,1,3,3,3,1,388,7,18,79,26,1,4,2,1,3
2022-09-21 13:45:56,2022-09-21 14:00:42,0,100,885,1,2022-09-21 14:00:42,R_1osYrxsi37bcdU9,anonymous,ID,1,1,3,10.000,10.000,20.000,20.000,50.000,1,4,2,2,10.000,10.000,20.000,20.000,1,1,3,2,20.000,20.000,20.000,20.000,2,5,1,5,3,1,3,20.000,1,1,1,4,4,2,37,6,16,79,12,1,3,2,4,1
2022-09-21 13:59:48,2022-09-21 14:17:08,0,100,1039,1,2022-09-21 14:17:08,R_1hDSuWBz23VWe2I,anonymous,ID,0.8999999761581421,1,1,0,20000,0,40000,50000,1,5,1,2,0,20000,0,40000,1,1,1,2,0,20000,0,40000,2,5,3,4,2,1,1,20000,1,3,1,1,3,1,53,7,16,79,12,1,1,3,2,4
2022-09-21 14:04:52,2022-09-21 14:18:05,0,100,793,1,2022-09-21 14:18:06,R_1Hi8Z9K6YlqQOxG,anonymous,ID,0.8999999761581421,1,1,0,0,0,0,100.000,3,3,3,2,0,0,0,0,1,2,3,2,0,0,0,0,2,3,3,3,2,1,3,20.000,1,3,1,4,4,2,36,1,18,79,12,1,1,4,2,3
2022-09-21 14:06:04,2022-09-21 14:18:15,0,100,731,1,2022-09-21 14:18:15,R_1DORnSaFqToB1EI,anonymous,ID,0.8999999761581421,1,3,10000,10000,20000,20000,30000,1,1,5,2,10000,10000,20000,20000,3,1,1,2,20000,20000,20000,20000,2,5,5,1,3,1,3,50000,1,4,2,4,3,2,48,2,13,79,12,1,4,3,1,2
2022-09-21 14:11:59,2022-09-21 14:23:38,0,100,698,1,2022-09-21 14:23:38,R_2zkVl1mDWZi56kW,anonymous,ID,0.8999999761581421,1,1,0,10000,0,20000,80000,4,2,4,2,10000,15000,20000,30000,3,1,3,2,20000,30000,20000,30000,2,2,4,2,2,2,3,25000,1,3,2,1,4,2,35,6,14,79,12,1,4,1,3,2
2022-09-21 14:35:22,2022-09-21 14:51:50,0,100,987,1,2022-09-21 14:51:50,R_WrOLFhD8pkZN8T7,anonymous,ID,0.8999999761581421,1,3,0,0,0,0,0,1,5,5,2,0,10000,0,20000,3,2,1,3,0,20000,0,20000,2,5,1,1,3,1,1,0,1,1,2,2,5,1,53,1,17,79,12,1,1,4,2,3
2022-09-21 14:57:26,2022-09-21 15:12:55,0,100,929,1,2022-09-21 15:12:55,R_bd5sNJlybAxSJBT,anonymous,ID,0.800000011920929,1,2,10000,20000,20000,50000,500.000,1,1,1,1,10000,20000,20000,40000,1,1,1,2,10000,30000,20000,50000,1,1,1,1,2,1,1,50000,4,4,3,4,3,2,52,7,12,79,12,1,4,1,3,2
2022-09-21 15:07:05,2022-09-21 15:29:01,0,100,1315,1,2022-09-21 15:29:01,R_2aknX3lwJRMU6yk,anonymous,ID,1,1,2,15000,20000,25000,30000,100000,5,1,1,1,15000,20000,25000,30000,3,2,3,2,20000,30000,25000,30000,1,1,5,5,2,2,3,10000,1,3,2,1,4,2,52,6,18,79,12,1,3,1,4,2
2022-09-21 15:03:39,2022-09-21 15:53:40,0,100,3000,1,2022-09-21 15:53:40,R_8e7mgoR19nSiuyt,anonymous,ID,1,1,3,10000,10000,20000,20000,200000,1,5,5,2,10000,10000,20000,20000,3,1,1,3,10000,10000,20000,20000,2,5,1,3,3,1,1,50000,1,3,3,1,4,2,36,6,16,79,12,1,2,3,4,1
2022-09-21 15:38:56,2022-09-21 15:55:05,0,100,968,1,2022-09-21 15:55:05,R_9WUJfKiEyTlxaXD,anonymous,ID,0.8999999761581421,1,1,10.000,20.000,20.000,40.0000,50.000,5,1,5,2,10000,20000,20000,40000,1,1,1,2,10.000,20.000,20.000,40.000,2,5,5,1,2,1,1,10.0000,1,3,2,3,5,1,60,6,16,79,12,1,2,4,3,1
2022-09-14 15:52:18,2022-09-14 15:59:05,0,22,407,0,2022-09-21 15:59:07,R_3I4w4zmVgwKrrLQ,anonymous,ID,0.8999999761581421,1,3,,,,,,,,,,,,,,,,,,,,,,,,,,2,1,2,10,,,,,,,,,,,,,2,4,3,1
2022-09-21 17:57:15,2022-09-21 18:09:37,0,100,741,1,2022-09-21 18:09:37,R_27VhjCUa27XxuVB,anonymous,ID,0.8999999761581421,1,2,50000,50000,100000,100000,1000000,3,3,4,2,50000,50000,100000,100000,1,1,2,2,50000,50000,100000,100000,2,1,4,2,2,1,3,1000000,1,3,2,2,4,1,42,6,18,79,12,1,4,1,2,3
2022-09-14 23:45:22,2022-09-14 23:46:03,0,11,40,0,2022-09-21 23:46:05,R_2SrBSGlqoDZ5Rrq,anonymous,EN,0.8999999761581421,1,3,,,,,,,,,,,,,,,,,,,,,,,,,,,,,,,,,,,,,,,,,,1,3,4,2
2022-09-15 02:07:50,2022-09-15 02:08:13,0,8,22,0,2022-09-22 02:08:15,R_p9n4OkqlwcMfMSB,anonymous,ID,0.800000011920929,1,,,,,,,,,,,,,,,,,,,,,,,,,,,,,,,,,,,,,,,,,,,4,1,2,3
2022-09-15 01:50:40,2022-09-15 02:08:20,0,81,1060,0,2022-09-22 02:08:25,R_2yqnQFeqcPMYx77,anonymous,ID,0.8999999761581421,1,1,0,12000,0,24000,15000,3,3,4,2,0,12000,0,24000,1,1,3,2,20000,24000,20000,24000,2,4,2,3,2,1,3,5000,1,3,2,4,4,,,,,,,,1,3,4,2
2022-09-15 03:16:46,2022-09-15 03:17:05,0,8,19,0,2022-09-22 03:17:07,R_1GVOdbO3fXN6cq4,anonymous,ID,1,1,,,,,,,,,,,,,,,,,,,,,,,,,,,,,,,,,,,,,,,,,,,3,1,4,2
2022-09-15 03:28:22,2022-09-15 03:41:50,0,81,807,0,2022-09-22 03:41:51,R_2pJF1MQY8EijekQ,anonymous,ID,1,1,1,0,10000,0,20000,50000,5,1,3,2,5000,10000,10000,20000,1,1,3,2,20000,20000,20000,20000,2,1,5,1,1,1,3,20000,1,3,2,1,3,,,,,,,,2,4,1,3
2022-09-15 03:49:55,2022-09-15 03:50:32,0,3,37,0,2022-09-22 03:50:33,R_tGI6tORw4Mz1fl7,anonymous,ID,0.8999999761581421,1,,,,,,,,,,,,,,,,,,,,,,,,,,,,,,,,,,,,,,,,,,,,,,
2022-09-21 12:49:20,2022-09-22 04:04:09,0,100,54888,1,2022-09-22 04:04:09,R_3NEylBLTk5Hd3uP,anonymous,ID,0.8999999761581421,1,2,0,10000,0,20000,100000,2,3,2,1,10000,20000,20000,30000,1,2,2,2,10000,20000,20000,30000,1,5,5,3,2,2,2,50000,1,3,3,4,4,2,57,7,12,79,12,1,3,4,2,1
2022-09-15 04:08:57,2022-09-15 04:09:22,0,8,24,0,2022-09-22 04:09:31,R_3k87xHZfV4Of7DR,anonymous,ID,0.8999999761581421,1,,,,,,,,,,,,,,,,,,,,,,,,,,,,,,,,,,,,,,,,,,,3,1,2,4
2022-09-15 04:07:51,2022-09-15 04:18:08,0,39,616,0,2022-09-22 04:18:11,R_YS9DXbZY8YskaA1,anonymous,ID,1,1,1,10000,15000,20000,25000,0,5,1,1,2,,,,,,,,1,10000,15000,20000,25000,2,1,1,1,,,,,,,,,,,,,,,,,1,3,2,4
2022-09-15 04:20:13,2022-09-15 04:27:08,0,67,414,0,2022-09-22 04:27:12,R_3qyOypA1WfRnP7y,anonymous,EN,0.8999999761581421,1,1,10000,10000,20000,20000,100000,1,4,2,2,10000,10000,10000,10000,1,1,2,2,20000,20000,20000,20000,2,5,2,2,2,2,1,50000,,,,,,,,,,,,,1,3,2,4
2022-09-22 04:26:26,2022-09-22 04:34:59,0,100,513,1,2022-09-22 04:34:59,R_22WuINW5L9ZBfnt,anonymous,ID,0.8999999761581421,1,1,10000,10000,20000,20000,50000,2,2,1,2,10000,10000,20000,20000,1,2,3,2,20000,20000,20000,20000,2,3,3,4,1,1,3,10000,1,4,3,4,3,2,36,6,15,79,12,1,3,4,1,2
2022-09-15 05:28:35,2022-09-15 05:29:06,8,8,30,0,2022-09-22 05:29:12,R_1dskjcx083pewDq,anonymous,ID,0.4000000059604645,1,,,,,,,,,,,,,,,,,,,,,,,,,,,,,,,,,,,,,,,,,,,3,1,2,4
2022-09-15 09:09:07,2022-09-15 09:10:08,0,8,61,0,2022-09-22 09:10:11,R_111t7qcy9DP3T8J,anonymous,ID,1,1,,,,,,,,,,,,,,,,,,,,,,,,,,,,,,,,,,,,,,,,,,,4,1,3,2
2022-09-15 09:33:14,2022-09-15 09:34:15,0,3,61,0,2022-09-22 09:34:16,R_3nBnxBwfZFs5NkF,anonymous,ID,0.8999999761581421,1,,,,,,,,,,,,,,,,,,,,,,,,,,,,,,,,,,,,,,,,,,,,,,
2022-09-15 11:04:29,2022-09-15 11:22:47,0,58,1098,0,2022-09-22 11:22:52,R_vk4jwfn63FzEhnr,anonymous,ID,1,1,2,20000,20000,20000,20000,20000,,,,,20000,20000,20000,20000,1,2,2,2,20000,20000,20000,20000,2,1,3,2,2,2,2,2000,,,,,,,,,,,,,4,2,1,3
2022-09-22 11:44:32,2022-09-22 12:18:50,0,100,2057,1,2022-09-22 12:18:50,R_1K6GPVIQxb3mAqJ,anonymous,ID,0.8999999761581421,1,1,10000,10000,20000,20000,100000,1,1,1,2,10000,10000,20000,20000,1,2,1,2,10000,10000,20000,20000,2,5,5,5,3,2,1,30000,1,3,2,2,4,1,26,2,18,79,12,1,4,3,2,1
2022-09-22 12:01:36,2022-09-22 12:27:44,0,100,1568,1,2022-09-22 12:27:46,R_1JCKS5XRk5jqXIF,anonymous,ID,1,1,3,15000,20000,25000,30000,0,3,3,2,2,15000,20000,25000,30000,2,2,1,2,25000,35000,30000,40000,2,3,3,1,2,2,1,0,2,4,3,3,3,2,29,3,20,79,12,1,4,2,1,3
2022-09-22 11:39:25,2022-09-22 13:01:34,0,100,4928,1,2022-09-22 13:01:34,R_sXd7Ar2zgKhSN6F,anonymous,ID,1,1,3,0,15000,0,30000,20000,5,1,1,1,10000,20000,20000,25000,3,2,1,2,10000,20000,10000,25000,1,1,5,1,3,2,3,10000,1,1,1,1,3,2,30,4,19,79,12,1,1,4,3,2
2022-09-22 12:17:30,2022-09-22 13:56:33,0,100,5943,1,2022-09-22 13:56:34,R_2xJAaqqVgdrASP9,anonymous,ID,1,1,2,10000,10000,20000,20000,50000,5,1,1,1,10000,10000,20000,20000,3,2,1,2,15000,15000,20000,20000,2,1,5,5,3,2,1,15000,1,3,2,1,4,2,30,7,17,79,12,1,1,3,4,2
2022-09-21 12:25:37,2022-09-22 15:43:18,0,100,98260,1,2022-09-22 15:43:18,R_21mhUL0TWTclS6T,anonymous,ID,0.8999999761581421,1,1,10000,10000,20000,20000,50000,2,4,3,2,10000,10000,20000,20000,1,1,1,2,20000,20000,20000,20000,2,2,3,3,1,2,1,10000,1,3,2,2,5,2,41,7,17,79,12,1,3,1,4,2
2022-09-15 16:55:54,2022-09-15 17:02:28,0,61,393,0,2022-09-22 17:02:30,R_2dAr3TeIJzndgVg,anonymous,ID,0.699999988079071,1,1,5000,10000,15000,20000,50000,3,3,3,,15000,20000,20000,25000,1,1,3,3,15000,20000,20000,25000,2,4,3,2,2,2,3,20000,,,,,,,,,,,,,4,2,1,3
2022-09-15 17:46:17,2022-09-15 17:47:02,0,11,45,0,2022-09-22 17:47:03,R_2zGWNZaun8UxP6a,anonymous,ID,1,1,1,,,,,,,,,,,,,,,,,,,,,,,,,,,,,,,,,,,,,,,,,,1,2,4,3
2022-09-22 21:10:56,2022-09-22 21:24:50,0,100,834,1,2022-09-22 21:24:51,R_2SDeoLMewvifMzs,anonymous,ID,0.8999999761581421,1,1,0,10000,10000,20000,20000,5,1,5,2,0,10000,10000,20000,1,1,2,2,0,10000,10000,20000,2,1,5,1,2,1,2,20000,1,3,2,4,5,1,22,6,15,187,12,1,1,3,2,4
2022-09-22 21:15:53,2022-09-22 21:35:45,0,100,1191,1,2022-09-22 21:35:45,R_rqdi1s0aZqGLBYZ,anonymous,ID,0.8999999761581421,1,3,0,10.000,0,20.000,30.000,1,5,5,1,0,20.000,0,30.000,1,1,3,2,10.000,40.000,20.000,40.000,2,2,5,2,1,1,3,20.000,1,4,3,4,4,4,23,7,17,79,12,1,2,4,3,1
2022-09-15 22:48:11,2022-09-15 23:00:16,0,53,725,0,2022-09-22 23:00:22,R_XuCAd6ckKHUx9It,anonymous,ID,0.8999999761581421,1,3,15000,20000,25000,30000,30000,4,3,4,1,15000,20000,25000,30000,1,2,3,2,,,,,,,,,1,2,3,10000,,,,,,,,,,,,,2,3,4,1
2022-09-23 03:07:32,2022-09-23 03:17:15,0,100,582,1,2022-09-23 03:17:17,R_3Ei0694EJKq7YYp,anonymous,ID,0.8999999761581421,1,1,0,20000,0,40000,30000,2,3,4,2,0,15000,0,30000,1,1,2,1,20000,30000,25000,40000,2,4,2,2,3,2,2,15000,1,3,2,4,4,2,23,7,16,156,12,1,3,1,2,4
2022-09-23 03:31:38,2022-09-23 03:56:51,0,100,1512,1,2022-09-23 03:56:51,R_2DOiAzAAsqhhfm4,anonymous,ID,0.8999999761581421,1,1,0,0,0,0,50000,1,5,1,2,10000,10000,10000,10000,1,1,2,2,20000,20000,20000,20000,2,5,1,5,2,2,2,10000,1,3,2,1,4,2,35,3,0,79,12,1,1,2,4,3
2022-09-23 03:42:21,2022-09-23 03:58:50,0,100,988,1,2022-09-23 03:58:52,R_2WOv2PKwVU3gTQl,anonymous,ID,1,1,2,10000,15000,20000,25000,20000,5,1,5,1,10000,15000,20000,25000,1,1,3,2,20000,25000,20000,25000,1,1,5,1,2,1,3,20000,1,4,3,4,4,1,33,3,25,79,12,1,3,1,4,2
2022-09-23 03:45:27,2022-09-23 04:15:38,0,100,1811,1,2022-09-23 04:15:39,R_2CdhAUuPoHyQJ2c,anonymous,ID,0.8999999761581421,1,2,10000,15000,10000,20000,50000,5,1,5,2,10000,15000,10000,20000,1,1,3,1,20000,25000,20000,25000,2,1,5,1,2,2,3,20000,1,3,2,1,4,1,40,6,12,79,12,1,2,1,3,4
2022-09-23 04:20:57,2022-09-23 04:34:59,0,100,842,1,2022-09-23 04:35:00,R_1gc0rtPkWbzdImq,anonymous,ID,0.8999999761581421,1,1,10.000,15000,20000,30000,40000,4,2,2,2,10000,15000,20000,30000,2,1,3,2,15.000,20.000,20.000,25.000,1,4,2,2,2,1,3,5000,3,4,2,2,3,2,26,6,15.5,79,12,1,3,4,1,2
2022-09-23 04:09:31,2022-09-23 04:48:58,0,100,2367,1,2022-09-23 04:48:59,R_ptwUfNdD9ycTdbr,anonymous,ID,0.800000011920929,1,1,10000,10000,20000,20000,100000,1,3,5,2,10000,10000,20000,20000,3,2,2,1,25000,25000,25000,25000,2,5,3,1,3,2,2,50000,1,3,1,1,4,1,41,4,17,79,12,1,3,4,1,2
2022-09-23 04:20:21,2022-09-23 04:54:05,0,100,2023,1,2022-09-23 04:54:05,R_28ZCpdkmAXErc3u,anonymous,ID,0.8999999761581421,1,2,10.000,25.000,20.000,45.000,100.000,1,3,1,2,10.000,25.000,20.000,35.000,1,1,2,2,20.000,45.000,40.000,95.000,2,1,3,1,2,1,2,15.000,1,4,1,2,5,1,39,4,16,79,12,1,4,1,3,2
2022-09-16 05:04:58,2022-09-16 05:12:27,0,42,448,0,2022-09-23 05:12:30,R_2fyaK1ag0LivjdP,anonymous,ID,0.8999999761581421,1,,,,,,,,,,,30000,40000,40000,50000,3,1,3,1,30000,50000,40000,60000,2,4,3,2,2,1,,,,,,,,,,,,,,,4,2,1,3
2022-09-16 05:07:23,2022-09-16 05:20:37,0,19,793,0,2022-09-23 05:20:40,R_1IffJGpBxyj3b7b,anonymous,ID,0.8999999761581421,1,1,10000,13999,22999,24999,30999,,,,,,,,,,,,,,,,,,,,,,,,,,,,,,,,,,,,,1,2,4,3
2022-09-23 04:24:12,2022-09-23 05:23:15,0,100,3542,1,2022-09-23 05:23:15,R_3LXRIPrgHWbEfzS,anonymous,ID,0.800000011920929,1,3,0,10.000,0,20.000,5.000,2,3,2,2,0,10000,0,20000,3,1,2,2,0,10.000,0,20.000,2,2,3,3,1,1,1,5.000,3,3,2,2,4,1,33,1,20,79,7,1,2,4,3,1
2022-09-16 05:24:43,2022-09-16 05:24:55,0,8,11,0,2022-09-23 05:25:00,R_10SNR9DPVbx60S4,anonymous,ID,0.8999999761581421,1,,,,,,,,,,,,,,,,,,,,,,,,,,,,,,,,,,,,,,,,,,,4,3,2,1
2022-09-23 04:39:12,2022-09-23 05:45:14,0,100,3961,1,2022-09-23 05:45:14,R_3Di5xoE2QmM6SHU,anonymous,ID,0.8999999761581421,1,2,10000,10000,10000,10000,200000,2,4,1,2,10000,20000,10000,20000,3,1,2,2,10000,20000,10000,25000,2,5,1,5,3,1,2,50000,3,1,3,1,4,2,47,5,23,79,12,1,3,2,1,4
2022-09-16 05:45:30,2022-09-16 05:45:49,0,8,19,0,2022-09-23 05:45:51,R_eFj6PHXgPsrXa9j,anonymous,ID,0.699999988079071,1,,,,,,,,,,,,,,,,,,,,,,,,,,,,,,,,,,,,,,,,,,,3,1,2,4
2022-09-23 05:46:16,2022-09-23 06:11:18,0,100,1502,1,2022-09-23 06:11:19,R_1lc6o6gIGXG7HS0,anonymous,ID,0.8999999761581421,1,3,10000,20000,20000,30000,100000,2,4,4,2,20000,30000,30000,40000,1,2,3,2,20000,30000,30000,40000,2,2,4,3,2,1,3,50000.00,1,3,3,1,3,2,40,5,20,79,12,1,4,3,2,1
2022-09-23 03:57:59,2022-09-23 06:19:40,0,100,8501,1,2022-09-23 06:19:40,R_vdAZr5089zE9CMN,anonymous,ID,0.8999999761581421,1,1,10000,15000,20000,25000,10000,2,2,3,1,10000,15000,20000,25000,2,2,1,2,20000,25000,20000,25000,1,3,2,2,2,1,2,20000,1,1,1,1,3,1,50,1,18,79,12,1,2,1,3,4
2022-09-23 04:34:50,2022-09-23 06:21:36,0,100,6406,1,2022-09-23 06:21:36,R_WCMEybySRASAwcp,anonymous,ID,0.8999999761581421,1,1,0,10000,10000,20000,50000,5,5,3,2,0,10000,10000,20000,1,1,3,2,10000,20000,20000,20000,2,5,5,5,2,1,3,10000,1,3,3,2,4,1,31,3,17,79,12,1,2,3,4,1
2022-09-23 05:46:24,2022-09-23 06:28:08,0,100,2503,1,2022-09-23 06:28:09,R_1OPs15DIEC2Hcz1,anonymous,ID,1,1,1,10000,10000,20000,20000,50000,5,5,5,2,10000,10000,20000,20000,1,1,2,2,20000,20000,20000,20000,2,2,2,5,2,1,2,50000,3,3,3,3,3,2,41,5,18,79,12,1,3,1,2,4
2022-09-23 06:03:50,2022-09-23 06:33:25,0,100,1774,1,2022-09-23 06:33:25,R_3M3bUg1Cc1OrxiD,anonymous,ID,1,1,2,10.000,10.000,20.000,20.000,50.000,1,1,1,2,12.000,15.000,22.000,25.000,1,2,2,2,20.000,20.000,20.000,20.000,2,1,2,3,3,2,1,10.000,1,4,3,1,4,2,17,7,17,79,12,1,2,4,3,1
2022-09-23 06:52:13,2022-09-23 07:14:10,0,100,1316,1,2022-09-23 07:14:10,R_28AP23idowJ5uNc,anonymous,ID,0.8999999761581421,1,3,0,10000,0,20000,100000,3,3,3,2,10000,10000,10000,20000,1,1,2,2,20000,20000,20000,20000,2,3,3,3,2,1,1,50000,1,3,2,1,4,1,33,6,17,79,12,1,4,3,2,1
2022-09-23 07:19:28,2022-09-23 07:40:32,0,100,1263,1,2022-09-23 07:40:34,R_21dmPekoseWTdbo,anonymous,ID,1,1,2,10.000,20.000,20.000,30.000,100.000,5,5,5,2,15.000,20.000,25.000,30.000,1,1,3,2,25.000,30.000,30.000,40.000,2,1,5,1,2,1,3,100.000,1,3,3,4,4,2,42,4,17,79,12,1,2,4,3,1
2022-09-23 06:49:57,2022-09-23 08:01:54,0,100,4317,1,2022-09-23 08:01:54,R_3Rz6QrQvk172GEE,anonymous,ID,0.8999999761581421,1,2,10000,20000,20000,30000,50000,1,5,1,2,10000,20000,20000,30000,1,2,1,2,10000,20000,20000,30000,2,1,5,1,2,2,1,50000,4,4,3,4,3,1,49,1,17,79,12,1,2,3,1,4
2022-09-23 13:17:41,2022-09-23 13:29:41,0,100,720,1,2022-09-23 13:29:42,R_1LLvaKy3SPB6c1y,anonymous,ID,0.800000011920929,1,1,0,10000,0,20000,50000,4,4,4,2,10000,11000,20000,21000,3,1,2,2,10000,11000,20000,21000,2,4,2,2,2,1,1,50000,2,3,3,1,5,2,22,3,12,79,12,1,3,1,2,4
2022-09-23 13:49:41,2022-09-23 14:06:03,0,100,981,1,2022-09-23 14:06:03,R_3HMJSMzVMM6k75h,anonymous,EN,0.8999999761581421,1,1,10.000,15.000,20.000,30.000,50.000,2,3,3,2,10.000,20.000,20.000,40.000,1,1,2,2,15.000,30.000,20.000,30.000,2,2,3,3,2,1,1,20.000,1,3,3,2,4,2,24,7,16,79,12,1,1,4,2,3
2022-09-16 04:44:46,2022-09-16 17:33:47,0,19,46141,0,2022-09-23 17:33:49,R_3lWbSxwoSUgS9hB,anonymous,ID,0.8999999761581421,1,,,,,,,,,,,12000,15000,22000,25000,1,2,,,,,,,,,,,,,,,,,,,,,,,,,,,2,1,4,3
2022-09-23 20:41:41,2022-09-23 21:14:53,0,100,1992,1,2022-09-23 21:14:53,R_3EgOHrFNG6xzUu5,anonymous,ID,1,1,2,0,10000,0,20000,35000,3,5,2,1,10000,20000,10000,10000,1,1,1,2,10000,20000,20000,20000,2,3,5,2,2,2,1,35000,2,4,2,4,3,2,28,4,5,79,12,1,2,3,1,4
2022-09-23 21:15:46,2022-09-23 21:25:24,0,100,577,1,2022-09-23 21:25:25,R_57mRA3bCP8g28YF,anonymous,ID,0.8999999761581421,1,1,0,10.000,0,20.000,100.000,1,5,5,2,10.000,10.000,20.000,20.000,1,2,1,2,30.000,30.000,40.000,40.000,2,5,1,1,2,2,1,50.000,1,4,3,4,5,2,28,3,19,79,12,1,3,2,4,1
2022-09-23 21:02:43,2022-09-23 21:27:28,0,100,1485,1,2022-09-23 21:27:29,R_2uQZ8wf4efpx7GG,anonymous,ID,1,1,2,5000,10000,10000,20000,30000,4,3,3,2,10000,10000,10000,15000,2,2,3,2,15000,15000,20000,20000,2,4,2,3,2,1,3,10000,3,3,2,4,3,2,27,5,17,79,12,1,3,2,4,1
2022-09-23 21:13:38,2022-09-23 21:28:12,0,100,874,1,2022-09-23 21:28:12,R_1GKdrBT3zePwoEB,anonymous,ID,1,1,1,10000,10000,10000,20000,50000,4,1,2,1,10000,20000,20000,20000,1,1,3,2,20000,20000,20000,20000,1,2,5,4,2,1,3,20000,1,3,2,1,3,2,25,5,16,79,12,1,3,2,1,4
2022-09-23 22:53:43,2022-09-23 23:07:10,0,100,806,1,2022-09-23 23:07:10,R_2QJR9cMEr78fOzm,anonymous,ID,0.8999999761581421,1,3,15000,20000,25000,30000,1000000,1,5,1,1,15000,25000,30000,40000,3,2,2,2,30000,40000,40000,50000,1,5,1,5,3,2,3,10000,2,4,3,4,3,2,25,1,18,79,12,1,4,3,1,2
2022-09-24 00:33:41,2022-09-24 00:49:07,0,100,926,1,2022-09-24 00:49:09,R_10pBnB9YajyCPsM,anonymous,ID,0.8999999761581421,1,1,10.000,15.000,20.000,25.000,20.000,2,2,2,2,10.000,15.000,20.000,25.000,1,1,1,2,10.000,15.000,20.000,25.000,2,2,4,2,2,1,1,20.000,2,3,3,4,5,1,27,1,16,79,12,1,3,2,1,4
2022-09-24 00:30:54,2022-09-24 00:52:09,0,100,1274,1,2022-09-24 00:52:11,R_2fIpgwbongMn8k6,anonymous,ID,0.800000011920929,1,1,0,10000,0,20000,200000,3,3,5,2,10000,10000,20000,20000,1,1,3,1,20000,20000,20000,20000,2,3,3,1,2,1,3,200000,1,3,1,2,4,1,51,1,15,79,12,1,3,1,2,4
2022-09-24 00:38:36,2022-09-24 00:55:27,0,100,1011,1,2022-09-24 00:55:27,R_2xPHhYPTRCbxXgu,anonymous,ID,1,1,1,10000,15000,20000,25000,50000,1,3,1,1,10000,15000,20000,30000,1,2,2,2,10000,10000,20000,30000,2,5,3,5,2,2,2,10000,3,3,2,4,5,2,24,1,18,79,12,1,3,1,4,2
2022-09-24 01:27:35,2022-09-24 01:44:10,0,100,994,1,2022-09-24 01:44:11,R_3m2z9XoDsAgrsIV,anonymous,ID,1,1,3,5000,10000,10000,20000,20000,2,2,2,2,10000,10000,20000,20000,1,1,3,2,20000,20000,20000,20000,2,3,3,3,2,1,3,10000,1,3,2,4,3,2,26,4,17,79,12,1,2,4,3,1
2022-09-24 01:33:57,2022-09-24 01:49:20,0,100,923,1,2022-09-24 01:49:20,R_3D7sfSd2Qn7vAVw,anonymous,ID,1,1,1,0,15000,10000,25000,50000,5,1,4,2,10000,15000,20000,25000,1,2,1,2,20000,25000,20000,25000,2,3,4,1,1,2,1,15000,2,4,3,4,3,2,19,7,13,79,12,1,2,1,4,3
2022-09-24 01:40:27,2022-09-24 01:57:29,0,100,1021,1,2022-09-24 01:57:29,R_238m19iRYwIQQkV,anonymous,ID,0.8999999761581421,1,2,0,0,0,0,15.000,2,4,2,1,10.000,10.000,20.000,20.000,1,1,3,1,20.000,20.000,20.000,20.000,2,4,2,4,2,2,1,15.000,1,4,2,4,4,4,23,1,17,79,26,1,4,1,2,3
2022-09-24 01:10:18,2022-09-24 02:21:17,0,100,4258,1,2022-09-24 02:21:18,R_2yqKv5eKa2f03q2,anonymous,ID,0.8999999761581421,1,1,11000,11000,21000,21000,10000,3,4,2,2,11000,11000,21000,21000,1,1,3,1,21000,21000,26000,26000,2,5,2,4,2,2,3,10000,3,3,2,1,4,1,29,5,15,79,26,1,4,1,2,3
2022-09-24 03:09:47,2022-09-24 03:24:25,0,100,878,1,2022-09-24 03:24:27,R_3M9aXpKSQvtW0S3,anonymous,ID,1,1,3,10000,10000,20000,20000,10000,5,2,4,2,10000,10000,20000,20000,3,1,1,3,10000,20000,20000,20000,1,4,4,3,3,2,1,10000,1,4,3,4,2,2,31,1,18,79,12,1,3,2,1,4
2022-09-24 03:51:19,2022-09-24 04:06:54,0,100,934,1,2022-09-24 04:06:54,R_Uuz3QXiHMJht2Tv,anonymous,ID,1,1,1,10000,20000,20000,50000,50000,4,2,2,2,10000,20000,20000,50000,1,2,2,2,20000,40000,20000,50000,2,4,3,2,3,1,2,20000,1,3,3,4,4,2,27,4,16,79,12,1,1,4,2,3
2022-09-24 03:56:35,2022-09-24 04:10:57,0,100,862,1,2022-09-24 04:10:58,R_2TKIfRlekvkezdO,anonymous,ID,1,1,2,10000,10000,20000,20000,20000,2,1,4,2,10000,10000,20000,20000,1,1,2,3,10000,20000,20000,20000,2,2,1,4,2,1,3,10000,1,3,3,4,3,1,27,4,17,79,12,1,3,1,2,4
2022-09-24 04:21:40,2022-09-24 04:39:15,0,100,1055,1,2022-09-24 04:39:16,R_sLHCpJy43QKS2VX,anonymous,ID,0.8999999761581421,1,1,10000,10000,20000,20000,30000,2,2,2,1,10000,10000,20000,20000,1,2,1,2,10000,10000,20000,20000,2,2,2,2,2,2,1,0,1,2,1,1,4,2,22,1,14,79,12,1,1,4,3,2
2022-09-24 04:15:49,2022-09-24 04:43:00,0,100,1631,1,2022-09-24 04:43:00,R_2sTLO1noqXgYRd6,anonymous,ID,1,1,1,10000,10000,20000,20000,250000,5,1,1,2,10000,10000,20000,20000,1,1,1,2,20000,20000,20000,20000,2,2,5,4,2,1,1,50000,1,3,2,3,4,1,39,6,17,79,12,1,3,1,2,4
2022-09-17 05:08:08,2022-09-17 05:18:58,0,81,649,0,2022-09-24 05:18:59,R_50wH42tLSW2f5gB,anonymous,ID,1,1,3,10000,10000,20000,20000,50000,1,5,1,1,10000,15000,20000,25000,3,1,2,2,10000,15000,20000,25000,1,5,1,5,2,1,2,10000,2,3,1,2,4,,,,,,,,3,4,2,1
2022-09-24 05:34:23,2022-09-24 05:45:53,0,100,689,1,2022-09-24 05:45:53,R_2xDD8wYWTaQHbCJ,anonymous,ID,0.8999999761581421,1,1,0,0,0,10.000,25.000,5,2,4,1,10.000,10.000,20.000,20.000,1,1,3,2,18.000,20.000,20.000,20.000,2,1,4,2,3,1,3,10.000,1,3,2,4,5,1,23,1,15,79,12,1,1,3,4,2
2022-09-24 06:14:00,2022-09-24 06:29:16,0,100,915,1,2022-09-24 06:29:16,R_1LpVCZuZy9WbCoH,anonymous,ID,1,1,1,10000,10000,20000,20000,20000,2,4,3,2,10000,10000,20000,20000,1,1,1,2,20000,20000,20000,20000,2,5,1,4,2,1,1,10000,1,4,3,4,4,2,32,7,16,79,12,1,2,1,4,3
2022-09-24 06:16:02,2022-09-24 06:35:04,0,100,1142,1,2022-09-24 06:35:05,R_2c0CQ1d82HKo12c,anonymous,ID,0.8999999761581421,1,2,0,10000,20000,30000,20000,1,1,1,1,10000,20000,20000,30000,1,2,3,2,20000,30000,20000,30000,1,2,4,4,2,2,3,10000,1,3,2,4,5,2,33,1,17,79,12,1,4,3,2,1
2022-09-24 09:05:01,2022-09-24 09:43:06,0,100,2285,1,2022-09-24 09:43:06,R_3ENksIeE1I4eRYG,anonymous,ID,1,1,2,0,10000,0,20000,20000,2,1,1,1,10000,10000,20000,20000,2,1,2,2,20000,30000,20000,25000,2,1,5,1,2,1,1,15000,1,4,3,4,3,1,21,7,16.5,79,12,1,2,4,1,3
2022-09-24 08:03:29,2022-09-24 09:47:41,0,100,6251,1,2022-09-24 09:47:41,R_xmUr6b08LSc6j2F,anonymous,ID,0.8999999761581421,1,1,10000,20000,20000,30000,50000,4,1,1,2,10000,20000,20000,30000,1,1,1,2,20000,30000,20000,30000,2,5,2,4,2,1,1,20000,1,3,2,4,5,1,27,6,16,79,12,1,3,4,1,2
2022-09-17 05:16:14,2022-09-17 10:07:11,0,67,17456,0,2022-09-24 10:07:12,R_3McykZE5TTPXi5q,anonymous,ID,1,1,3,5000,5000,10000,10000,50000,2,3,1,2,5000,5000,1000,1000,3,2,2,3,10000,10000,10000,10000,2,2,3,2,3,2,2,10000,,,,,,,,,,,,,3,2,4,1
2022-09-24 09:52:18,2022-09-24 10:15:25,0,100,1387,1,2022-09-24 10:15:26,R_2uUMBIug4syvuC4,anonymous,ID,1,1,1,12000,12000,25000,25000,30000,1,1,5,2,12000,12000,25000,25000,2,1,2,2,25000,25000,25000,25000,2,5,5,1,1,1,2,15000,3,3,2,4,4,1,25,7,17,9,12,1,4,3,2,1
2022-09-17 10:40:57,2022-09-17 10:50:07,0,42,549,0,2022-09-24 10:50:09,R_3PBtOGCjK0R1gs8,anonymous,ID,0.699999988079071,1,1,10000,10000,20000,20000,,,,,,5000,5000,10000,10000,2,1,1,,,,,,,,,,1,1,1,20000,,,,,,,,,,,,,3,1,4,2
2022-09-24 11:27:19,2022-09-24 11:46:44,0,100,1164,1,2022-09-24 11:46:44,R_2qaNF2iicjq5tnG,anonymous,ID,0.8999999761581421,1,1,15000,15000,25000,25000,30000,5,1,1,2,15000,15000,25000,25000,1,1,3,2,20000,20000,25000,25000,2,1,5,3,2,1,3,15000,1,3,2,1,5,2,23,3,16,79,12,1,4,3,1,2
2022-09-24 12:07:53,2022-09-24 12:19:11,0,100,677,1,2022-09-24 12:19:12,R_r25NlMd3bnhGn4d,anonymous,ID,0.8999999761581421,1,1,0,10000,0,20000,70000,3,3,2,2,0,10000,0,20000,3,1,3,3,0,20000,0,20000,2,4,2,4,2,1,3,50000,1,2,2,1,3,2,25,1,16,79,12,1,2,3,4,1
2022-09-24 12:29:29,2022-09-24 12:38:58,0,100,569,1,2022-09-24 12:38:59,R_2q4Rp1tRpFA1noY,anonymous,EN,0.8999999761581421,1,2,10.000,10.000,20.000,20.000,50.000,3,3,1,1,10.000,10.000,20.000,20.000,1,1,2,2,20.000,20.000,20.000,20.000,2,5,5,5,2,2,1,20.000,1,3,2,4,3,1,20,1,14,79,12,1,2,1,3,4
2022-09-24 14:23:56,2022-09-24 14:42:20,0,100,1104,1,2022-09-24 14:42:21,R_2QSxU1szPRG5xge,anonymous,ID,0.8999999761581421,1,1,5000,15000,10000,25000,50000,2,1,1,1,10000,15000,20000,25000,1,1,3,1,20000,25000,20000,25000,2,3,5,5,2,1,3,5000,1,3,3,4,5,2,24,7,16,79,12,1,2,1,4,3
2022-09-24 15:16:34,2022-09-24 15:28:11,0,100,697,1,2022-09-24 15:28:13,R_2TRekMXSJTZCZ0y,anonymous,ID,0.800000011920929,1,1,0,0,0,0,25000,4,2,5,2,10000,10000,20000,20000,1,1,3,2,20000,20000,20000,20000,2,4,2,5,2,1,3,15000,1,4,2,4,4,1,23,5,16,79,12,1,2,1,4,3
2022-09-24 17:12:18,2022-09-24 17:26:19,0,100,840,1,2022-09-24 17:26:19,R_3sdDxU5M386totC,anonymous,ID,1,1,1,10000,20000,20000,30000,30000,5,1,3,2,10000,20000,20000,30000,1,1,1,2,10000,20000,20000,30000,2,5,1,3,2,1,1,10000,1,4,3,4,5,1,27,7,16,79,12,1,2,4,3,1
2022-09-24 17:41:50,2022-09-24 17:57:14,0,100,924,1,2022-09-24 17:57:15,R_D6NJa8C0OedbsR3,anonymous,EN,1,1,1,0,0,0,0,25000,4,2,2,2,10000,10000,20000,20000,1,1,3,1,20000,20000,20000,20000,2,4,2,4,2,1,3,10000,1,3,2,1,3,1,21,5,16,79,12,1,3,2,4,1
2022-09-24 17:32:55,2022-09-24 18:06:41,0,100,2026,1,2022-09-24 18:06:41,R_SNtsB7NOCYPKAdb,anonymous,ID,1,1,1,10000,20000,20000,30000,25000,5,1,1,2,10000,20000,20000,30000,1,1,3,2,20000,30000,20000,30000,2,4,3,2,2,1,3,5000,1,3,2,3,5,1,23,4,15.5,79,12,1,1,2,4,3
2022-09-24 18:03:32,2022-09-24 18:28:58,0,100,1525,1,2022-09-24 18:28:58,R_1hFLuE8CmfjbwDE,anonymous,ID,1,1,1,20.000,50.000,40.000,50.000,40.000,1,1,1,2,20.000,30.000,30.000,50.000,3,2,2,2,20.000,50.000,30.000,40.000,1,1,5,5,3,2,2,10.000,1,2,2,4,3,2,25,7,10,79,7,1,4,1,3,2
2022-09-25 05:59:13,2022-09-25 06:12:33,0,100,799,1,2022-09-25 06:12:35,R_3PhkHW5nDqJv3An,anonymous,ID,0.8999999761581421,1,3,0,0,0,0,25000,4,2,3,2,10000,10000,20000,20000,1,1,3,2,10000,20000,20000,20000,2,4,3,4,2,2,3,10000,1,3,3,4,3,2,27,7,16,79,12,1,4,3,1,2
2022-09-25 08:32:08,2022-09-25 08:42:11,0,100,603,1,2022-09-25 08:42:11,R_25tgHyVBbgcJpNY,anonymous,ID,0.699999988079071,1,1,10000,20000,20000,40000,25000,5,1,3,2,10000,20000,20000,40000,1,1,2,2,10000,20000,20000,40000,2,5,1,3,2,1,2,10000,4,4,3,4,4,1,22,7,16,79,12,1,2,3,4,1
2022-09-24 10:05:50,2022-09-25 09:01:06,0,100,82515,1,2022-09-25 09:01:06,R_VW3otQTbFicWac1,anonymous,ID,0.8999999761581421,1,1,15000,20000,25000,35000,50000,3,4,2,2,10000,20000,20000,30000,1,1,1,2,15000,20000,25000,35000,2,3,2,4,2,1,2,20000,1,4,1,4,4,1,22,7,20,79,12,1,1,2,3,4
2022-09-23 22:22:18,2022-09-25 09:16:28,0,100,125649,1,2022-09-25 09:16:28,R_Ddx0CYpF3FrJ3cB,anonymous,ID,0.8999999761581421,1,1,15000,20000,25000,35000,70000,3,3,3,1,15000,20000,25000,35000,1,2,3,2,20000,30000,25000,35000,1,3,4,3,2,1,3,20000,1,3,2,4,3,2,23,7,15,79,12,1,1,4,3,2
2022-09-25 10:49:55,2022-09-25 11:03:28,0,100,813,1,2022-09-25 11:03:29,R_1jTJXxTFvJ0abml,anonymous,ID,0.8999999761581421,1,1,10.000,10.000,20.000,20.000,50.000,4,2,1,2,10.000,10.000,20.000,20.000,1,1,2,2,20.000,20.000,20.000,20.000,2,2,4,4,2,1,1,20.000,1,3,3,1,4,2,21,7,17,79,12,1,3,1,4,2
2022-09-25 11:14:28,2022-09-25 11:37:43,0,100,1394,1,2022-09-25 11:37:43,R_24uDxlqoxtF8Uq2,anonymous,ID,1,1,1,0,10000,0,20000,20000,1,5,5,1,10000,20000,20000,25000,1,1,2,2,10000,20000,20000,25000,1,5,1,1,2,2,1,10.000,1,3,3,4,5,2,46,3,16,79,12,1,2,3,1,4
2022-09-25 11:45:27,2022-09-25 11:59:39,0,100,852,1,2022-09-25 11:59:39,R_3nDHe6vpMaJMejU,anonymous,ID,0.699999988079071,1,1,0,15000,0,25000,50000,5,1,1,1,0,15000,10000,25000,1,1,1,2,20000,25000,0,25000,1,1,5,5,2,1,1,10000,1,3,3,4,5,1,22,1,18,79,12,1,1,4,3,2
2022-09-25 11:53:28,2022-09-25 12:15:38,0,100,1329,1,2022-09-25 12:15:39,R_3dQwYQik13LpRMm,anonymous,ID,0.8999999761581421,1,1,0,15000,0,30000,50000,4,1,2,2,10000,15000,20000,30000,1,1,2,2,20000,30000,20000,30000,2,4,4,3,3,1,3,20000,1,3,2,4,4,1,28,6,16,86,12,1,1,4,2,3
2022-09-25 13:37:39,2022-09-25 13:46:46,0,100,546,1,2022-09-25 13:46:46,R_3HXmEgmliNRT7Ks,anonymous,ID,0.8999999761581421,1,3,15.000,20.000,20.000,20.000,30.000,3,3,2,1,15.000,15.000,20.000,20.000,3,1,3,2,15.000,20.000,20.000,20.000,1,4,3,3,2,1,3,15.000,1,3,3,1,4,2,21,7,16,79,12,1,1,2,4,3
2022-09-25 23:19:50,2022-09-25 23:29:57,0,100,607,1,2022-09-25 23:29:58,R_3iybWwB8t4SfQ21,anonymous,EN,0.8999999761581421,1,1,0,0,0,0,2.000,3,4,2,2,0,0,0,0,1,2,2,2,10.000,10.000,20.000,10.000,2,5,2,2,2,2,2,2.000,4,4,3,4,3,2,23,2,16,187,7,1,3,4,1,2
2022-09-26 02:38:39,2022-09-26 03:18:52,0,100,2412,1,2022-09-26 03:18:53,R_s5mKq7SMZC4RKzT,anonymous,ID,1,1,3,0,15000,0,30000,100000,1,3,5,1,10000,15000,20000,30000,3,1,3,2,20000,20000,20000,30000,2,3,3,1,2,1,3,100000,1,3,1,1,5,1,55,6,16,79,12,1,1,3,2,4
2022-09-26 03:39:37,2022-09-26 03:57:52,0,100,1094,1,2022-09-26 03:57:52,R_2sTlDaJ1CtPMSSi,anonymous,ID,1,1,1,10.000,10.000,20.000,20.000,20.000,2,1,2,1,10.000,10.000,20.000,20.000,2,2,2,2,10.000,20.000,10.000,20.000,1,2,2,2,2,2,2,10.000,4,4,3,4,4,1,42,7,16,79,12,1,4,2,1,3
2022-09-25 04:13:33,2022-09-26 04:01:00,0,100,85646,1,2022-09-26 04:01:00,R_3fuVqHv1ZsZpaep,anonymous,ID,1,1,1,5000,15000,15000,25000,10000,2,4,4,1,15000,20000,25000,30000,1,1,3,2,20000,25000,25000,30000,2,3,2,3,2,2,3,10000,1,3,2,1,4,1,43,6,17,79,12,1,3,1,2,4
2022-09-19 04:26:53,2022-09-19 04:31:57,0,8,304,0,2022-09-26 04:32:05,R_1fefvaS6QFSJ1sn,anonymous,ID,1,1,,,,,,,,,,,,,,,,,,,,,,,,,,,,,,,,,,,,,,,,,,,3,1,4,2
2022-09-26 06:41:25,2022-09-26 07:26:16,0,100,2691,1,2022-09-26 07:26:17,R_12RseqliMkLVC7I,anonymous,ID,1,1,1,10000,15000,20000,25000,50000,4,1,2,1,10000,15000,20000,25000,1,2,3,2,10000,15000,20000,25000,1,4,1,2,2,2,3,5000,1,3,3,1,4,1,21,6,15,187,12,1,3,1,4,2
2022-09-26 10:10:13,2022-09-26 10:32:47,0,100,1353,1,2022-09-26 10:32:47,R_DB7OgtjjHkn3Ijv,anonymous,ID,0.8999999761581421,1,1,10000,20000,20000,30000,15000,4,3,3,1,10000,20000,20000,30000,1,1,1,2,10000,20000,20000,30000,1,4,1,3,2,1,1,15000,1,3,3,1,3,2,23,7,16,79,12,1,1,4,2,3
2022-09-19 11:39:17,2022-09-19 11:39:45,0,8,28,0,2022-09-26 11:39:52,R_3qs7mHbWddN7Ny1,anonymous,ID,1,1,,,,,,,,,,,,,,,,,,,,,,,,,,,,,,,,,,,,,,,,,,,3,4,1,2
2022-09-26 12:45:57,2022-09-26 13:01:19,0,100,922,1,2022-09-26 13:01:20,R_Wpaa4hM6PyrDjSF,anonymous,ID,1,1,2,10000,20000,20000,30000,50000,5,1,5,2,10000,20000,20000,30000,2,2,3,2,20000,30000,20000,30000,2,2,4,1,3,2,3,10000,1,3,3,4,5,2,21,7,16,79,12,1,3,2,4,1
2022-09-19 13:38:53,2022-09-19 13:39:45,0,11,51,0,2022-09-26 13:39:49,R_0V7qSkI8MKlocz7,anonymous,ID,1,1,1,,,,,,,,,,,,,,,,,,,,,,,,,,,,,,,,,,,,,,,,,,1,4,3,2
2022-09-26 15:00:23,2022-09-26 15:21:26,0,100,1263,1,2022-09-26 15:21:28,R_3gR9KsTMaLZrAri,anonymous,ID,1,1,2,20.000,30.000,30.000,40.000,100.000,1,1,1,2,20.000,30.000,30.000,40.000,3,2,1,2,20.000,30.000,30.000,40.000,1,1,1,1,2,2,2,100.000,4,4,3,4,2,2,46,7,15,79,12,1,3,2,4,1
2022-09-26 02:20:02,2022-09-26 16:36:41,0,100,51398,1,2022-09-26 16:36:41,R_33xnsslGsAgwBux,anonymous,ID,1,1,1,0,20000,20000,30000,100000,1,5,2,2,10000,20000,20000,30000,1,2,3,2,20000,30000,20000,30000,2,5,1,3,2,2,1,30000,1,3,3,4,5,2,51,7,16,79,12,1,1,4,2,3
2022-09-26 22:04:47,2022-09-27 00:07:40,0,100,7373,1,2022-09-27 00:07:41,R_1CaxiwJ6wfTOnCQ,anonymous,EN,1,1,1,10000,10000,20000,20000,50000,1,5,5,2,10000,10000,20000,20000,1,1,3,2,20000,20000,20000,20000,2,5,1,5,2,1,3,5000,1,3,2,4,4,1,21,6,15,122,12,1,4,1,2,3
2022-09-27 02:20:06,2022-09-27 02:38:57,0,100,1130,1,2022-09-27 02:38:57,R_T6prBYPtaGbg0U1,anonymous,ID,0.8999999761581421,1,3,10000,10000,20000,20000,50000,1,5,5,1,10000,10000,20000,20000,1,1,2,2,20000,20000,20000,20000,2,5,1,1,3,1,2,10000,1,3,3,4,3,2,51,6,18,79,12,1,3,4,2,1
2022-09-27 03:24:52,2022-09-27 03:58:47,0,100,2034,1,2022-09-27 03:58:47,R_0GSgIGrT9MjBnKV,anonymous,ID,1,1,3,0,10.000,0,20.000,50.000,2,4,5,2,10.000,10.000,10.000,20.000,2,1,3,1,20.000,20.000,20.000,30.000,2,5,1,1,2,1,3,10.000,1,3,3,4,4,2,51,3,16,79,12,1,3,4,2,1
2022-09-27 07:32:37,2022-09-27 08:08:51,0,100,2173,1,2022-09-27 08:08:51,R_2dWspnh0nae2l7Q,anonymous,ID,0.8999999761581421,1,1,0,10000,0,20000,50000,5,1,1,1,10000,15000,20000,25000,3,1,3,2,20000,25000,20000,25000,2,4,1,5,2,1,1,20000,1,3,3,1,5,2,50,3,16,79,12,1,3,1,2,4
2022-09-20 10:49:08,2022-09-20 10:50:02,0,8,54,0,2022-09-27 10:50:06,R_2X57NhAAe8PHC4d,anonymous,ID,0.8999999761581421,1,,,,,,,,,,,,,,,,,,,,,,,,,,,,,,,,,,,,,,,,,,,3,4,1,2
2022-09-27 11:18:16,2022-09-27 11:37:22,0,100,1145,1,2022-09-27 11:37:22,R_2YPzDtpfpNrhzBn,anonymous,ID,0.800000011920929,1,1,10000,10000,20000,20000,300000,1,5,3,2,10000,10000,20000,20000,3,1,2,3,10000,10000,20000,20000,2,5,1,3,3,1,1,200000,1,4,1,1,4,1,45,6,16,79,12,1,2,1,4,3
2022-09-27 11:50:06,2022-09-27 12:04:16,0,100,849,1,2022-09-27 12:04:17,R_2QAo6J03NFuxhri,anonymous,EN,0.8999999761581421,1,1,0,10000,0,20000,50000,5,1,3,2,0,10000,0,20000,1,1,2,2,10000,20000,20000,20000,2,5,1,5,2,1,1,10000,1,3,2,1,5,1,22,3,15,79,12,1,1,3,4,2
2022-09-20 12:37:09,2022-09-20 12:46:26,0,11,556,0,2022-09-27 12:46:30,R_3GlIxZYWK5N4QIW,anonymous,ID,0.8999999761581421,1,,,,,,,,,,,,,,,,,,2,,,,,,,,,,,,,,,,,,,,,,,,,2,3,1,4
2022-09-20 13:00:35,2022-09-20 13:03:05,0,3,150,0,2022-09-27 13:03:47,R_3LjPDyAvnPHcmrS,anonymous,ID,0.8999999761581421,1,,,,,,,,,,,,,,,,,,,,,,,,,,,,,,,,,,,,,,,,,,,,,,
2022-09-27 13:57:39,2022-09-27 14:10:58,0,100,799,1,2022-09-27 14:10:59,R_1g5xFnWTk3cxuXW,anonymous,ID,1,1,1,10000,20000,20000,40000,100000,5,1,1,2,10000,20000,20000,40000,1,1,1,2,10.000,20.000,20.000,40.000,2,5,1,2,2,1,1,40000,1,3,2,2,3,1,33,6,16,79,12,1,3,4,1,2
2022-09-20 14:48:08,2022-09-20 15:23:02,0,67,2093,0,2022-09-27 15:23:05,R_2scNPl0y1bcicpz,anonymous,ID,0.8999999761581421,1,1,10000,20000,20000,50000,5000,3,1,4,2,10000,20000,20000,50000,1,1,1,2,10000,40000,20000,80000,2,4,3,2,3,1,1,5000,,,,,,,,,,,,,3,2,4,1
2022-09-27 15:24:44,2022-09-27 15:40:39,0,100,955,1,2022-09-27 15:40:39,R_31o1aaiGyx7Rvpi,anonymous,ID,1,1,2,0,10000,0,10000,15000,5,1,5,1,0,10000,0,10000,1,1,3,2,0,10000,0,10000,2,1,4,3,2,1,3,15000,3,3,2,4,4,1,32,2,18,79,12,1,1,2,4,3
2022-09-27 15:42:43,2022-09-27 15:52:38,0,100,594,1,2022-09-27 15:52:38,R_1dz6W7bUYtKllyf,anonymous,ID,0.8999999761581421,1,2,10000,10000,10000,10000,10000,5,1,1,2,10000,10000,20000,20000,3,2,3,3,20000,20000,20000,20000,2,1,1,5,2,2,3,5000,1,4,3,4,3,2,33,4,20,79,12,1,4,3,1,2
2022-09-27 18:37:37,2022-09-27 18:48:00,0,100,622,1,2022-09-27 18:48:00,R_1eDUURo79IAfTE6,anonymous,ID,1,1,1,5000,10000,10000,20000,50000,4,1,1,2,10000,10000,20000,20000,1,1,3,2,10000,20000,20000,25000,2,4,4,4,2,1,3,20000,4,3,2,4,4,1,22,5,14,79,12,1,2,3,1,4
2022-09-20 21:34:28,2022-09-20 21:38:54,0,11,265,0,2022-09-27 21:38:56,R_vIcR95r8c3A5ONz,anonymous,ID,1,1,2,,,,,,,,,,,,,,,,,,,,,,,,,,,,,,,,,,,,,,,,,,1,4,3,2
2022-09-28 02:51:44,2022-09-28 03:02:03,0,100,619,1,2022-09-28 03:02:04,R_ROj1x1Swa0VI9Md,anonymous,ID,1,1,1,8000,10000,15000,20000,15000,5,1,5,2,8000,10000,15000,20000,1,1,3,2,8000,10000,15000,20000,2,1,5,1,2,1,3,5000,1,3,2,4,5,2,23,1,15,79,12,1,1,3,4,2
2022-09-28 02:49:09,2022-09-28 03:03:24,0,100,854,1,2022-09-28 03:03:24,R_2feQuJ4c18pmgQL,anonymous,ID,0.8999999761581421,1,2,0,10000,0,20000,100000,3,2,5,1,0,10000,0,20000,3,1,1,2,0,10000,0,20000,1,3,5,2,3,1,1,25000,1,4,3,4,3,2,35,2,18,79,12,1,2,3,4,1
2022-09-28 03:51:53,2022-09-28 04:09:54,0,100,1081,1,2022-09-28 04:09:55,R_VQFXtCUhzaJwyOd,anonymous,ID,0.8999999761581421,1,1,10.000,10.000,20.000,20.000,50.000,2,2,3,1,10.000,10.000,20.000,20.000,1,1,1,2,15.000,15.000,20.000,20.000,1,2,2,3,2,1,1,10.000,1,3,3,4,3,2,28,7,18,79,12,1,3,2,4,1
2022-09-28 05:20:21,2022-09-28 05:31:06,0,100,644,1,2022-09-28 05:31:07,R_20M66prJIJF1aFs,anonymous,ID,1,1,1,10000,15000,20000,25000,20000,5,1,1,2,10000,15000,20000,25000,1,1,3,2,20000,20000,20000,20000,2,1,3,1,2,1,3,10000,1,3,2,1,5,1,29,1,17,79,12,1,1,2,4,3
2022-09-28 08:36:21,2022-09-28 08:40:32,0,100,250,1,2022-09-28 08:40:32,R_6EWjNvnCEkflHRT,anonymous,ID,0.800000011920929,1,1,10000,10000,25000,25000,10000,2,3,3,1,10000,10000,22000,22000,2,1,2,2,10000,25000,10000,22000,1,3,3,2,1,1,2,10000,1,2,2,2,3,3,22,2,16,79,12,1,1,4,3,2
2022-09-28 08:35:56,2022-09-28 08:40:35,0,100,279,1,2022-09-28 08:40:36,R_ykkNGpjR8hGKj2F,anonymous,ID,0.8999999761581421,1,1,20.000,10.000,20.000,20.000,20.000,5,1,1,1,10.000,20.000,10.000,10.000,2,2,2,2,10.000,20.000,20.000,10.000,2,1,5,1,3,1,3,10.000,3,2,1,1,3,4,20,1,16,79,12,1,2,1,4,3
2022-09-28 08:36:06,2022-09-28 08:42:59,0,100,412,1,2022-09-28 08:43:01,R_2tfhlOzoBs8sf3b,anonymous,ID,0.8999999761581421,1,1,10000,10000,1000,1000,50000,1,1,1,2,25000000,10000,20000,10000,1,1,2,2,100000,2500000,10000,1000,2,1,1,1,1,1,2,1000000000,4,4,3,4,3,3,27,2,16,79,12,1,3,2,1,4
2022-09-28 11:36:11,2022-09-28 11:50:29,0,100,858,1,2022-09-28 11:50:30,R_Df4iLnOwDYK6cyB,anonymous,ID,1,1,3,10.000,15.000,20.000,25.000,60.000,2,4,1,1,10.000,15.000,20.000,25.000,1,2,3,2,10.000,20.000,20.000,30.000,1,2,3,1,1,1,3,20.000,3,1,2,4,3,2,22,1,14,79,12,1,4,3,1,2
2022-09-21 12:29:06,2022-09-21 12:33:28,0,19,262,0,2022-09-28 12:35:41,R_3JCuep3gsIpyO04,anonymous,ID,1,1,,,,,,,,,,,,,,,,,,,,,,,,,,,1,1,2,25000,,,,,,,,,,,,,4,2,3,1
2022-09-21 12:35:53,2022-09-21 12:36:25,0,8,32,0,2022-09-28 12:36:34,R_2CrDcZnokJwFC57,anonymous,ID,0.8999999761581421,1,,,,,,,,,,,,,,,,,,,,,,,,,,,,,,,,,,,,,,,,,,,4,2,3,1
2022-09-21 12:42:58,2022-09-21 12:44:55,0,17,116,0,2022-09-28 12:44:56,R_11YHRqppRoPVx33,anonymous,ID,0.8999999761581421,1,,,,,,,,,,,,,,,,,,,,,,,,,,,2,1,1,,,,,,,,,,,,,,4,2,3,1
2022-09-21 12:44:08,2022-09-21 12:56:37,0,67,749,0,2022-09-28 12:56:40,R_2qr9lKB2cldchMo,anonymous,ID,0.4000000059604645,1,1,0,0,0,0,50.000,5,1,5,2,0,10.000,0,20.000,1,1,2,2,10.000,10.000,20.000,20.000,2,5,1,4,2,1,1,20.000,,,,,,,,,,,,,1,3,4,2
2022-09-21 12:39:16,2022-09-21 12:58:02,0,81,1126,0,2022-09-28 12:58:07,R_31AiwrkzKxSIbvl,anonymous,ID,0.8999999761581421,1,2,10000,50000,20000,100000,10000,2,2,1,2,10000,50000,20000,100000,1,2,1,2,20000,60000,20000,60000,1,5,5,5,2,2,1,3000,1,3,3,1,4,,,,,,,,1,2,4,3
2022-09-21 13:59:41,2022-09-21 14:02:25,0,81,164,0,2022-09-28 14:02:28,R_Z4tsvUDPTpT2XgR,anonymous,ID,1,1,3,10000,10000,20000,20000,10000,3,3,3,2,10000,10000,20000,20000,1,2,1,3,10000,10000,20000,20000,2,3,3,3,3,2,1,10000,2,1,2,2,4,,,,,,,,1,2,3,4
2022-09-21 14:00:24,2022-09-21 14:05:00,0,25,276,0,2022-09-28 14:05:01,R_1DI0SUX1lf707KQ,anonymous,ID,0.8999999761581421,1,1,,,,,,,,,,10000,10000,20000,20000,1,1,3,,,,,,,,,,,,,,,,,,,,,,,,,,2,1,3,4
2022-09-21 14:04:45,2022-09-21 14:20:01,0,50,916,0,2022-09-28 14:20:06,R_aWXgcIcIoLu9vKF,anonymous,ID,0.8999999761581421,1,1,,,,,,,,,,10000,10000,10000,20000,1,2,3,2,20000,30000,20000,20000,2,4,4,4,2,1,3,10000,,,,,,,,,,,,,4,3,1,2
2022-09-21 14:15:07,2022-09-21 14:30:43,0,39,936,0,2022-09-28 14:30:45,R_3iVbNhow1mqIZlH,anonymous,ID,0.8999999761581421,1,1,20.000,50.000,20.0000,50.000,50.000,1,5,5,1,,,,,,,,2,,,,,,,,,2,1,2,10.000,,,,,,,,,,,,,2,4,3,1
2022-09-21 14:53:07,2022-09-21 14:58:18,0,56,310,0,2022-09-28 14:58:19,R_tPq7TNe5YrY33jj,anonymous,ID,0.8999999761581421,1,3,10000,20000,20000,40000,70000,1,1,1,2,10000,20000,20000,40000,,,,3,20000,40000,20000,40000,2,5,1,5,3,2,1,10000,,,,,,,,,,,,,1,4,3,2
2022-09-21 15:03:33,2022-09-21 15:03:57,0,3,23,0,2022-09-28 15:04:00,R_3eaVd6P9WdYS5y4,anonymous,ID,0.8999999761581421,1,,,,,,,,,,,,,,,,,,,,,,,,,,,,,,,,,,,,,,,,,,,,,,
2022-09-28 11:59:34,2022-09-28 15:04:48,0,100,11113,1,2022-09-28 15:04:48,R_27d44miqFV5o5F1,anonymous,ID,1,1,1,0,5000,5000,10000,25000,3,3,5,2,10000,10000,20000,20000,1,2,2,2,20000,20000,20000,20000,2,5,1,5,2,1,2,6000,4,4,1,4,5,4,20,6,22,79,12,2,2,3,4,1
2022-09-21 15:27:30,2022-09-21 15:33:12,0,44,341,0,2022-09-28 15:33:37,R_3Ryg45IIjiAoqa0,anonymous,ID,1,1,1,10000,10000,0,10000,,,,,,10000,10000,0,10000,1,1,3,2,10000,10000,0,10000,1,4,4,4,,,,,,,,,,,,,,,,,3,2,1,4
2022-09-21 15:19:57,2022-09-21 15:37:59,0,19,1081,0,2022-09-28 15:38:03,R_1Ih3wdJyE5wsTSh,anonymous,ID,1,1,2,0,10000,0,20000,100000,,,,,,,,,,,,,,,,,,,,,,,,,,,,,,,,,,,,,1,4,3,2
2022-09-21 15:42:18,2022-09-21 15:47:26,0,33,307,0,2022-09-28 15:47:27,R_rcqQ0Ay2rdPOJW1,anonymous,ID,1,1,,,,,,,,,,,,,,,,,,2,50000,50000,50000,50000,2,5,3,2,2,2,2,1000,,,,,,,,,,,,,4,3,1,2
2022-09-28 21:58:26,2022-09-28 22:14:14,0,100,948,1,2022-09-28 22:14:15,R_QlSDKXBzFHJURy1,anonymous,EN,0.8999999761581421,1,3,0,20000,0,20000,50000,1,5,5,1,10000,30000,10000,40000,1,1,2,2,20000,30000,20000,40000,2,1,5,4,3,1,1,20000,1,3,2,1,4,2,18,7,15,79,12,1,2,3,1,4
2022-09-29 00:17:09,2022-09-29 00:40:09,0,100,1379,1,2022-09-29 00:40:09,R_1fZZ7YFy57CVUQG,anonymous,EN,0.8999999761581421,1,1,10000,15000,15000,25000,70000,3,3,3,2,15000,20000,20000,25000,3,2,3,2,15000,20000,20000,25000,2,4,3,3,2,2,1,45000,1,3,1,1,4,2,18,7,12,79,12,1,4,3,2,1
2022-09-22 04:15:19,2022-09-22 04:30:52,0,67,933,0,2022-09-29 04:30:53,R_3OqWEfdR0I9fWBV,anonymous,ID,0.8999999761581421,1,1,0,10000,0,20000,100000,5,1,1,2,20000,30000,10000,30000,1,1,1,2,20000,30000,20000,30000,2,5,1,1,2,1,1,50000,,,,,,,,,,,,,4,1,2,3
2022-09-22 07:49:28,2022-09-22 08:00:33,0,44,665,0,2022-09-29 08:00:37,R_vMRiROh2NYaMlhL,anonymous,ID,0.8999999761581421,1,3,0,10000,0,20000,50000,,,,,,,,,,,,2,20000,20000,20000,20000,2,4,4,5,2,1,1,20000,,,,,,,,,,,,,3,4,1,2
2022-09-29 09:07:13,2022-09-29 09:09:52,0,100,158,1,2022-09-29 09:09:52,R_3G9eGsj8BwevfbF,anonymous,ID,0.800000011920929,2,,,,,,,,,,,,,,,,,,,,,,,,,,,,,,,,,,,,,,,,,,,,,,
2022-09-29 09:09:58,2022-09-29 09:11:39,8,100,101,1,2022-09-29 09:11:40,R_124jIlqtUJr9Hdd,anonymous,ID,1,2,,,,,,,,,,,,,,,,,,,,,,,,,,,,,,,,,,,,,,,,,,,,,,
2022-09-29 09:03:12,2022-09-29 09:15:47,0,100,754,1,2022-09-29 09:15:47,R_ULOSxUaYuqci3gB,anonymous,ID,0.8999999761581421,1,3,0,10000,10000,30000,20000,1,1,5,1,10000,10000,20000,20000,1,1,3,2,30000,40000,20000,20000,2,5,5,5,1,1,3,10000,3,1,3,1,3,1,23,7,18,79,26,1,4,1,3,2
2022-09-29 09:02:40,2022-09-29 09:17:46,0,100,906,1,2022-09-29 09:17:46,R_2wFzwPvzL877OEu,anonymous,ID,0.8999999761581421,1,1,20.000,30.000,30.000,60.000,20.000,4,4,2,1,10.000,25.000,20.000,40.000,1,2,2,2,10.000,20.000,20.000,40.000,1,4,2,2,1,1,2,10.000,1,3,3,1,3,1,22,1,16,79,12,1,4,2,3,1
2022-09-29 09:03:11,2022-09-29 09:18:02,0,100,890,1,2022-09-29 09:18:02,R_28XMiihoeKLrmAd,anonymous,ID,0.800000011920929,1,1,15000,20000,25000,30000,25000,1,1,1,2,15000,20000,25000,30000,3,2,1,2,15000,20000,25000,30000,2,1,5,1,3,2,2,5000,1,2,3,4,5,1,22,7,15,79,12,1,2,4,1,3
2022-09-29 09:02:42,2022-09-29 09:18:14,0,100,931,1,2022-09-29 09:18:14,R_sB5GTfl25WFyljj,anonymous,ID,0.8999999761581421,1,3,20.000,20.000,10.000,10.000,10.000,2,4,4,1,20.000,20.000,10.000,10.000,2,2,3,2,30.000,30.000,30.000,30.000,1,2,5,4,3,2,3,5000,4,4,3,4,2,1,21,1,15,79,12,1,4,3,1,2
2022-09-29 09:02:56,2022-09-29 09:18:28,0,100,931,1,2022-09-29 09:18:28,R_2CdCbJBmr2bTV98,anonymous,ID,0.8999999761581421,1,1,10.000,15.000,20.000,20.000,25.000,2,1,2,1,10.000,15.000,20.000,25.000,1,1,1,2,10.000,15.000,20.000,25.000,1,4,1,1,2,1,1,10.000,3,3,1,1,4,2,21,7,12,79,12,1,3,1,2,4
2022-09-29 09:02:48,2022-09-29 09:18:34,0,100,945,1,2022-09-29 09:18:34,R_2B2s784RBano6YS,anonymous,ID,0.8999999761581421,1,1,10.000,10.000,25.000,25.000,10.000,1,4,5,2,10.000,10.000,20.000,20.000,1,1,3,2,20.000,20.000,25.000,25.000,1,1,2,2,2,1,3,10.000,3,3,3,1,4,2,21,7,15,79,12,1,4,3,1,2
2022-09-29 09:02:55,2022-09-29 09:20:34,0,100,1058,1,2022-09-29 09:20:34,R_2tfKCaFfxe7TaMq,anonymous,ID,0.800000011920929,1,2,15000,20000,25000,30000,20000,2,4,3,1,15.000,20.000,25.000,30000,1,2,2,3,25000,30000,25000,30000,2,1,2,2,3,2,3,20000,3,2,3,2,3,2,20,2,15,79,12,1,4,1,2,3
2022-09-29 09:02:21,2022-09-29 09:20:36,0,100,1095,1,2022-09-29 09:20:36,R_1eUUwuwkQfFGgdD,anonymous,ID,0.8999999761581421,1,1,15.000,30.000,25.000,40.000,10.000,5,1,1,2,15.000,25.000,25.000,40.000,1,1,1,2,20.000,25.000,25.000,30.000,2,1,3,5,2,2,1,10.000,2,4,1,4,4,2,21,1,12,79,12,1,4,3,2,1
2022-09-29 09:02:19,2022-09-29 09:20:51,0,100,1111,1,2022-09-29 09:20:51,R_1HklE6JclmDiQhQ,anonymous,ID,0.8999999761581421,1,1,20.000,25.000,30.000,35.000,15.000,4,1,2,1,20.000,30.000,30.000,40.000,1,2,3,2,30.000,35.000,30.000,35.000,2,2,5,4,1,2,3,5.000,1,3,2,2,5,2,21,3,12,79,12,1,1,3,4,2
2022-09-29 09:02:24,2022-09-29 09:21:27,0,100,1143,1,2022-09-29 09:21:28,R_qPD81hHXoolkTa9,anonymous,ID,0.800000011920929,1,1,10.000,15.000,20.000,25.000,10.000,5,1,1,1,10.000,15.000,20.000,25.000,1,1,3,2,20.000,20.000,20.000,20.000,2,1,5,1,2,1,3,10.000,2,4,1,1,4,2,21,1,15,79,12,1,1,3,4,2
2022-09-29 09:02:24,2022-09-29 09:21:47,0,100,1163,1,2022-09-29 09:21:47,R_sbpSxgPwl3VWXVD,anonymous,ID,0.8999999761581421,1,2,10.000,15.000,20.000,22.000,10.000,5,2,3,1,10.000,12.000,20.000,22.000,3,2,3,2,15.000,20.000,22.000,22.000,1,2,2,3,2,2,3,10.000,4,4,1,1,5,2,21,1,15,79,12,1,1,4,2,3
2022-09-29 09:03:13,2022-09-29 09:21:55,0,100,1122,1,2022-09-29 09:21:55,R_3stZPGex1fKprj8,anonymous,ID,0.8999999761581421,1,1,10.000,10.009,20.000,20.009,20.000,3,3,3,2,10.000,10.000,20.000,20.000,1,2,1,3,20.000,20.000,20.000,20.000,2,3,3,3,2,2,3,10.000,4,4,3,1,3,2,21,7,15,79,12,1,4,2,1,3
2022-09-29 09:02:50,2022-09-29 09:22:03,0,100,1153,1,2022-09-29 09:22:04,R_12Dq5rY8nlt5CPX,anonymous,ID,,1,2,10.000,15.000,20.000,25.000,25.000,5,4,1,2,5.000,10.000,20.000,25.000,1,1,3,1,25.000,30.000,25.0000,30.000,1,5,2,5,2,1,2,10.000,4,3,2,1,3,2,22,7,12,79,12,1,1,2,3,4
2022-09-29 09:03:30,2022-09-29 09:22:22,0,100,1132,1,2022-09-29 09:22:22,R_3KpdO3WzoBfAf09,anonymous,ID,0.8999999761581421,1,1,15000,15000,25000,25000,50000,4,2,1,2,15000,15000,25000,25000,3,1,3,3,25000,25000,25000,25000,2,2,4,1,3,1,3,10000,1,3,1,4,4,2,21,7,12,79,12,1,1,4,2,3
2022-09-29 09:02:22,2022-09-29 09:23:22,0,100,1260,1,2022-09-29 09:23:22,R_2D2jKGp6CIWKUWY,anonymous,ID,0.8999999761581421,1,3,10.000,20.000,30.000,40.000,100.000,1,5,2,2,20.000,20.000,30.000,30.000,3,1,3,2,30.000,30.000,30.000,30.000,2,5,1,4,3,1,3,20.000,1,4,2,1,4,2,20,5,12,79,12,1,4,1,3,2
2022-09-29 09:03:33,2022-09-29 09:23:23,0,100,1190,1,2022-09-29 09:23:23,R_DUXv9FHLBBRaRzj,anonymous,ID,0.8999999761581421,1,2,15.000,20.000,25.000,35.000,50.000,5,1,2,1,10.000,20.000,25.000,35.000,3,2,1,2,30.000,40.000,10.000,30.000,2,5,5,3,2,1,3,5.000,4,1,3,1,5,2,21,7,15,79,12,1,2,4,3,1
2022-09-29 09:02:48,2022-09-29 09:23:33,0,100,1244,1,2022-09-29 09:23:33,R_3LZvzRr73qz3Z42,anonymous,ID,,1,3,15.000,20.000,25.000,30.000,30.000,3,2,2,1,20.000,25.000,25.000,30.000,3,1,3,2,20.000,25.000,25.000,30.000,1,3,2,3,2,1,3,20.000,3,1,1,1,3,2,21,1,15,79,12,1,3,4,1,2
2022-09-29 09:02:29,2022-09-29 09:23:34,0,100,1264,1,2022-09-29 09:23:35,R_2QAnHb6Szzl1YQo,anonymous,ID,,1,3,40.000,500.000,500.000,590.000,1.000,2,2,1,2,15.000,19.000,29.000,35.000,1,1,2,3,21.000,1.000,69.000,699.0,2,5,5,4,3,1,1,500.000,2,1,1,1,2,1,21,6,32,79,12,2,4,1,2,3
2022-09-29 09:02:20,2022-09-29 09:24:15,0,100,1314,1,2022-09-29 09:24:15,R_1JPmxUytcjjs51H,anonymous,ID,0.8999999761581421,1,2,15.000,20.000,25.000,30.000,50.000,1,5,4,1,15.000,20.000,25.000,30.000,1,2,3,2,25.000,30.000,35.000,40.000,1,3,3,2,2,2,1,50.000,3,1,1,1,3,2,21,7,15,79,12,1,3,1,2,4
2022-09-29 09:03:43,2022-09-29 09:24:21,0,100,1238,1,2022-09-29 09:24:22,R_2wTgBgK8VLqDJzV,anonymous,ID,1,1,3,10000,20000,20000,30000,10000,5,1,5,2,10000,20000,20000,30000,3,2,3,2,25000,30000,25000,30000,2,4,1,5,2,2,3,10000,3,3,3,4,4,2,21,1,12,79,12,1,2,3,1,4
2022-09-29 09:03:17,2022-09-29 09:25:41,0,100,1343,1,2022-09-29 09:25:41,R_1DUPIwAYhv4hScd,anonymous,ID,0.800000011920929,1,1,0,10.000,0,20.000,50.000,3,3,3,1,0,10.000,0,10.000,1,1,3,2,20.000,30.000,20.000,30.000,1,5,5,5,2,1,2,10.000,4,4,3,4,4,2,21,1,15,79,12,1,1,2,4,3
2022-09-29 09:02:40,2022-09-29 09:27:10,0,100,1469,1,2022-09-29 09:27:11,R_3kLAkSk2K1YdMF3,anonymous,ID,0.800000011920929,1,3,10.000,10.000,20.000,20.000,60.000,1,4,4,1,10.000,30.000,20.000,50.000,3,2,2,3,20.000,50.000,20.000,50.000,1,2,3,4,2,2,2,10.000,3,3,3,1,5,2,21,1,12,79,12,1,3,2,1,4
2022-09-29 09:03:24,2022-09-29 09:27:54,0,100,1470,1,2022-09-29 09:27:55,R_1ImcQoEqNGsU5mX,anonymous,ID,,1,1,20.000,30.000,30.000,40.000,20.000,4,4,1,2,20.000,30.000,30.000,40.000,1,2,2,2,20.000,30.000,25.000,30.000,2,1,3,4,2,2,3,10.000,1,4,1,4,5,2,21,1,15,79,12,1,1,2,4,3
2022-09-29 09:02:24,2022-09-29 09:28:06,0,100,1541,1,2022-09-29 09:28:06,R_3CtSBNSKSCQRbNv,anonymous,ID,0.800000011920929,1,1,0,10.000,0,20.000,20.000,5,1,1,2,10.000,20.000,20.000,40.000,1,1,3,2,20.000,40.000,20.000,50.000,2,1,5,5,2,1,3,10.000,1,4,2,4,4,2,21,7,15,79,12,1,3,4,2,1
2022-09-22 01:02:25,2022-09-22 09:58:52,0,6,32186,0,2022-09-29 09:58:55,R_UKivsFQe6xOjmCd,anonymous,ID,0.8999999761581421,1,,,,,,,,,,,,,,,,,,,,,,,,,,,,,,,,,,,,,,,,,,,,,,
2022-09-29 09:21:07,2022-09-29 10:37:19,0,100,4572,1,2022-09-29 10:37:20,R_3KPWYYioTE4L2IN,anonymous,ID,0.8999999761581421,1,2,0,10.000,0,20.000,0,1,1,5,2,10.000,10.000,20.000,20.000,2,1,1,2,10.000,20.000,10.000,20.000,1,1,1,5,2,2,1,15.000,1,3,2,1,5,2,23,1,16,79,12,1,1,3,4,2
2022-09-29 08:45:53,2022-09-29 12:12:33,0,100,12399,1,2022-09-29 12:12:33,R_2cpced2dYi4jZcV,anonymous,ID,0.8999999761581421,1,2,10000,15000,20000,30000,50000,2,4,5,2,10000,15000,20000,3000,1,1,2,2,20000,30000,20000,30000,2,4,2,1,2,2,3,30000,1,3,2,1,4,2,22,2,16,79,12,1,2,3,4,1
2022-09-22 12:22:29,2022-09-22 12:27:44,0,39,314,0,2022-09-29 12:27:53,R_2CO2xxVSTps1ZcJ,anonymous,ID,0.8999999761581421,1,1,8000,12000,15000,25000,100000,2,3,3,1,8000,12000,15000,25000,1,1,1,,,,,,,,,,,,,,,,,,,,,,,,,,2,1,3,4
2022-09-29 13:51:46,2022-09-29 14:02:26,0,100,639,1,2022-09-29 14:02:31,R_1o8c74C8nJRaeMu,anonymous,ID,1,1,2,8000,10000,15000,20000,20000,1,5,1,1,8000,10000,15000,20000,1,1,3,2,8000,10000,15000,20000,1,1,5,1,1,1,2,10000,3,3,1,3,5,1,20,3,16,79,12,1,2,1,3,4
2022-09-29 15:04:27,2022-09-29 15:15:03,0,100,635,1,2022-09-29 15:15:03,R_OOPFED6xzaPQIGl,anonymous,ID,0.8999999761581421,1,1,0,10000,0,20000,10000,5,1,1,2,10000,10000,20000,20000,1,1,2,2,20000,20000,20000,20000,2,4,2,5,2,1,1,10000,1,2,2,1,4,2,33,4,20,79,12,1,4,3,1,2
2022-09-29 15:45:26,2022-09-29 15:50:50,0,100,323,1,2022-09-29 15:50:50,R_3HFFeN1Nds3P9cG,anonymous,ID,0.8999999761581421,1,1,10000,20000,20000,250000,130000,1,2,3,1,10000,20000,20000,25000,2,1,1,1,20000,25000,20000,25000,1,1,1,1,1,1,1,100000,2,1,1,1,3,2,18,2,3,79,12,1,3,1,2,4
2022-09-29 15:45:42,2022-09-29 15:50:55,0,100,312,1,2022-09-29 15:50:56,R_3m4Ny43EyeqHi3S,anonymous,ID,,1,2,10000,20000,10000,20000,10000,3,2,2,1,10000,10000,20000,20000,2,1,2,2,10000,10000,20000,20000,1,3,4,3,2,1,2,1000,2,2,2,2,4,3,23,1,16,79,12,1,4,2,1,3
2022-09-29 15:45:59,2022-09-29 15:54:01,0,100,481,1,2022-09-29 15:54:01,R_vv2MokByrkq3kPf,anonymous,ID,0.800000011920929,1,1,10000,20000,30000,45000,10000,1,5,2,1,10000,20000,30000,45000,2,1,1,1,10000,20000,30000,45000,1,1,1,1,2,1,2,30000,1,1,1,1,5,2,22,1,4,79,12,1,4,1,2,3
2022-09-29 15:51:56,2022-09-29 15:55:10,0,100,193,1,2022-09-29 15:55:10,R_3O8pYTuS5SgxnPy,anonymous,ID,0.8999999761581421,1,1,10000,10000,20000,20000,10000,2,4,4,1,10000,10000,20000,20000,1,1,1,1,10000,20000,20000,20000,1,2,2,2,2,1,2,10000,2,3,2,2,3,2,27,2,19,79,12,1,1,3,4,2
2022-09-29 15:48:17,2022-09-29 15:59:13,0,100,656,1,2022-09-29 15:59:13,R_2CrDcVhu0NGeEhU,anonymous,ID,0.8999999761581421,1,2,15000,15000,20000,250000,250000,3,4,2,1,10000,10000,20000,20000,1,1,1,2,20000,30000,20000,20000,1,4,5,2,1,1,1,20000,2,2,2,2,3,2,29,2,17,79,12,1,4,1,3,2
2022-09-21 15:53:51,2022-09-22 16:00:44,0,50,86813,0,2022-09-29 16:00:51,R_1LqhpsSsbdAQ93t,anonymous,ID,1,1,1,,,,,,,,,,10000,10000,20000,20000,3,2,2,2,10000,10000,20000,20000,2,5,3,1,1,2,2,5000,,,,,,,,,,,,,4,2,3,1
2022-09-22 04:52:02,2022-09-22 16:03:05,0,81,40262,0,2022-09-29 16:03:09,R_2tg23ZM7E7Cp1Qp,anonymous,EN,0.8999999761581421,1,1,10000,10000,20000,20000,100000,1,5,5,2,10000,10000,20000,20000,1,1,3,2,20000,20000,20000,20000,2,3,3,1,2,1,3,50000,1,3,2,1,5,,,,,,,,3,2,1,4
2022-09-29 15:50:16,2022-09-29 16:05:55,0,100,939,1,2022-09-29 16:05:55,R_10V1f3UAzdf5nM9,anonymous,ID,1,1,3,10000,10000,10000,10000,10000,1,1,1,2,10000,10000,10000,10000,1,1,2,2,10000,10000,10000,10000,2,5,5,5,3,2,2,10000,4,4,3,4,3,2,23,1,16,79,12,1,4,1,2,3
2022-09-29 16:03:25,2022-09-29 16:13:03,0,100,578,1,2022-09-29 16:13:04,R_2y1lKgn64jf7ga2,anonymous,ID,0.8999999761581421,1,3,0,10000,0,20000,35000,4,1,3,1,10000,10000,20000,20000,3,1,2,2,20000,20000,20000,20000,1,2,5,3,3,1,3,10000,1,3,2,4,4,1,28,5,16,79,12,1,1,2,4,3
2022-09-29 16:13:23,2022-09-29 16:19:45,0,100,381,1,2022-09-29 16:19:45,R_2rMVXEkBarSaVx8,anonymous,ID,0.8999999761581421,1,1,10000,10000,10000,25000,25000,5,2,3,2,10000,20000,20000,25000,1,2,3,2,20000,20000,20000,25000,2,1,4,3,2,2,3,5000,1,3,1,1,5,2,24,4,12,79,12,1,4,2,3,1
2022-09-29 16:33:30,2022-09-29 16:44:57,0,100,687,1,2022-09-29 16:44:57,R_31Eg98G3cuEv6aW,anonymous,ID,0.8999999761581421,1,2,0,10000,0,20000,50000,1,3,5,2,10000,10000,20000,20000,1,1,3,1,10000,20000,20000,20000,2,5,4,2,1,1,1,15000,1,3,2,1,5,1,28,6,12,79,12,1,2,4,3,1
2022-09-29 16:45:01,2022-09-29 16:51:44,0,100,402,1,2022-09-29 16:51:44,R_3iyf8bMD6aBY21A,anonymous,ID,0.8999999761581421,1,1,0,10000,0,20000,75000,1,5,2,2,10000,10000,20000,20000,1,1,3,2,10000,30000,20000,30000,2,5,1,4,2,1,1,25000,1,3,2,1,5,1,34,6,16,79,12,1,3,4,1,2
2022-09-29 16:51:49,2022-09-29 16:57:31,0,100,342,1,2022-09-29 16:57:31,R_32RtOg4Jja4z9ZS,anonymous,ID,0.8999999761581421,1,3,10000,12000,20000,25000,45000,4,1,3,1,10000,12000,20000,25000,3,2,2,3,20000,20000,20000,25000,1,1,4,3,3,2,3,10000,1,3,3,4,4,1,19,2,12,79,12,1,1,2,3,4
2022-09-29 16:57:37,2022-09-29 17:02:36,0,100,299,1,2022-09-29 17:02:36,R_urcuWZ9EKjG1BG9,anonymous,ID,0.8999999761581421,1,1,0,10000,0,20000,70000,2,2,5,2,10000,10000,20000,20000,1,1,1,2,20000,20000,20000,20000,1,4,4,1,2,1,1,25000,1,3,2,1,4,2,26,6,16,79,12,1,2,4,1,3
2022-09-29 17:03:56,2022-09-29 17:09:29,0,100,333,1,2022-09-29 17:09:30,R_3fCCb9iWyRtTTlI,anonymous,ID,0.8999999761581421,1,2,0,10000,0,10000,50000,2,2,4,1,10000,10000,20000,20000,1,1,2,2,10000,20000,20000,20000,2,4,4,2,2,1,1,10000,1,3,1,4,5,2,20,1,14,79,12,1,1,2,3,4
2022-09-29 17:09:32,2022-09-29 17:15:20,0,100,348,1,2022-09-29 17:15:21,R_3lyvETEELoT2CkY,anonymous,ID,0.8999999761581421,1,2,0,10000,0,20000,45000,4,2,3,2,10000,15000,20000,25000,1,1,3,2,10000,20000,20000,20000,2,2,3,3,2,1,3,10000,1,3,2,1,5,4,27,4,16,79,12,1,1,4,2,3
2022-09-29 17:15:45,2022-09-29 17:23:42,0,100,476,1,2022-09-29 17:23:42,R_uwx4N9HoT2klvNf,anonymous,ID,0.8999999761581421,1,1,0,10000,10000,20000,40000,3,2,5,1,12000,15000,22000,25000,1,1,2,2,20000,20000,22000,25000,1,3,3,1,2,1,3,7000,1,3,3,4,4,2,22,2,16,79,12,1,2,1,4,3
2022-09-29 17:24:30,2022-09-29 17:29:33,0,100,302,1,2022-09-29 17:29:33,R_3nl03XkoTB6z2fB,anonymous,ID,0.8999999761581421,1,3,10000,10000,20000,20000,40000,3,3,4,2,10000,10000,20000,20000,3,1,3,1,20000,20000,20000,20000,2,3,3,2,2,1,3,15000,1,3,2,1,4,1,26,6,16,79,12,1,1,3,2,4
2022-09-29 17:32:24,2022-09-29 17:38:18,0,100,353,1,2022-09-29 17:38:18,R_3QRCpfz4E5SCraG,anonymous,ID,0.8999999761581421,1,1,10000,10000,20000,20000,50000,5,1,3,1,10000,20000,20000,30000,1,1,3,2,20000,20000,20000,20000,1,1,5,3,2,2,3,10000,1,3,2,1,5,2,26,5,16,79,12,1,3,1,2,4
2022-09-29 17:39:07,2022-09-29 17:45:35,0,100,388,1,2022-09-29 17:45:36,R_2wElvAdySmA6k9H,anonymous,ID,0.8999999761581421,1,3,10000,10000,20000,20000,50000,3,2,3,2,10000,10000,20000,20000,3,2,3,3,20000,20000,20000,20000,2,3,4,3,2,2,3,15000,1,3,2,1,4,1,25,6,16,79,12,1,3,4,1,2
2022-09-29 17:46:20,2022-09-29 17:51:02,0,100,282,1,2022-09-29 17:51:03,R_QcuTQmM6OCr2Vdn,anonymous,ID,0.699999988079071,1,3,0,10000,0,20000,70000,5,1,3,2,0,10000,0,20000,3,1,3,3,0,20000,0,20000,2,3,3,2,2,1,1,20000,1,3,2,1,5,1,27,6,16,79,12,1,4,3,1,2
2022-09-29 17:52:59,2022-09-29 17:59:04,0,100,364,1,2022-09-29 17:59:04,R_Z2YRrqzC9i6UMh3,anonymous,ID,0.8999999761581421,1,3,10000,15000,20000,25000,40000,5,3,3,2,12000,15000,25000,30000,3,1,2,3,20000,25000,25000,30000,2,2,5,1,2,1,3,10000,1,3,2,4,5,1,28,5,16,79,12,1,3,1,4,2
2022-09-29 18:06:35,2022-09-29 18:16:55,0,100,620,1,2022-09-29 18:16:56,R_12A72hc3Evif9sc,anonymous,ID,0.8999999761581421,1,2,0,10000,0,20000,50000,5,2,3,1,10000,15000,20000,25000,3,1,2,3,20000,20000,20000,25000,2,3,4,1,3,1,3,10000,1,3,2,1,5,1,27,4,16,79,12,1,1,2,4,3
2022-09-29 18:19:41,2022-09-29 18:26:30,0,100,409,1,2022-09-29 18:26:30,R_2wzEdMrazNBSwLC,anonymous,ID,0.8999999761581421,1,2,10000,20000,20000,40000,50000,4,3,3,1,10000,20000,20000,40000,1,1,2,2,25000,30000,25000,40000,1,2,3,3,2,1,3,15000,1,3,2,1,4,1,30,6,19,79,12,1,3,1,4,2
2022-09-29 18:29:23,2022-09-29 18:38:54,0,100,571,1,2022-09-29 18:38:54,R_3O9G7GfpK5G1VQd,anonymous,ID,1,1,3,10000,20000,20000,40000,50000,5,2,3,2,10000,25000,20000,45000,3,1,2,1,20000,40000,20000,40000,1,4,3,2,2,1,3,10000,1,3,2,1,5,2,26,3,16,79,12,1,3,4,1,2
2022-09-29 18:31:51,2022-09-29 18:46:07,0,100,855,1,2022-09-29 18:46:09,R_3F4oDjW19feqk8w,anonymous,ID,1,1,1,10000,20000,20000,28000,100000,4,1,3,2,15000,30000,20000,35000,1,1,3,3,20000,30000,20000,30000,2,4,4,2,2,1,1,20000,1,3,2,2,3,2,27,6,16,104,12,1,3,2,1,4
2022-09-29 18:37:00,2022-09-29 18:51:58,0,100,897,1,2022-09-29 18:51:58,R_2Cfi7bL17rogTyC,anonymous,ID,0.8999999761581421,1,1,10000,10000,20000,20000,100000,3,2,2,1,10000,10000,20000,20000,1,2,3,2,20000,20000,20000,20000,1,2,1,2,2,2,3,30000,4,4,2,4,3,2,27,7,16,79,12,1,1,3,2,4
2022-09-29 18:40:42,2022-09-29 18:55:43,0,100,900,1,2022-09-29 18:55:43,R_3ilQeBvqo5NSiyB,anonymous,ID,1,1,1,0,10000,0,10000,35000,5,1,1,1,10000,10000,10000,20000,1,1,2,2,200000,200000,20000,20000,1,1,5,5,2,1,2,35000,1,3,2,3,3,1,35,2,17,79,26,1,2,4,1,3
2022-09-29 18:47:14,2022-09-29 18:56:47,0,100,572,1,2022-09-29 18:56:47,R_2zdwRKG9WDlmG7C,anonymous,ID,0.8999999761581421,1,2,0,10000,0,20000,100000,5,1,5,2,15000,15000,25000,25000,1,1,1,1,20000,25000,25000,25000,2,4,2,5,2,1,1,25000,1,3,2,1,5,1,27,6,17,79,12,1,4,1,3,2
2022-09-29 19:09:31,2022-09-29 19:18:28,0,100,536,1,2022-09-29 19:18:29,R_CalyQzEPsDj5WVz,anonymous,ID,0.8999999761581421,1,1,10000,20000,20000,40000,50000,3,3,5,2,10000,20000,20000,40000,1,2,1,2,20000,30000,20000,30000,2,5,4,3,2,1,1,10000,1,3,2,2,5,1,34,5,15,79,12,1,3,4,1,2
2022-09-24 08:21:21,2022-09-29 19:25:25,0,100,471843,1,2022-09-29 19:25:25,R_3rAIjKEbR97kfMR,anonymous,ID,0.8999999761581421,1,1,0,10000,0,20000,30000,5,1,2,2,15000,20000,30000,40000,1,1,3,2,15000,20000,20000,20000,2,5,5,1,2,1,3,20000,1,3,2,3,3,4,25,5,17,79,12,1,4,1,3,2
2022-09-29 19:23:13,2022-09-29 19:37:41,0,100,868,1,2022-09-29 19:37:41,R_UMCIFexPzrQnqjn,anonymous,ID,1,1,1,0,5000,0,10000,50000,1,4,4,1,0,10000,0,20000,1,2,3,2,20000,25000,20000,25000,1,2,2,2,3,2,3,50000,1,3,2,4,4,1,26,1,16,79,12,1,2,1,3,4
2022-09-29 19:50:39,2022-09-29 20:09:03,0,100,1103,1,2022-09-29 20:09:03,R_27J16XyLaRo4k3Y,anonymous,ID,1,1,2,10.000,20.000,20.000,40.000,50.000,2,4,1,2,10.000,20.000,20.000,40.000,1,1,1,2,20.000,40.000,20.000,40.000,2,4,2,1,2,1,1,20.000,1,3,2,3,4,2,29,6,1,79,12,1,1,4,3,2
2022-09-29 21:37:20,2022-09-29 22:20:44,0,100,2603,1,2022-09-29 22:20:44,R_RDDDYVqxbwL66Xv,anonymous,ID,1,1,3,10000,10000,20000,20000,10000,2,2,2,1,10000,10000,20000,20000,3,2,3,3,20000,200002000,20000,20000,1,2,4,4,2,2,3,5000,1,3,2,4,5,2,74,1,18,79,12,1,2,4,3,1
2022-09-29 22:20:16,2022-09-29 22:48:47,0,100,1711,1,2022-09-29 22:48:48,R_1PZDU9T2Dsa8qwc,anonymous,EN,,1,1,10.000,10.000,20.000,20.000,10.000,1,4,2,1,10.000,15.000,10.000,15.000,1,2,3,2,20.000,23.000,20.000,23.000,1,2,3,2,2,2,1,10.000,1,3,3,4,4,2,22,1,16,79,12,1,1,4,2,3
2022-09-29 23:21:15,2022-09-29 23:41:25,0,100,1209,1,2022-09-29 23:41:25,R_6PfY0eIcvZ1Keat,anonymous,ID,0.8999999761581421,1,3,15000,20000,20000,25000,30000,4,1,3,2,10000,20000,20000,25000,1,2,3,2,15000,20000,15000,25000,2,5,3,3,2,2,3,15000,1,3,3,4,3,1,33,7,20,79,12,1,2,3,1,4
2022-09-29 23:47:44,2022-09-29 23:58:53,0,100,669,1,2022-09-29 23:58:55,R_sLmWFe7xwgVdA1b,anonymous,ID,0.8999999761581421,1,1,0,0,0,0,100.000,4,2,5,1,10.000,20.000,20.000,25.000,1,1,2,2,20.000,25.000,20.000,25.000,1,2,4,1,2,2,2,50.000,4,4,3,4,3,2,18,1,15,79,12,1,3,2,1,4
2022-09-30 00:31:35,2022-09-30 00:49:31,0,100,1075,1,2022-09-30 00:49:31,R_spascBz4FSqFhqp,anonymous,ID,0.8999999761581421,1,1,10.000,10.000,20.000,20.000,35.000,3,3,5,1,10.000,10.000,20.000,20.000,1,2,1,2,20.000,20.000,20.000,20.000,1,3,3,3,3,2,1,30.000,1,3,3,4,4,2,23,1,17,79,12,1,3,2,4,1
2022-09-30 01:08:01,2022-09-30 01:20:14,0,100,733,1,2022-09-30 01:20:14,R_VJyaHTUGxuyH1lv,anonymous,ID,1,1,3,10000,10000,20000,20000,10000,1,1,1,2,10000,10000,20000,20000,3,1,2,3,20000,20000,20000,20000,2,5,5,5,3,1,2,10000,1,3,3,4,3,1,26,1,17,79,12,1,1,2,3,4
2022-09-30 01:46:54,2022-09-30 01:59:46,0,100,771,1,2022-09-30 01:59:46,R_3qyEqjAzRJUzJe3,anonymous,ID,1,1,1,10.000,10.000,20.000,20.000,25.000,3,3,3,1,12.500,15.000,22.500,25.000,1,2,3,2,20.000,25.000,30.000,35.000,1,3,3,3,2,2,3,5000,4,4,3,4,3,2,28,1,14,79,12,1,2,1,3,4
2022-09-30 02:22:23,2022-09-30 02:34:20,0,100,717,1,2022-09-30 02:34:21,R_2fCHIiMIswCb8sT,anonymous,ID,0.8999999761581421,1,2,15000,20000,25000,30000,50000,4,2,3,2,15000,20000,25000,30000,2,2,3,2,20000,25000,20000,25000,2,2,3,3,2,2,3,10000,1,3,2,4,3,2,25,6,16,79,12,1,3,2,4,1
2022-09-30 02:58:51,2022-09-30 03:13:44,0,100,893,1,2022-09-30 03:13:46,R_3qw0n8Acez8XdBA,anonymous,ID,0.8999999761581421,1,3,0,10000,0,20000,5000,5,1,5,2,10000,20000,10000,20000,3,1,2,2,20000,20000,20000,20000,2,1,5,1,2,1,3,5000,1,3,3,4,4,1,25,3,16,79,12,1,3,4,2,1
2022-09-23 03:53:37,2022-09-23 03:57:50,0,39,252,0,2022-09-30 03:57:53,R_1irFtK2g58G6IQm,anonymous,ID,0.8999999761581421,1,1,,,,,,,,,,20000,35000,30000,45000,2,2,2,1,50000,50000,50000,50000,1,1,5,4,,,,,,,,,,,,,,,,,3,1,2,4
2022-09-23 04:08:05,2022-09-23 04:09:45,0,8,100,0,2022-09-30 04:09:46,R_3KHm7Jnd9IZihqM,anonymous,ID,1,1,,,,,,,,,,,,,,,,,,,,,,,,,,,,,,,,,,,,,,,,,,,3,1,4,2
2022-09-30 04:25:35,2022-09-30 04:40:51,0,100,916,1,2022-09-30 04:40:51,R_AtCVJMd1GUNfsLn,anonymous,ID,0.8999999761581421,1,1,10000,10000,20000,20000,150000,3,3,1,2,10000,10000,20000,20000,3,1,3,2,10000,10000,20000,20000,2,3,3,1,2,1,3,30000,1,1,3,4,3,2,29,2,9,79,12,1,4,1,2,3
2022-09-30 04:39:01,2022-09-30 04:46:13,0,100,431,1,2022-09-30 04:46:13,R_x9PJjRBUin7G8nf,anonymous,ID,0.4000000059604645,1,1,0,10000,10000,25000,50000,5,1,3,2,10000,20000,20000,30000,1,1,3,1,20000,40000,20000,40000,1,3,4,2,2,1,1,10000,1,3,2,1,4,2,28,5,16,79,12,1,4,3,1,2
2022-09-23 04:34:53,2022-09-23 04:47:40,0,61,766,0,2022-09-30 04:47:44,R_2Soas2yC1AUPLdW,anonymous,ID,0.8999999761581421,1,3,25.000,50.000,25.000,50.000,10.000,1,1,5,,25.000,50.000,25.000,50.000,3,2,1,3,25.000,50.000,25.000,50.000,2,1,5,1,1,1,1,10.000,,,,,,,,,,,,,4,3,2,1
2022-09-30 04:43:12,2022-09-30 04:49:20,0,100,368,1,2022-09-30 04:49:21,R_1JJfaL7kjMgFgCO,anonymous,ID,0.8999999761581421,1,3,50.000,100.000,100.000,200.000,5.000,5,5,5,2,50.000,100.000,100.000,200.000,3,2,2,3,50.000,100.000,100.000,200.000,2,5,5,5,3,2,2,5.000,1,3,2,1,5,1,19,7,13,79,12,1,3,2,4,1
2022-09-30 04:43:04,2022-09-30 04:51:38,0,100,513,1,2022-09-30 04:51:39,R_0CYOz7UUlrmgHkZ,anonymous,ID,0.8999999761581421,1,1,15000,20000,25000,30000,150000,2,1,2,1,15000,20000,25000,30000,1,1,2,1,15000,20000,25000,30000,1,1,2,3,1,1,2,10000,3,3,1,3,2,2,20,1,12,79,12,1,2,3,4,1
2022-09-23 04:35:26,2022-09-23 04:51:51,0,67,985,0,2022-09-30 04:51:55,R_2Y6cANUMu5f1YhD,anonymous,ID,1,1,2,10000,20000,20000,30000,25000,1,3,1,2,10000,20000,20000,30000,1,1,1,2,20000,30000,20000,30000,2,1,1,1,2,1,1,5000,,,,,,,,,,,,,3,4,2,1
2022-09-30 04:43:25,2022-09-30 04:52:03,0,100,518,1,2022-09-30 04:52:04,R_2BsV2gt8cQ6MJdL,anonymous,ID,0.8999999761581421,1,1,11000,12000,21000,22000,7000,3,3,3,1,11000,12000,21000,22000,2,1,1,2,11000,12000,21000,22000,1,3,3,3,1,1,1,11000,2,3,3,1,3,2,19,7,12,79,12,1,4,2,3,1
2022-09-30 04:43:29,2022-09-30 04:52:16,0,100,527,1,2022-09-30 04:52:17,R_ZJ0M2jEKXcBg1H3,anonymous,ID,1,1,2,10.000,15.000,20.000,25.000,100.000,4,4,4,2,15.000,20.000,25.000,30.000,1,2,1,2,25.000,30.000,25.000,30.000,2,5,3,4,2,2,1,10.000,2,3,2,1,5,1,19,1,13,79,12,1,4,2,3,1
2022-09-30 04:43:02,2022-09-30 04:53:06,0,100,603,1,2022-09-30 04:53:06,R_1Kdq1EpcW3YtsPH,anonymous,ID,0.8999999761581421,1,2,10000,15000,20000,30000,15000,5,1,4,2,10.000,15.000,20.000,30000,3,2,3,3,10000,15000,20000,30000,2,5,1,1,3,2,3,15000,2,3,1,2,4,1,20,1,12,79,12,1,4,1,2,3
2022-09-30 04:43:11,2022-09-30 04:53:07,0,100,595,1,2022-09-30 04:53:07,R_31oNc9rT9zVa9xa,anonymous,ID,0.800000011920929,1,1,15.000,20.000,25.000,30.000,20.000,2,4,3,1,15.000,20.000,25.000,30.000,2,2,3,2,25.000,30.000,25.000,30.000,2,2,4,2,1,2,3,20.000,1,3,3,1,4,2,18,1,13,79,12,1,2,3,1,4
2022-09-30 04:43:09,2022-09-30 04:53:29,0,100,619,1,2022-09-30 04:53:29,R_3JfHU52X8QJa8Mx,anonymous,ID,0.8999999761581421,1,3,10000,20000,20000,30000,50000,2,4,4,2,20000,30000,30000,40000,3,2,3,3,30000,40000,30000,4000,2,2,3,2,3,2,3,10000,2,3,2,3,3,2,19,1,12,79,12,1,1,3,4,2
2022-09-30 04:43:07,2022-09-30 04:53:34,0,100,626,1,2022-09-30 04:53:34,R_2pVsM7qRHMZSjZg,anonymous,ID,0.8999999761581421,1,1,20000,30000,25000,30000,25000,1,2,2,1,15000,20000,25000,30000,1,2,3,2,15000,20000,25000,30000,1,2,2,2,2,2,3,25000,1,3,2,1,3,1,20,7,12,79,12,1,1,2,4,3
2022-09-30 04:43:06,2022-09-30 04:53:57,0,100,651,1,2022-09-30 04:53:57,R_2tFFZH1sxoFtFwS,anonymous,ID,0.8999999761581421,1,3,10000,15000,20000,20000,20000,4,2,1,2,10000,15000,20000,25000,1,2,3,2,20000,25000,20000,25000,2,4,2,1,2,2,3,10000,1,3,1,3,4,1,19,1,13.5,79,12,1,2,3,4,1
2022-09-30 04:43:05,2022-09-30 04:54:23,0,100,677,1,2022-09-30 04:54:23,R_28ZZwPTGMkBxkdq,anonymous,ID,1,1,1,10000,15000,20000,25000,4000,1,1,5,2,10000,15000,20000,25000,2,2,3,2,20000,25000,20000,25000,2,5,5,1,2,2,3,4000,1,3,1,2,5,1,19,7,12,79,12,1,1,4,2,3
2022-09-30 04:43:06,2022-09-30 04:54:24,0,100,677,1,2022-09-30 04:54:24,R_Tc1PB445M7CZuRr,anonymous,ID,0.8999999761581421,1,1,22.000,25.000,25.000,27.000,5000,5,3,4,1,22.000,25.000,25.000,27.000,1,2,3,1,22.000,25.000,25.000,27.000,1,5,3,4,2,2,3,5000,3,3,1,4,4,2,17,1,12,79,12,1,4,3,1,2
2022-09-30 04:43:10,2022-09-30 04:54:27,0,100,676,1,2022-09-30 04:54:28,R_2VPYvhoZJ1uMTCM,anonymous,ID,0.800000011920929,1,1,20.000,40.000,30.000,50.000,40.000,3,3,2,2,20.000,40.000,30.000,50.000,1,2,1,2,20.000,40.000,30.000,50.000,2,2,2,3,2,2,1,40.000,2,3,2,1,4,1,20,1,9,79,12,1,3,2,1,4
2022-09-30 04:43:37,2022-09-30 04:54:41,0,100,664,1,2022-09-30 04:54:42,R_3gTpZs5TpnVprop,anonymous,ID,0.8999999761581421,1,2,10000,10000,20000,20000,25000,5,1,2,2,10000,10000,20000,20000,1,1,3,2,20000,20000,20000,20000,2,2,5,2,2,1,3,15000,1,3,2,1,4,2,18,7,12,79,12,1,1,3,4,2
2022-09-23 04:55:27,2022-09-23 04:55:50,0,3,23,0,2022-09-30 04:55:51,R_3h9ClViUejpA2fL,anonymous,ID,0.8999999761581421,1,,,,,,,,,,,,,,,,,,,,,,,,,,,,,,,,,,,,,,,,,,,,,,
2022-09-30 04:43:46,2022-09-30 04:56:32,0,100,765,1,2022-09-30 04:56:32,R_12FlmGQfDmb05ur,anonymous,ID,0.8999999761581421,1,3,20000,20000,30000,30000,20000,1,5,1,2,20000,20000,30000,30000,3,1,2,3,20000,20000,30000,30000,2,1,5,1,3,1,2,10000,2,3,3,2,5,2,20,7,12,79,12,1,4,1,3,2
2022-09-30 04:43:21,2022-09-30 04:56:54,0,100,812,1,2022-09-30 04:56:54,R_2S2Y3vhLvgNY37G,anonymous,ID,1,1,3,10.000,15.000,20.000,25.000,30.000,4,3,2,2,10.000,20.000,20.000,30.000,1,2,3,1,20.000,30.000,20.000,30.000,2,4,3,3,2,2,3,15.000,2,3,1,1,3,2,21,1,12,79,12,1,1,4,2,3
2022-09-30 04:43:15,2022-09-30 04:56:55,0,100,819,1,2022-09-30 04:56:55,R_1o8cgBwx83wy1mq,anonymous,ID,0.8999999761581421,1,2,10000,15000,20000,250000,70000,4,3,3,1,10000,15000,20000,25000,2,2,3,2,10000,15000,20000,25000,2,4,3,3,1,2,3,20000,3,4,1,4,5,2,19,1,12,79,12,1,1,2,3,4
2022-09-30 04:43:28,2022-09-30 04:57:04,0,100,815,1,2022-09-30 04:57:05,R_2YDEnOVtbDtg89g,anonymous,ID,0.8999999761581421,1,1,10000,10000,20000,20000,50000,3,3,3,2,10000,20000,20000,30000,1,2,1,2,20000,20000,20000,30000,2,3,3,3,2,2,1,30000,1,1,3,1,3,2,20,1,12,79,12,1,2,1,3,4
2022-09-30 04:43:01,2022-09-30 04:57:19,0,100,857,1,2022-09-30 04:57:19,R_SUJ0tCc9s9Hf6Ap,anonymous,ID,0.8999999761581421,1,3,15.000,20.000,25.000,30.000,100.000,2,5,1,1,15.000,20.000,25.000,30.000,3,1,1,1,20.000,30.000,30.000,40.000,2,5,1,1,3,1,1,15.000,3,4,1,4,5,2,19,1,12,79,26,1,2,3,4,1
2022-09-30 04:43:16,2022-09-30 04:57:40,0,100,863,1,2022-09-30 04:57:40,R_3n7q4fXz9gfHyic,anonymous,ID,0.800000011920929,1,3,10.000,15.000,20.000,25.000,40.000,2,2,3,2,15.000,20.000,20.000,25.000,3,2,3,2,20.000,25.000,20.000,25.000,2,3,3,3,2,1,3,15.000,3,3,1,1,3,2,20,1,12,79,12,1,2,1,3,4
2022-09-30 04:43:00,2022-09-30 04:58:00,0,100,899,1,2022-09-30 04:58:00,R_2tbciry5l5NNpvJ,anonymous,ID,1,1,1,25.000,30.000,30.000,35.000,50.000,4,4,1,1,25.000,30.000,30.000,35.000,3,2,2,1,25.000,30.000,30.000,35.000,1,2,4,4,3,2,2,50.000,2,4,3,3,4,2,20,7,12,79,12,1,2,1,3,4
2022-09-30 04:43:08,2022-09-30 04:58:32,0,100,924,1,2022-09-30 04:58:34,R_2fCddOnsk4rxk6q,anonymous,ID,0.8999999761581421,1,1,12999,13999,23999,24499,30000,5,1,2,1,12499,13000,22999,23000,1,2,1,2,15999,16000,23000,23999,1,1,4,3,2,2,1,20000,1,3,2,2,4,1,20,7,12,79,12,1,1,3,4,2
2022-09-30 04:43:13,2022-09-30 04:58:43,0,100,929,1,2022-09-30 04:58:43,R_3hbaBRwaUpgzrpe,anonymous,ID,0.8999999761581421,1,1,20000,30000,20000,30000,6000,1,3,2,2,20000,30000,20000,30000,1,2,2,2,20000,30000,20000,30000,2,2,3,4,1,2,2,6000,3,3,2,2,3,1,20,1,12,79,12,1,2,4,3,1
2022-09-30 04:43:08,2022-09-30 04:58:57,0,100,948,1,2022-09-30 04:58:57,R_2zvhEWIFZNIkMDA,anonymous,ID,0.8999999761581421,1,3,20.000,45.000,30.000,55.000,100.000,3,3,3,2,20.000,45.000,30.000,55.000,3,2,1,3,20.000,45.000,30.000,55.000,2,3,3,3,1,2,1,15.000,1,1,1,2,3,2,20,7,12,79,12,1,2,4,3,1
2022-09-30 04:49:49,2022-09-30 04:58:57,0,100,548,1,2022-09-30 04:58:58,R_2tJPAclPHe4YKpC,anonymous,ID,0.800000011920929,1,3,20000,30000,20000,30000,30000,1,2,2,1,20000,30000,20000,30000,1,1,2,1,20000,30000,20000,30000,1,1,2,4,2,2,1,10000,2,2,1,3,3,1,18,1,13,79,12,1,4,3,2,1
2022-09-30 04:43:14,2022-09-30 04:59:24,0,100,970,1,2022-09-30 04:59:25,R_1GZEMsaqpBQNOmT,anonymous,ID,0.8999999761581421,1,3,10000,15000,20000,25000,70000,1,5,5,2,15000,20000,25000,30000,3,1,3,2,25000,30000,25000,30000,2,5,5,2,2,1,3,20000,1,4,3,4,4,2,18,1,13,79,12,1,4,2,1,3
2022-09-30 04:43:07,2022-09-30 04:59:31,0,100,983,1,2022-09-30 04:59:31,R_3fMD4Gmt1vIdxJG,anonymous,ID,0.8999999761581421,1,2,50.000,100.000,60.000,120.000,200.000,5,1,1,2,50.000,100.000,60.000,120.000,1,1,3,2,50.000,100.000,60.000,120.000,2,1,5,1,2,1,3,200.000,3,3,1,4,2,2,19,1,12,79,12,1,1,3,2,4
2022-09-30 04:43:05,2022-09-30 04:59:50,0,100,1004,1,2022-09-30 04:59:50,R_3lAiCLeMQMiX0Cm,anonymous,ID,0.8999999761581421,1,1,15000,20000,25000,30000,50000,3,3,3,1,15000,25000,25000,35000,1,2,3,2,15000,25000,25000,35000,1,3,3,3,2,2,3,10000,2,2,1,1,3,2,19,7,13,79,12,1,4,3,1,2
2022-09-30 04:43:22,2022-09-30 04:59:57,0,100,994,1,2022-09-30 04:59:58,R_3CE0f1cQh05vdlj,anonymous,ID,0.8999999761581421,1,1,8000,15000,18000,25000,100000,4,2,2,2,8000,15000,18000,25000,1,2,3,2,22000,28000,27000,35000,2,4,2,3,2,2,3,10000,1,1,1,3,4,1,20,1,12,79,12,1,2,4,3,1
2022-09-30 04:43:03,2022-09-30 05:00:03,0,100,1019,1,2022-09-30 05:00:04,R_DoYMhzpxQU3TT6V,anonymous,ID,0.8999999761581421,1,1,20000,20000,20000,20000,50000,1,5,4,2,10000,15000,20000,25000,1,2,1,2,20000,25000,20000,25000,2,1,5,2,1,1,1,20000,1,3,1,3,3,1,19,1,13,79,12,1,3,4,1,2
2022-09-30 04:50:52,2022-09-30 05:00:49,0,100,597,1,2022-09-30 05:00:50,R_vouG5IcwWcGhvwJ,anonymous,ID,1,1,2,50.000,50.000,50.000,50.000,20.000,3,3,3,1,50.000,50.000,50.000,50.000,1,2,3,2,50.000,50.000,80.000,80.000,1,2,3,3,2,2,3,20.000,1,1,1,2,3,2,19,1,13,79,12,1,3,4,2,1
2022-09-30 04:43:13,2022-09-30 05:02:38,0,100,1164,1,2022-09-30 05:02:38,R_2YxpRPzUUznJfg0,anonymous,ID,0.8999999761581421,1,3,10000,15000,20000,25000,30000,4,3,2,2,15000,10000,25000,30000,2,1,3,3,20000,25000,20000,25000,2,4,3,2,1,1,3,5000,1,3,1,1,4,2,20,7,13,79,12,1,4,3,2,1
2022-09-30 04:43:41,2022-09-30 05:02:57,0,100,1156,1,2022-09-30 05:02:57,R_bsmi0HeHW2T80vf,anonymous,ID,0.8999999761581421,1,1,15000,20000,20000,25000,30000,3,3,3,2,15000,20000,20000,25000,1,2,3,2,20000,25000,25000,30000,2,3,2,3,2,2,3,20000,2,3,1,2,3,2,19,1,13,79,12,1,2,1,3,4
2022-09-30 04:43:07,2022-09-30 05:04:58,0,100,1310,1,2022-09-30 05:04:58,R_1N3sZPQMdfRarvH,anonymous,ID,1,1,1,10000,20000,20000,30000,100000,1,4,1,2,15000,20000,30000,40000,1,2,2,2,30000,40000,30000,40000,2,1,4,1,1,2,1,20000,1,1,1,3,5,1,20,1,12,79,12,1,4,1,3,2
2022-09-30 04:55:28,2022-09-30 05:13:21,0,100,1072,1,2022-09-30 05:13:21,R_3qqwDI0RFJEj3bT,anonymous,ID,0.800000011920929,1,2,20000,20000,15000,25000,5000,5,1,5,2,15000,25000,20000,25000,3,2,1,2,15000,25000,20000,25000,2,1,5,1,3,2,1,5000,1,2,2,3,4,2,24,1,15,79,12,1,1,4,3,2
2022-09-30 05:17:45,2022-09-30 05:24:57,0,100,431,1,2022-09-30 05:24:57,R_80bS2EFomsQBjWh,anonymous,ID,0.4000000059604645,1,3,10000,15000,10000,25000,40000,4,2,3,2,10000,20000,20000,30000,1,2,3,1,20000,40000,20000,40000,2,2,4,3,2,1,3,10000,1,3,2,1,4,1,27,4,16,79,12,1,3,4,1,2
2022-09-30 05:14:44,2022-09-30 05:29:05,0,100,860,1,2022-09-30 05:29:05,R_1geykeMxHye7Qop,anonymous,ID,0.8999999761581421,1,2,20000,200000,60000,600000,1000000,1,5,5,2,30000,300000,60000,600000,1,2,1,1,300000,3000000,60000,600000,2,5,1,1,2,1,1,100000,2,1,1,2,2,1,35,4,18,79,12,1,2,4,1,3
2022-09-30 05:06:40,2022-09-30 05:33:17,0,100,1596,1,2022-09-30 05:33:17,R_1Q0pdB0ZEbDMvnO,anonymous,ID,0.8999999761581421,1,3,15.000,20.000,15.000,20.000,120.000,5,1,2,2,10.000,15.000,15.000,20.000,1,2,3,2,10.000,20.000,10.000,20.000,2,3,2,2,2,2,3,15.000,4,2,2,4,3,2,26,1,21,79,12,1,1,3,2,4
2022-09-30 04:43:53,2022-09-30 05:45:35,0,100,3701,1,2022-09-30 05:45:35,R_2WwN9ib4t4XW0rm,anonymous,ID,0.8999999761581421,1,1,20000,30000,40000,60000,15000,5,4,5,2,20000,30000,30000,40000,2,2,3,2,30000,40000,40000,50000,2,1,5,1,2,2,3,20000,2,2,1,2,3,2,20,7,12,79,12,1,1,3,2,4
2022-09-30 05:02:17,2022-09-30 05:52:50,0,100,3032,1,2022-09-30 05:52:50,R_3jSyqfzbt6Qw3Gi,anonymous,ID,0.8999999761581421,1,1,0,0,0,0,30.000,4,1,4,2,10.000,10.000,20.000,20.000,2,2,2,1,20.000,25.000,20.000,20.000,2,2,5,2,2,1,1,15.000,1,4,3,4,4,2,26,1,17,79,12,1,1,3,2,4
2022-09-23 05:57:24,2022-09-23 06:09:03,0,58,699,0,2022-09-30 06:09:07,R_1MZjimjJ2z6uZz4,anonymous,ID,0.8999999761581421,1,1,15000,15000,25000,26000,6000,,,,,15000,15000,25000,25000,1,1,1,2,10000,10000,25000,25000,2,1,1,1,2,1,2,5000,,,,,,,,,,,,,4,3,1,2
2022-09-30 05:58:49,2022-09-30 06:12:40,0,100,831,1,2022-09-30 06:12:40,R_3L1DsbhQBDsvvhP,anonymous,ID,1,1,2,10000,15000,20000,25000,15000,3,2,3,2,10000,15000,20000,25000,1,2,3,2,20000,25000,30000,35000,2,4,3,2,1,2,3,8000,1,3,3,1,3,1,24,1,18,79,12,1,3,4,2,1
2022-09-23 06:07:37,2022-09-23 06:21:28,0,36,830,0,2022-09-30 06:21:29,R_1gpPEUIidRi26Yp,anonymous,ID,1,1,3,10000,20000,20000,20000,100000,1,2,2,1,,,,,,,,2,10000,10000,20000,20000,1,,,,,,,,,,,,,,,,,,,,1,4,2,3
2022-09-23 05:57:31,2022-09-23 06:22:16,0,81,1485,0,2022-09-30 06:22:19,R_cCtMHFZUpFDnRAt,anonymous,ID,1,1,2,10.000,10.000,20.000,20.000,10.000,1,2,1,2,10.000,10.000,20.000,20.000,3,1,2,2,10.000,10.000,20.000,20.000,1,1,1,1,2,1,2,5000,3,3,3,4,4,,,,,,,,3,4,1,2
2022-09-23 06:33:28,2022-09-23 06:33:42,0,8,14,0,2022-09-30 06:33:48,R_1Ca4vemwUUDcIij,anonymous,ID,0.8999999761581421,1,,,,,,,,,,,,,,,,,,,,,,,,,,,,,,,,,,,,,,,,,,,3,4,1,2
2022-09-30 07:14:28,2022-09-30 07:34:12,0,100,1183,1,2022-09-30 07:34:12,R_24IUUxcxiyN9tts,anonymous,ID,1,1,1,10000,10000,20000,25000,200000,2,2,2,1,10000,15000,20000,30000,1,1,1,1,20000,25000,20000,30000,1,4,4,4,3,1,1,100000,4,3,2,4,4,2,26,1,12,79,12,1,4,1,3,2
2022-09-30 07:46:48,2022-09-30 07:54:42,0,100,473,1,2022-09-30 07:54:44,R_3QF6r8v9o6HD3ib,anonymous,ID,0.8999999761581421,1,1,10000,15000,20000,25000,500000,1,3,2,1,10000,15000,20000,25000,1,2,3,2,10000,15000,20000,25000,1,1,1,1,1,2,3,500000,1,1,1,1,3,3,23,1,17,79,26,1,3,1,2,4
2022-09-23 08:07:25,2022-09-23 08:15:46,0,19,501,0,2022-09-30 08:15:50,R_CjMoRBz5sXJndJL,anonymous,ID,0.8999999761581421,1,,,,,,,,,,,,,,,,,,,,,,,,,,,2,2,1,25000,,,,,,,,,,,,,3,2,4,1
2022-09-30 08:00:35,2022-09-30 08:20:02,0,100,1166,1,2022-09-30 08:20:02,R_1JITrhWnXeCDn56,anonymous,ID,0.4000000059604645,1,1,0,0,10.000,10.000,50.000,5,3,5,2,0,0,10.000,10.000,1,2,1,2,10.000,10.000,15.000,15.000,2,4,3,1,2,1,1,10.000,1,4,2,4,4,4,23,1,16,79,26,1,4,2,1,3
2022-09-30 08:18:43,2022-09-30 08:30:24,0,100,700,1,2022-09-30 08:30:25,R_2SDm5V4RdgGpmO2,anonymous,ID,1,1,1,0,10000,10000,10000,17000,3,4,3,1,10000,10000,20000,20000,1,2,1,2,20000,20000,20000,20000,1,3,4,2,2,2,1,10000,4,4,3,4,4,2,20,7,12,79,12,1,2,4,1,3
2022-09-30 08:18:57,2022-09-30 08:32:17,0,100,800,1,2022-09-30 08:32:17,R_1pY9H4uEBl2n2RE,anonymous,ID,0.8999999761581421,1,3,0,25000,0,40000,50000,5,4,3,2,15000,25000,25000,40000,1,2,2,1,30000,50000,30000,50000,2,5,2,4,1,2,2,10000,1,2,2,4,5,1,26,2,12,79,12,1,4,1,3,2
2022-09-30 08:30:54,2022-09-30 08:44:36,0,100,822,1,2022-09-30 08:44:36,R_22RgpD2uyp6tZjQ,anonymous,ID,0.8999999761581421,1,2,10000,12000,20000,22000,20000,4,2,1,2,10000,15000,20000,23000,3,1,3,2,15000,20000,20000,25000,2,4,2,1,2,2,3,10000,1,3,2,4,4,2,25,1,16,84,12,1,4,3,2,1
2022-09-30 09:00:31,2022-09-30 09:06:07,0,100,335,1,2022-09-30 09:06:07,R_2vjKEcPVaWEDANs,anonymous,ID,0.800000011920929,1,1,10000,10000,20000,20000,40000,4,2,3,2,10000,10000,10000,10000,1,1,3,2,20000,20000,20000,20000,2,3,4,2,2,2,3,5000,1,3,2,1,5,1,26,5,16,79,12,1,2,1,4,3
2022-09-30 08:49:18,2022-09-30 09:06:22,0,100,1023,1,2022-09-30 09:06:22,R_ZrCbaxgjMNRNBQJ,anonymous,ID,0.8999999761581421,1,2,8.000,10.000,10.000,20.000,100.000,5,1,4,2,8.000,10.000,10.000,20.000,1,2,3,1,10.000,15.000,15.000,20.000,1,4,2,2,2,1,2,20.000,1,4,3,4,4,2,27,1,17,79,12,1,4,2,1,3
2022-09-23 08:03:55,2022-09-23 09:15:34,0,53,4299,0,2022-09-30 09:24:29,R_2zkAv9hm4Cra5fb,anonymous,ID,0.8999999761581421,1,3,10000,10000,20000,20000,100000,1,1,1,2,10000,10000,20000,20000,3,2,2,3,,,,,,,,,3,1,2,50000,,,,,,,,,,,,,3,1,4,2
2022-09-30 09:26:45,2022-09-30 09:34:16,0,100,450,1,2022-09-30 09:34:16,R_3niTMxRma5RdNDo,anonymous,ID,0.800000011920929,1,3,10000,10000,20000,20000,60000,4,2,3,2,10000,20000,20000,30000,3,1,3,3,20000,30000,20000,40000,2,3,4,2,2,1,3,10000,1,3,2,4,4,1,27,6,16,79,12,1,4,1,3,2
2022-09-30 09:17:53,2022-09-30 09:36:18,0,100,1105,1,2022-09-30 09:36:19,R_1daf0mLFSLaLQXU,anonymous,ID,0.8999999761581421,1,3,5000,10000,10000,20000,50000,5,1,1,2,10000,20000,20000,30000,3,1,1,2,20000,30000,20000,30000,2,5,5,1,2,1,1,20000,1,1,2,4,5,2,35,2,15,79,12,1,3,4,2,1
2022-09-30 09:27:23,2022-09-30 09:39:40,0,100,736,1,2022-09-30 09:39:40,R_2SoWRvGoA1xj8C7,anonymous,ID,1,1,2,0,10000,0,20000,50000,5,2,1,2,10000,10000,20000,20000,1,1,3,2,20000,20000,20000,20000,2,2,4,4,2,1,3,15000,1,1,2,2,4,2,27,1,16,79,12,1,4,1,2,3
2022-09-30 09:23:53,2022-09-30 09:41:22,0,100,1048,1,2022-09-30 09:41:22,R_1nUPHtNG1KsxmFk,anonymous,ID,0.8999999761581421,1,2,0,0,0,0,10.000,1,5,5,2,10.000,10.000,20.000,20.000,1,2,1,2,20.000,20.000,20.000,20.000,2,5,1,5,2,2,1,10.000,1,3,2,4,5,1,47,1,17,79,12,1,2,3,1,4
2022-09-30 09:39:34,2022-09-30 09:50:58,0,100,684,1,2022-09-30 09:51:00,R_2bVL2G8SivuYHUp,anonymous,ID,0.8999999761581421,1,1,10000,15000,20000,25000,25000,4,3,3,2,10.000,15.000,20.000,25.000,3,2,3,1,10000,20000,10000,20000,2,3,3,3,2,1,1,5000,4,4,3,4,3,2,27,1,18,79,12,1,4,1,3,2
2022-09-30 09:39:04,2022-09-30 10:03:37,0,100,1472,1,2022-09-30 10:03:37,R_wZtqxmKW40AgYbD,anonymous,ID,0.800000011920929,1,2,10000,20000,20000,30000,30000,5,2,3,1,20.000,30.000,30.000,50.000,1,1,3,2,20000,30000,20000,30000,1,2,4,2,1,2,3,5000,1,3,3,4,4,1,24,2,12,79,12,1,3,1,4,2
2022-09-30 10:17:23,2022-09-30 10:21:48,0,100,265,1,2022-09-30 10:21:49,R_1kHXdNAOkmI9voH,anonymous,ID,0.800000011920929,1,1,10000,15000,10000,20000,50000,3,3,4,1,10000,10000,20000,20000,1,1,2,1,10000,15000,20000,20000,1,1,2,2,2,1,2,5000,4,4,3,4,3,2,20,1,15,79,12,1,1,4,3,2
2022-09-30 10:20:24,2022-09-30 10:32:30,0,100,726,1,2022-09-30 10:32:31,R_2ePie7YhKpTm7HX,anonymous,ID,1,1,3,5000,10000,10000,20000,25000,3,3,3,1,10000,10000,20000,20000,2,2,3,3,20000,20000,20000,20000,1,3,3,3,3,2,3,5000,4,4,3,4,3,2,25,1,18,65,12,1,1,2,3,4
2022-09-30 09:15:42,2022-09-30 10:42:52,0,100,5230,1,2022-09-30 10:42:53,R_1OuCSevgpycOeg8,anonymous,ID,0.8999999761581421,1,1,0,0,0,0,5.000,4,3,2,2,10.000,10.000,10.000,10.000,1,2,2,2,20.000,20.000,20.000,20.000,2,4,3,2,2,2,2,5.000,1,3,2,4,4,1,28,1,19,79,12,1,3,4,1,2
2022-09-30 09:14:57,2022-09-30 10:43:23,0,100,5305,1,2022-09-30 10:43:23,R_4J7ZNKA1TVwLPFv,anonymous,ID,1,1,1,5000,10000,15000,20000,400000,4,1,1,1,10000,15000,20000,25000,1,2,3,2,10000,20000,20000,30000,2,1,4,1,1,2,1,20000,3,3,2,4,5,1,26,3,13,79,12,1,1,4,2,3
2022-09-23 06:16:41,2022-09-23 11:17:35,0,19,18054,0,2022-09-30 11:17:41,R_pbz53gjHiXOltgl,anonymous,ID,1,1,1,10000,10000,25000,30000,1,,,,,,,,,,,,,,,,,,,,,,,,,,,,,,,,,,,,,1,4,3,2
2022-09-30 11:04:53,2022-09-30 11:22:18,0,100,1045,1,2022-09-30 11:22:19,R_1q3CRUY1h4mySQm,anonymous,ID,1,1,1,10000,150000,20000,25000,25000,4,2,5,2,10000,15000,20000,25000,1,1,3,2,20000,25000,20000,25000,2,5,1,5,1,1,3,5000,3,1,1,4,4,2,24,2,19,79,12,1,1,4,3,2
2022-09-30 10:02:09,2022-09-30 11:26:13,0,100,5043,1,2022-09-30 11:26:13,R_2sTtdsM6DpjePzd,anonymous,ID,1,1,1,5000,10000,15000,20000,45000,4,3,4,2,10000,20000,15000,20000,1,2,3,2,10000,20000,20000,35000,2,4,2,1,2,2,2,15000,3,3,2,4,4,2,27,4,17,79,12,1,1,4,2,3
2022-09-30 11:20:36,2022-09-30 11:28:10,0,100,454,1,2022-09-30 11:28:11,R_0q7fVZtWoOLiMzD,anonymous,ID,0.800000011920929,1,1,10000,20000,20000,30000,40000,5,1,3,1,10000,20000,20000,30000,1,2,2,2,20000,30000,20000,40000,1,2,4,2,2,2,3,5000,1,3,3,4,4,2,20,1,12,79,12,1,3,2,4,1
2022-09-30 10:04:53,2022-09-30 11:43:58,0,100,5945,1,2022-09-30 11:43:58,R_2ymAZDxvMRWiSn7,anonymous,ID,0.8999999761581421,1,1,10000,10000,20000,20000,20000,2,4,4,1,10000,10000,20000,20000,1,2,2,2,20000,20000,20000,20000,2,2,4,2,2,2,3,5000,4,3,2,1,3,2,27,4,20,79,12,1,4,1,3,2
2022-09-30 11:22:44,2022-09-30 12:29:01,0,100,3976,1,2022-09-30 12:29:01,R_3Hh5pn7mg6NxE25,anonymous,ID,0.8999999761581421,1,1,10000,10000,25500,25500,45000,1,5,1,1,10000,10000,25500,25500,1,2,3,1,25500,25500,25500,25500,1,5,1,5,2,1,1,15000,1,3,3,1,5,1,46,6,12,79,12,1,2,4,1,3
2022-09-30 04:43:18,2022-09-30 12:37:54,0,100,28475,1,2022-09-30 12:37:54,R_2QLp61qaFSOsbeF,anonymous,ID,1,1,1,10000,10000,20000,20000,50000,1,1,5,2,10000,15000,20000,25000,1,1,3,2,10000,15000,20000,20000,2,1,5,5,2,1,3,10000,1,3,2,1,4,2,19,1,12,79,12,1,4,3,2,1
2022-09-23 12:57:51,2022-09-23 13:01:57,0,39,245,0,2022-09-30 13:01:59,R_u2PeeSrAvqSkyjv,anonymous,ID,1,1,1,,,,,,,,,,15000,20000,25000,30009,1,1,1,1,10000,11000,21000,25000,1,1,2,2,,,,,,,,,,,,,,,,,3,1,2,4
2022-09-30 11:48:14,2022-09-30 13:02:10,0,100,4436,1,2022-09-30 13:02:11,R_1n8aZekxGpEp1lq,anonymous,ID,1,1,1,7000,15000,15000,30000,15000,5,1,5,2,7000,15000,15000,30000,1,1,3,1,7000,15000,15000,30000,2,3,5,1,2,2,3,5000,1,3,3,4,3,1,26,1,18,79,12,1,2,4,3,1
2022-09-30 13:11:51,2022-09-30 13:34:10,0,100,1339,1,2022-09-30 13:34:10,R_1CCtI0rSZFHZ98a,anonymous,ID,1,1,2,0,20000,0,30000,50000,4,2,4,2,10000,20000,20000,30000,1,1,3,1,20000,30000,20000,35000,2,5,3,4,2,2,3,20000,1,3,2,2,3,1,51,6,16,79,12,1,3,2,1,4
2022-09-30 13:32:59,2022-09-30 13:41:18,0,100,498,1,2022-09-30 13:41:18,R_3G1EhjyojG6EsYz,anonymous,ID,1,1,1,5000,10000,7000,15000,70000,5,1,5,2,5000,10000,7000,15000,1,1,3,2,5000,1000,7000,15000,2,5,1,5,2,1,1,30000,1,3,2,3,3,1,26,1,18,79,12,1,2,4,3,1
2022-09-30 13:38:34,2022-09-30 13:46:07,0,100,452,1,2022-09-30 13:46:07,R_BwStFneIAUrBXW1,anonymous,ID,1,1,1,5000,10000,20000,25000,20000,3,4,1,2,5000,10000,10000,20000,2,1,3,2,20000,25000,20000,25000,2,3,4,2,2,2,3,5000,1,1,2,3,4,2,29,1,17,79,12,1,3,4,2,1
2022-09-30 13:37:18,2022-09-30 13:46:21,0,100,542,1,2022-09-30 13:46:22,R_3F3fNionFZ6ZsjW,anonymous,ID,0.8999999761581421,1,1,0,0,0,0,50000,1,1,1,2,10000,10000,20000,20000,1,1,3,2,10000,20000,20000,20000,1,5,5,5,2,1,3,10000,1,3,2,3,4,1,52,6,16,79,12,1,4,1,3,2
2022-09-30 14:57:32,2022-09-30 15:06:30,0,100,537,1,2022-09-30 15:06:32,R_a4MAZp8uiCgSz7P,anonymous,ID,0.8999999761581421,1,1,0,10.000,20.000,20.000,10.000,1,5,2,2,10.000,20.000,20.000,20.000,3,1,1,2,10.000,20.000,20.000,20.000,2,1,1,2,3,1,1,10.000,4,4,1,4,3,2,23,7,16,79,12,1,3,4,1,2
2022-09-30 15:24:28,2022-09-30 15:37:59,0,100,811,1,2022-09-30 15:37:59,R_1o20FNQItWMwmFY,anonymous,ID,0.8999999761581421,1,3,0,0,0,0,50000,1,1,1,2,0,0,0,0,3,1,1,2,0,0,0,0,2,5,5,5,3,1,1,30000,1,3,2,3,4,1,30,6,19,79,12,1,1,2,3,4
2022-09-30 15:39:58,2022-09-30 16:04:57,0,100,1498,1,2022-09-30 16:04:58,R_xfJWL1cqpJKKzRf,anonymous,ID,0.800000011920929,1,1,0,10000,0,20000,30000,2,4,2,2,0,10000,0,20000,2,1,2,2,25000,25000,25000,25000,1,2,3,2,2,1,3,5000,3,3,1,3,3,1,26,7,18,79,12,1,3,4,1,2
2022-09-30 16:04:42,2022-09-30 16:22:55,0,100,1092,1,2022-09-30 16:22:55,R_Oa03fwhPqTzZFmx,anonymous,ID,1,1,1,10000,20000,20000,30000,30000,5,1,3,2,15000,20000,30000,40000,1,1,2,2,20000,25000,25000,30000,2,1,5,1,2,2,3,10000,1,4,3,4,5,2,22,1,16,79,12,1,4,1,3,2
2022-09-30 17:50:42,2022-09-30 18:09:31,0,100,1129,1,2022-09-30 18:09:32,R_2lx88EpWaVqpgNH,anonymous,ID,0.699999988079071,1,1,10000,15000,20000,20000,25000,5,1,2,1,10000,15000,10000,20000,1,2,2,2,20000,25000,20000,30000,2,4,4,2,2,2,3,20000,1,4,3,4,5,2,26,2,18,79,12,1,3,4,2,1
2022-09-30 19:48:48,2022-09-30 20:04:17,0,100,928,1,2022-09-30 20:04:17,R_1MPQ0jPRTMySPvw,anonymous,ID,0.8999999761581421,1,1,30.000,50.000,30.000,50.000,50.000,5,1,1,2,30.000,50.000,30.000,50.000,1,2,3,2,30.000,50.000,30.000,50.000,2,4,2,1,2,2,3,20.000,1,3,3,4,5,2,28,1,16,65,12,1,3,2,1,4
2022-09-30 19:57:34,2022-09-30 20:08:03,0,100,629,1,2022-09-30 20:08:03,R_3PYvGzIQmtJEtMv,anonymous,ID,0.800000011920929,1,3,10.000,20.000,20.000,40.000,50.000,5,1,1,1,10.000,20.000,20.000,40.000,1,1,3,2,20.000,30.000,20.000,30.000,2,1,5,5,2,1,3,5.000,1,3,1,1,5,2,22,6,16,79,12,1,1,2,4,3
2022-09-23 20:44:25,2022-09-23 20:45:36,0,8,70,0,2022-09-30 20:45:48,R_A4E0WzpFDr4VzeV,anonymous,ID,0.8999999761581421,1,,,,,,,,,,,,,,,,,,,,,,,,,,,,,,,,,,,,,,,,,,,1,3,2,4
2022-09-23 21:00:45,2022-09-23 21:12:48,0,31,722,0,2022-09-30 21:12:53,R_27wByEvEvi8RuVC,anonymous,ID,0.8999999761581421,1,,,,,,,,,,,10000,15000,20000,25000,3,2,1,,,,,,,,,,3,2,3,,,,,,,,,,,,,,4,1,3,2
2022-09-23 23:40:28,2022-09-23 23:41:09,0,3,40,0,2022-09-30 23:41:15,R_PYsXCm8fHI0HgEF,anonymous,ID,0.8999999761581421,1,,,,,,,,,,,,,,,,,,,,,,,,,,,,,,,,,,,,,,,,,,,,,,
2022-09-23 23:39:57,2022-09-23 23:41:26,0,14,88,0,2022-09-30 23:41:28,R_1PRZYhQn7n0gEjC,anonymous,ID,0.8999999761581421,1,,,,,,,,,,,,,,,,,,,,,,,,,,,2,1,,,,,,,,,,,,,,,4,3,2,1
2022-09-30 23:49:03,2022-10-01 00:06:23,0,100,1039,1,2022-10-01 00:06:23,R_2QWZNaAN5jlJy7V,anonymous,EN,1,1,1,10000,20000,10000,20000,50000,1,5,5,2,10000,20000,10000,20000,1,1,2,2,20000,30000,20000,30000,2,3,3,2,2,1,3,10000,1,3,2,1,5,1,25,6,17,187,12,1,2,4,1,3
2022-09-24 00:11:32,2022-09-24 00:18:58,0,33,446,0,2022-10-01 00:19:01,R_2XgPFWKSwITfzRQ,anonymous,ID,0.8999999761581421,1,1,10000,10000,20000,20000,50000,,,,,,,,,,,,2,20000,20000,20000,200000,1,5,5,1,,,,,,,,,,,,,,,,,2,3,1,4
2022-09-23 21:04:41,2022-09-24 01:14:38,0,11,14996,0,2022-10-01 01:14:45,R_qOQmsYQKpQWSWg9,anonymous,ID,1,1,3,,,,,,,,,,,,,,,,,,,,,,,,,,,,,,,,,,,,,,,,,,1,3,2,4
2022-09-24 01:44:57,2022-09-24 01:45:46,0,11,49,0,2022-10-01 01:45:53,R_s5uilNOJKjsVnPP,anonymous,ID,1,1,,,,,,,,,,,,,,,,,,2,,,,,,,,,,,,,,,,,,,,,,,,,3,4,1,2
2022-09-24 02:10:58,2022-09-24 02:11:32,0,8,33,0,2022-10-01 02:11:41,R_2Pq8TSCtUUpF8cB,anonymous,ID,0.8999999761581421,1,,,,,,,,,,,,,,,,,,,,,,,,,,,,,,,,,,,,,,,,,,,3,1,2,4
2022-09-24 02:44:37,2022-09-24 02:44:54,0,3,16,0,2022-10-01 02:45:02,R_2bUGYsrHRo4yVa8,anonymous,ID,1,1,,,,,,,,,,,,,,,,,,,,,,,,,,,,,,,,,,,,,,,,,,,,,,
2022-09-24 03:12:58,2022-09-24 03:14:29,0,11,90,0,2022-10-01 03:14:31,R_1pWNBh7TzU0VHNs,anonymous,ID,0.8999999761581421,1,1,,,,,,,,,,,,,,,,,,,,,,,,,,,,,,,,,,,,,,,,,,1,3,4,2
2022-10-01 04:11:30,2022-10-01 04:26:29,0,100,898,1,2022-10-01 04:26:29,R_yOyoDBDkZlTN4J3,anonymous,ID,0.8999999761581421,1,1,10000,20000,20000,30000,10000,2,2,4,2,10000,20000,20000,30000,1,1,1,2,20000,30000,20000,30000,2,2,2,1,2,1,1,10000,3,3,3,4,3,1,25,1,17,79,12,1,4,1,2,3
2022-10-01 04:35:29,2022-10-01 04:48:45,0,100,795,1,2022-10-01 04:48:45,R_3MEcmKEtjZkeUMd,anonymous,ID,0.800000011920929,1,3,10000,10000,20000,20000,30000,5,2,5,2,10000,10000,20000,20000,3,2,3,3,10000,10000,20000,20000,2,1,5,5,3,2,3,7000,1,3,2,3,3,1,26,1,16,79,12,1,1,4,3,2
2022-09-24 05:05:51,2022-09-24 05:09:28,0,19,217,0,2022-10-01 05:09:35,R_1j6wltmtmgrNOAA,anonymous,ID,0.699999988079071,1,,,,,,,,,,,,,,,,,,2,10000,10000,20000,20000,2,,,,,,,,,,,,,,,,,,,,2,4,1,3
2022-09-30 06:07:14,2022-10-01 06:00:55,0,100,86021,1,2022-10-01 06:00:56,R_2BzipBvCRlUsI6S,anonymous,ID,0.800000011920929,1,2,5000,12000,15000,25000,35000,2,4,5,2,10000,15000,20000,30000,1,1,3,1,20000,25000,20000,25000,2,4,2,1,2,1,3,10000,1,3,2,4,5,1,25,7,16,79,12,1,1,3,2,4
2022-09-23 21:43:39,2022-09-24 06:01:25,0,61,29866,0,2022-10-01 06:01:30,R_1dbtbp11RgDi7f3,anonymous,ID,0.8999999761581421,1,3,15000,20000,25000,40000,50000,5,1,4,2,15000,20000,25000,40000,1,1,2,2,250000,40000,25000,40000,2,3,5,1,2,1,2,,,,,,,,,,,,,,1,3,2,4
2022-09-24 06:03:37,2022-09-24 06:03:50,0,3,13,0,2022-10-01 06:03:55,R_2y2UNOolJrFQagW,anonymous,ID,1,1,,,,,,,,,,,,,,,,,,,,,,,,,,,,,,,,,,,,,,,,,,,,,,
2022-10-01 06:05:47,2022-10-01 06:36:26,0,100,1839,1,2022-10-01 06:36:28,R_1gc1Nxo0MD37oU6,anonymous,EN,0.8999999761581421,1,1,0,10000,0,30000,80000,1,5,3,2,10000,20000,20000,40000,2,1,2,2,20000,30000,20000,40000,2,2,3,3,1,1,1,8000,1,3,1,1,5,2,23,6,16,187,12,1,2,1,4,3
2022-10-01 06:41:05,2022-10-01 06:50:22,0,100,557,1,2022-10-01 06:50:23,R_3NyLEftuefZhJ66,anonymous,ID,1,1,2,10000,15000,20000,30000,50000,4,2,3,2,10000,15000,20000,30000,1,1,3,2,20000,25000,20000,30000,2,3,4,2,2,2,3,10000,1,3,1,1,5,1,26,6,16,79,12,1,1,4,2,3
2022-09-24 06:47:01,2022-09-24 06:57:05,0,19,604,0,2022-10-01 06:57:08,R_ZIQGk3riQ07tsv7,anonymous,ID,1,1,,,,,,,,,,,,,,,,,,3,20.000,20.000,20.000,20.000,2,,,,,,,,,,,,,,,,,,,,3,2,1,4
2022-09-30 06:15:42,2022-10-01 07:10:25,0,100,89682,1,2022-10-01 07:10:25,R_AcTabQnjVeWLSet,anonymous,ID,0.8999999761581421,1,2,5.000,10.000,10.000,25.000,150.000,1,5,4,2,10.000,12.000,20.000,22.000,1,2,1,2,25.000,30.000,25.000,35.000,2,4,3,3,1,2,1,25.000,1,3,2,1,5,1,28,6,16,79,12,1,2,1,3,4
2022-09-24 03:01:31,2022-09-24 07:40:25,0,44,16733,0,2022-10-01 07:40:26,R_CftnBZNXm1BmiIh,anonymous,ID,1,1,3,20000,25000,25000,32000,25000,2,3,2,1,,,,,,,,2,15000,20000,23000,27000,1,2,3,3,2,1,,,,,,,,,,,,,,,2,4,1,3
2022-09-24 09:10:54,2022-09-24 09:11:32,0,8,38,0,2022-10-01 09:11:38,R_3RjR6Kyl1PO3MQB,anonymous,ID,1,1,,,,,,,,,,,,,,,,,,,,,,,,,,,,,,,,,,,,,,,,,,,1,3,2,4
2022-09-24 09:28:29,2022-09-24 09:29:57,0,11,88,0,2022-10-01 09:30:02,R_b8fzUQaGanZ1vaN,anonymous,ID,0.8999999761581421,1,,,,,,,,,,,,,,,,,,,,,,,,,,,2,,,,,,,,,,,,,,,,4,2,3,1
2022-09-24 00:17:36,2022-09-24 09:58:18,0,8,34842,0,2022-10-01 09:58:19,R_2QXKDJFw0Z3tZ12,anonymous,ID,0.8999999761581421,1,,,,,,,,,,,,,,,,,,,,,,,,,,,,,,,,,,,,,,,,,,,3,1,2,4
2022-09-24 09:54:14,2022-09-24 10:01:40,0,44,446,0,2022-10-01 10:01:41,R_2cwKIm4nXHiTnxG,anonymous,ID,1,1,3,10000,10000,15000,20000,30000,4,3,5,1,10000,10000,15000,20000,1,,,,,,,,,,,,2,2,1,10000,,,,,,,,,,,,,2,3,4,1
2022-09-24 11:11:45,2022-09-24 11:12:51,0,8,65,0,2022-10-01 11:12:55,R_2PbsOHBzvMBb8ED,anonymous,ID,1,1,,,,,,,,,,,,,,,,,,,,,,,,,,,,,,,,,,,,,,,,,,,4,1,2,3
2022-09-24 12:33:05,2022-09-24 12:39:35,0,42,389,0,2022-10-01 12:39:36,R_3OryQPei9IyeLAW,anonymous,ID,0.8999999761581421,1,1,15000,3000,25000,50000,,,,,,15000,30000,25000,50000,1,1,3,,,,,,,,,,1,1,3,10000,,,,,,,,,,,,,3,1,4,2
2022-09-24 13:26:00,2022-09-24 13:27:13,0,11,72,0,2022-10-01 13:27:14,R_2f1YW7ig2SwyEag,anonymous,ID,0.8999999761581421,1,2,,,,,,,,,,,,,,,,,,,,,,,,,,,,,,,,,,,,,,,,,,1,4,2,3
2022-09-24 13:25:40,2022-09-24 13:27:23,0,11,103,0,2022-10-01 13:27:27,R_cHJ9i4B16HW3zjP,anonymous,ID,0.8999999761581421,1,,,,,,,,,,,,,,,,,,2,,,,,,,,,,,,,,,,,,,,,,,,,2,3,1,4
2022-10-01 13:42:26,2022-10-01 13:57:29,0,100,903,1,2022-10-01 13:57:30,R_1GBT6lRyL4BofTr,anonymous,ID,0.8999999761581421,1,1,5000,10000,10000,20000,100.000,5,1,5,1,10.000,10.000,20.000,20.000,1,1,3,2,20000,25000,20000,25000,1,4,4,1,2,1,3,15.000,1,4,3,4,3,2,35,4,21,79,12,1,4,3,2,1
2022-10-01 13:45:30,2022-10-01 14:00:53,0,100,923,1,2022-10-01 14:00:54,R_1QKLZvAgBuHGE8G,anonymous,ID,0.8999999761581421,1,1,25000,50000,50000,100000,200000,2,4,2,2,20000,30000,30000,50000,1,2,2,2,20000,30000,30000,50000,2,4,2,4,2,2,2,20000,1,3,2,1,4,1,28,5,18,79,12,1,1,4,2,3
2022-10-01 14:00:08,2022-10-01 14:07:14,0,100,425,1,2022-10-01 14:07:14,R_3MyOZL2ljBlYDMl,anonymous,ID,0.8999999761581421,1,1,0,10000,0,20000,100000,5,1,5,1,10000,15000,20000,25000,1,1,3,2,20000,20000,20000,20000,2,4,5,1,2,1,3,20000,1,3,3,4,4,2,35,5,21,79,12,1,4,2,3,1
2022-10-01 14:37:31,2022-10-01 14:57:44,0,100,1212,1,2022-10-01 14:57:44,R_2YEwT3aPYZcEqaJ,anonymous,ID,0.800000011920929,1,1,0,15000,5000,20000,30000,3,4,3,1,10000,10000,10000,10000,1,2,3,2,20000,20000,20000,20000,1,3,3,3,2,2,3,35000,1,4,3,4,5,2,25,2,16,84,12,1,1,4,3,2
2022-10-01 14:53:55,2022-10-01 15:11:21,0,100,1046,1,2022-10-01 15:11:22,R_1g59Y6SnJYPk0h7,anonymous,ID,0.8999999761581421,1,1,0,15000,0,25000,40000,5,1,3,2,5000,15000,10000,25000,1,2,3,1,20000,25000,20000,30000,2,1,4,5,2,2,1,8000,3,4,2,1,3,2,26,1,17,79,12,1,1,2,3,4
2022-10-01 15:20:13,2022-10-01 15:27:04,0,100,410,1,2022-10-01 15:27:04,R_2fkOV722ejLIdTH,anonymous,ID,1,1,3,10000,20000,20000,30000,100000,5,1,3,2,10000,20000,20000,30000,3,1,3,2,20000,30000,20000,30000,2,3,4,1,2,1,1,10000,1,3,2,1,5,1,26,6,16,79,12,1,2,4,3,1
2022-10-01 15:51:53,2022-10-01 16:08:03,0,100,970,1,2022-10-01 16:08:04,R_b7SgyhOERSSDzON,anonymous,ID,0.8999999761581421,1,1,0,10000,0,20000,150000,1,4,4,2,10000,10000,20000,20000,1,1,3,2,10000,15000,20000,20000,2,5,5,3,1,1,3,50000,1,3,1,1,3,2,22,7,19,79,12,1,3,4,2,1
2022-10-01 15:56:49,2022-10-01 16:20:31,0,100,1422,1,2022-10-01 16:20:31,R_2WUWKiu07fC3N9d,anonymous,ID,1,1,1,20000,20000,30000,30000,50000,3,1,3,2,20000,20000,30000,30000,2,1,2,2,40000,40000,40000,40000,2,3,4,3,3,2,2,10000,1,3,3,1,2,2,34,7,17,79,12,1,1,3,2,4
2022-10-01 16:05:42,2022-10-01 16:24:31,0,100,1129,1,2022-10-01 16:24:31,R_2DLA7YDiJoKjpsV,anonymous,ID,0.8999999761581421,1,2,15000,25000,23000,33000,20000,5,1,5,1,11000,15000,20000,25000,1,2,2,2,30000,45000,30000,45000,1,1,5,1,2,1,2,5000,1,1,2,1,4,2,28,1,18,79,12,1,3,2,4,1
2022-09-24 16:38:01,2022-09-24 16:39:37,0,19,96,0,2022-10-01 16:39:38,R_WAkCnsTttnARmQp,anonymous,ID,1,1,,,,,,,,,,,,,,,,,,2,30000,40000,30000,40000,2,,,,,,,,,,,,,,,,,,,,3,2,1,4
2022-10-01 16:33:28,2022-10-01 17:05:34,0,100,1925,1,2022-10-01 17:05:34,R_7Wf2VUtpKGMxYsh,anonymous,ID,1,1,2,10000,20000,20000,30000,30000,4,1,3,1,10000,20000,20000,30000,1,1,2,2,20000,30000,20000,30000,1,3,3,3,2,1,3,5000,1,3,3,4,3,2,24,7,17,84,12,1,2,3,1,4
2022-10-01 17:05:13,2022-10-01 17:27:21,0,100,1328,1,2022-10-01 17:27:21,R_oZX0T3QXmC529AB,anonymous,ID,0.8999999761581421,1,1,0,10000,10000,10000,50000,1,5,1,2,10000,10000,10000,20000,1,2,3,2,10000,10000,10000,15000,2,3,1,5,2,2,3,15000,1,3,2,4,5,1,33,1,17,79,12,1,4,1,2,3
2022-09-24 17:33:07,2022-09-24 17:34:06,0,8,58,0,2022-10-01 17:34:08,R_1Nhn3HCvNEzQ3r7,anonymous,ID,1,1,,,,,,,,,,,,,,,,,,,,,,,,,,,,,,,,,,,,,,,,,,,2,3,1,4
2022-10-01 18:23:19,2022-10-01 18:42:50,0,100,1171,1,2022-10-01 18:42:52,R_3scqtmqVMaIOirL,anonymous,ID,1,1,1,10000,10000,10000,10000,30000,1,4,2,2,10000,10000,10000,10000,3,1,1,2,20000,20000,20000,20000,2,4,4,3,2,1,1,30000,1,3,1,3,4,2,60,2,18,79,12,2,3,2,1,4
2022-10-01 18:31:51,2022-10-01 18:45:23,0,100,811,1,2022-10-01 18:45:23,R_2WUTDy3mcOtJkq0,anonymous,ID,0.8999999761581421,1,3,10000,20000,20000,30000,80000,4,2,3,2,10000,20000,20000,30000,1,1,2,3,20000,30000,20000,40000,2,3,4,1,2,1,1,15000,1,3,2,4,5,2,28,5,28,79,12,1,4,2,1,3
2022-10-01 18:46:17,2022-10-01 18:54:25,0,100,488,1,2022-10-01 18:54:25,R_22Y0DUuTjPIC1xf,anonymous,ID,0.8999999761581421,1,1,10000,15000,20000,30000,100000,4,3,3,2,15000,20000,20000,30000,1,1,2,2,20000,30000,20000,40000,1,3,4,2,2,2,3,10000,1,3,2,1,4,1,26,6,16,79,12,1,1,2,3,4
2022-10-02 00:31:01,2022-10-02 00:39:07,0,100,485,1,2022-10-02 00:39:07,R_1BQPJClh9bm1o86,anonymous,ID,1,1,3,10000,10000,20000,20000,20000,5,1,4,1,10000,10000,20000,20000,3,2,3,2,20000,20000,20000,20000,1,2,4,2,3,2,1,10000,4,2,2,1,5,2,23,2,17,84,12,1,1,2,3,4
2022-10-01 15:17:31,2022-10-02 00:40:54,0,100,33802,1,2022-10-02 00:40:54,R_1n9EWDSFdaz4HjD,anonymous,ID,0.8999999761581421,1,2,10.000,15.000,20.000,25.000,150.000,1,5,1,2,10.000,15.000,20.000,25.000,3,1,1,2,10.000,20.000,20.000,25.000,2,4,5,5,2,1,1,10.000,3,4,3,4,4,2,48,6,15,79,12,1,4,2,1,3
2022-10-02 00:43:32,2022-10-02 01:07:19,0,100,1427,1,2022-10-02 01:07:19,R_2VeZuaiF6NczxJZ,anonymous,ID,1,1,1,0,20000,0,30000,50000,5,1,1,2,10000,20000,10000,30000,1,1,2,2,20000,30000,20000,40000,2,2,3,4,2,1,3,10000,1,3,2,1,5,2,25,5,15,79,12,1,3,2,1,4
2022-09-25 02:38:45,2022-09-25 02:39:04,8,3,19,0,2022-10-02 02:39:05,R_1juK4srTDYOWlu3,anonymous,ID,0.800000011920929,1,,,,,,,,,,,,,,,,,,,,,,,,,,,,,,,,,,,,,,,,,,,,,,
2022-10-02 03:37:05,2022-10-02 03:47:06,0,100,601,1,2022-10-02 03:47:08,R_2eajrrhM4QP8QET,anonymous,ID,0.8999999761581421,1,3,15000,20000,25000,30000,100000,3,2,4,2,15000,20000,25000,30000,1,1,2,2,20000,30000,25000,30000,2,3,4,2,2,1,3,10000,1,3,2,1,5,1,26,6,16,79,12,1,4,1,2,3
2022-10-02 05:31:42,2022-10-02 05:43:15,0,100,693,1,2022-10-02 05:43:17,R_1mUcxq1sSTsS2ze,anonymous,ID,0.8999999761581421,1,2,10000,100000,10000,50000,50000,3,4,4,2,10000,50000,10000,30000,1,1,2,2,10000,50000,10000,30000,2,4,4,4,2,1,2,10.000,1,4,2,1,5,2,26,1,16,79,12,1,2,3,4,1
2022-09-25 08:01:01,2022-09-25 08:03:00,0,11,119,0,2022-10-02 08:03:04,R_2q7s5D4nU4X35KS,anonymous,ID,0.8999999761581421,1,1,,,,,,,,,,,,,,,,,,,,,,,,,,,,,,,,,,,,,,,,,,1,2,4,3
2022-10-02 08:40:20,2022-10-02 08:50:04,0,100,583,1,2022-10-02 08:50:06,R_3oTOErUsFOLzDHE,anonymous,ID,0.800000011920929,1,1,10000,15000,20000,30000,100000,5,2,3,2,10000,25000,20000,35000,1,1,3,2,20000,25000,20000,30000,2,3,4,2,2,1,3,20000,1,3,2,1,4,1,26,6,16,79,12,1,1,3,2,4
2022-10-02 09:34:42,2022-10-02 09:58:34,0,100,1432,1,2022-10-02 09:58:35,R_0e02d8g3VCEkzgR,anonymous,EN,1,1,1,10000,20000,10000,40000,150000,3,5,1,1,10000,20000,20000,40000,1,2,3,2,20000,40000,20000,40000,1,5,2,1,1,2,3,75000,1,3,3,4,4,2,26,4,16,84,24,1,3,2,4,1
2022-09-25 10:06:23,2022-09-25 10:09:29,0,25,186,0,2022-10-02 10:09:36,R_3FWKd8hWhSoJkxM,anonymous,ID,0.8999999761581421,1,,,,,,,,,,,,,,,,,,3,10000,15000,20000,30000,1,4,1,3,2,,,,,,,,,,,,,,,,4,3,1,2
2022-10-02 10:25:38,2022-10-02 10:34:46,0,100,548,1,2022-10-02 10:34:46,R_1BWTPgVUOzRabfo,anonymous,ID,0.8999999761581421,1,3,5000,10000,10000,20000,50000,3,2,4,2,5000,10000,10000,20000,3,2,1,2,10000,20000,20000,40000,2,3,2,4,2,2,1,25000,1,3,3,4,4,1,28,6,16,79,12,1,1,2,4,3
2022-09-25 10:59:18,2022-09-25 11:00:25,0,11,67,0,2022-10-02 11:00:33,R_eetoAF6x7jtCLy9,anonymous,ID,0.8999999761581421,1,1,,,,,,,,,,,,,,,,,,,,,,,,,,,,,,,,,,,,,,,,,,1,3,2,4
2022-09-25 11:02:30,2022-09-25 11:02:59,0,3,29,0,2022-10-02 11:03:04,R_1Cd3aIIhDxawkoC,anonymous,ID,0.8999999761581421,1,,,,,,,,,,,,,,,,,,,,,,,,,,,,,,,,,,,,,,,,,,,,,,
2022-09-25 08:20:50,2022-09-25 11:41:28,0,31,12037,0,2022-10-02 11:41:35,R_Teh4Ech4B640tyh,anonymous,ID,0.8999999761581421,1,3,10000,10000,20000,20000,30000,3,3,3,2,10000,10000,20000,20000,,,,,,,,,,,,,,,,,,,,,,,,,,,,,1,2,3,4
2022-10-02 12:39:26,2022-10-02 12:39:57,0,100,31,1,2022-10-02 12:39:58,R_31nhqCY4sO3WWQA,anonymous,ID,0.8999999761581421,2,,,,,,,,,,,,,,,,,,,,,,,,,,,,,,,,,,,,,,,,,,,,,,
2022-10-02 12:53:39,2022-10-02 14:32:30,0,100,5931,1,2022-10-02 14:32:32,R_3RpXUnRtSsU1tjg,anonymous,ID,1,1,2,10000,10000,10000,20000,15000,4,2,4,1,10000,10000,10000,20000,1,1,3,2,20000,20000,20000,20000,1,4,4,4,3,1,3,10000,1,3,2,1,4,1,28,1,16,79,12,1,3,1,4,2
2022-09-25 15:11:10,2022-09-25 15:31:17,0,44,1207,0,2022-10-02 15:31:24,R_O3ikZhKTpk0FaKZ,anonymous,ID,0.8999999761581421,1,3,0,10000,0,10000,20000,4,2,2,1,,,,,,,,3,10000,20000,10000,20000,1,2,4,2,3,1,,,,,,,,,,,,,,,1,4,2,3
2022-09-25 21:21:14,2022-09-25 21:31:42,0,67,627,0,2022-10-02 21:31:50,R_3Pud5h9oZ3o2LPA,anonymous,ID,1,1,1,15.000,20.000,25.000,30.000,7000,5,1,1,1,15.000,20.000,25.000,30.000,1,2,3,2,15.000,20.000,25.00,30.000,1,1,5,5,2,2,3,7000,,,,,,,,,,,,,1,4,3,2
2022-09-26 02:55:01,2022-09-26 03:04:54,0,67,593,0,2022-10-03 03:05:02,R_1kICz4iZqlwfOtT,anonymous,ID,0.8999999761581421,1,1,0,10000,0,20000,30000,4,2,2,2,10000,10000,10000,20000,1,2,3,2,20000,20000,20000,30000,2,2,4,4,1,1,3,15000,,,,,,,,,,,,,2,3,4,1
2022-09-26 05:45:49,2022-09-26 05:59:52,0,67,842,0,2022-10-03 06:00:00,R_31GGqcwfoi6WtNK,anonymous,ID,1,1,1,0,10.000,0,20.000,30.000,5,1,5,1,10.000,20.000,20.000,40.000,1,1,2,2,20.000,20.000,20.000,20.000,1,2,5,1,2,1,2,20.000,,,,,,,,,,,,,2,4,1,3
2022-09-26 04:05:55,2022-09-26 08:13:33,0,31,14858,0,2022-10-03 08:13:43,R_cUPGYtYeUAKHOUx,anonymous,ID,1,1,3,10000,10000,20000,20000,50000,,,,,,,,,,,,,,,,,,,,,3,2,3,30000,,,,,,,,,,,,,2,4,3,1
2022-10-03 08:20:42,2022-10-03 09:15:45,0,100,3303,1,2022-10-03 09:15:45,R_1LdGEszgWSDr1zv,anonymous,EN,1,1,3,10000,10000,20000,20000,100000,3,3,1,2,10000,10000,20000,20000,1,2,3,2,20000,20000,20000,20000,2,3,3,1,2,2,3,10000,1,3,2,4,3,1,26,4,18,172,12,1,2,3,1,4
2022-09-26 09:33:07,2022-09-26 09:33:36,0,8,28,0,2022-10-03 09:33:38,R_3fw1Az3D2qGmO6X,anonymous,ID,1,1,,,,,,,,,,,,,,,,,,,,,,,,,,,,,,,,,,,,,,,,,,,4,1,2,3
2022-09-26 09:51:38,2022-09-26 10:08:32,0,67,1014,0,2022-10-03 10:15:08,R_3CPZTv57YYR4UFo,anonymous,ID,1,1,3,10.000,10.000,20.000,20.000,30.000,5,1,1,1,10.000,10.000,20.000,20.000,3,2,3,2,20000,20000,20000,20000,1,1,5,1,2,2,3,10.000,,,,,,,,,,,,,3,4,1,2
2022-09-26 14:11:29,2022-09-26 14:12:10,0,8,40,0,2022-10-03 14:12:13,R_0J3BVIwAN3H2jMl,anonymous,ID,1,1,,,,,,,,,,,,,,,,,,,,,,,,,,,,,,,,,,,,,,,,,,,3,1,4,2
2022-09-26 14:57:12,2022-09-26 15:04:01,0,36,409,0,2022-10-03 15:04:10,R_p0kwVCsr609dIvD,anonymous,ID,0.8999999761581421,1,1,10.000,10.000,10.000,20.000,50.000,1,4,1,2,,,,,,,,,,,,,,,,,3,1,1,25.0000,,,,,,,,,,,,,1,3,4,2
2022-09-26 16:51:02,2022-09-26 16:52:16,0,6,73,0,2022-10-03 16:52:19,R_30v0TFIpyWAei5O,anonymous,ID,0.8999999761581421,1,,,,,,,,,,,,,,,,,,,,,,,,,,,,,,,,,,,,,,,,,,,,,,
2022-09-27 03:35:25,2022-09-27 03:58:19,0,31,1374,0,2022-10-04 03:58:22,R_3kb7gLKdfuPBcHS,anonymous,ID,1,1,,,,,,,,,,,10.000,10.000,20.000,20.000,1,2,,,,,,,,,,,2,1,1,20000,,,,,,,,,,,,,3,2,4,1
2022-10-01 16:00:07,2022-10-04 05:54:15,0,100,222848,1,2022-10-04 05:54:16,R_3esJ6fBxTeIYI3H,anonymous,ID,0.8999999761581421,1,1,10.000,30.000,10.000,25.000,50.000,4,3,4,1,10.000,30.000,10.000,25.000,2,2,3,3,20.000,30.000,20.000,25.000,1,4,3,2,1,1,1,50.000,1,3,2,4,3,2,27,5,16,79,12,1,2,3,1,4
2022-09-27 11:03:49,2022-09-27 11:08:17,0,19,267,0,2022-10-04 11:08:19,R_22E460SZq2HWUWv,anonymous,ID,0.8999999761581421,1,1,10000,15000,20000,30000,50000,,,,,,,,,,,,,,,,,,,,,,,,,,,,,,,,,,,,,1,2,3,4
2022-09-27 11:10:25,2022-09-27 11:12:15,0,11,110,0,2022-10-04 11:12:16,R_De3ow6F0R6aOuHf,anonymous,ID,0.8999999761581421,1,3,,,,,,,,,,,,,,,,,,,,,,,,,,,,,,,,,,,,,,,,,,1,4,3,2
2022-09-27 11:07:59,2022-09-27 11:15:44,0,22,464,0,2022-10-04 11:20:13,R_3fIula9RGuPsA3Y,anonymous,EN,0.8999999761581421,1,,,,,,,,,,,,,,,,,,2,20000,25000,20000,20000,2,5,4,4,,,,,,,,,,,,,,,,,3,2,1,4
2022-09-27 11:08:22,2022-09-27 11:18:45,0,81,623,0,2022-10-04 11:30:55,R_1YZpRg4oqXzvID7,anonymous,ID,0.8999999761581421,1,1,20000,25000,20000,25000,30000,1,2,2,2,20000,25000,20000,25000,1,1,1,2,20000,25000,20000,25000,2,5,2,2,2,1,1,10000,1,3,2,1,5,,,,,,,,3,4,2,1
2022-09-27 11:10:48,2022-09-27 11:33:30,0,61,1361,0,2022-10-04 11:59:24,R_3hbSHDJB6dAmRn2,anonymous,ID,0.8999999761581421,1,1,0,20000,0,25000,10000,5,1,1,,10000,25000,2000,35000,1,2,2,2,20000,35000,20000,35000,1,2,2,2,3,2,1,7000,,,,,,,,,,,,,4,1,3,2
2022-09-27 14:49:02,2022-09-27 14:58:20,0,31,557,0,2022-10-04 14:58:25,R_3GeTYglyfVrxgpK,anonymous,ID,1,1,,,,,,,,,,,,,,,,,,2,20000,20000,20000,20000,1,1,5,2,2,1,2,,,,,,,,,,,,,,4,3,1,2
2022-09-27 15:07:44,2022-09-27 15:12:14,0,36,269,0,2022-10-04 15:12:20,R_1KfDdkLHVX5iU2e,anonymous,ID,0.8999999761581421,1,3,,,,,,,,,,10000,10000,20000,20000,1,1,1,,,,,,,,,,1,1,1,10000,,,,,,,,,,,,,3,1,4,2
2022-09-27 15:37:59,2022-09-27 16:01:15,0,28,1395,0,2022-10-04 16:01:17,R_3MPUhzqHInS1OOO,anonymous,ID,0.8999999761581421,1,,,,,,,,,,,10000,15000,20000,25000,1,1,2,,,,,,,,,,2,2,,,,,,,,,,,,,,,4,1,3,2
2022-09-27 15:44:28,2022-09-27 16:23:25,0,56,2336,0,2022-10-04 16:23:26,R_1HerCJkKnh12fmo,anonymous,ID,0.8999999761581421,1,1,0,0,0,0,,,,,,0,10000,0,20000,1,1,2,2,0,20000,0,20000,2,5,1,2,2,1,2,10000,,,,,,,,,,,,,4,1,3,2
2022-09-28 00:00:36,2022-09-28 00:11:40,0,39,664,0,2022-10-05 00:11:46,R_p3kDHshCYLdIgzT,anonymous,ID,0.800000011920929,1,1,10.000,10.000,20.000,20.000,20.000,1,5,1,2,,,,,,,,2,20.000,20.000,20.000,20.000,2,5,1,5,,,,,,,,,,,,,,,,,1,4,2,3
2022-10-05 03:25:53,2022-10-05 03:37:17,0,100,684,1,2022-10-05 03:37:17,R_2dszlltApy4rnt2,anonymous,ID,1,1,1,10000,30000,20000,50000,50000,2,1,5,1,15000,30000,20000,50000,1,2,3,2,15000,30000,25000,50000,1,3,2,1,2,2,1,15000,1,3,2,4,3,2,23,1,17,79,12,1,4,3,1,2
2022-09-28 04:46:39,2022-09-28 04:51:31,0,3,291,0,2022-10-05 04:51:33,R_CkwGxBzXjFGjzwd,anonymous,ID,1,1,,,,,,,,,,,,,,,,,,,,,,,,,,,,,,,,,,,,,,,,,,,,,,
2022-10-01 17:48:23,2022-10-05 05:38:07,0,100,301784,1,2022-10-05 05:38:07,R_2WBS12MMDtW17pI,anonymous,ID,1,1,1,0,10000,0,20000,100000,3,3,4,2,10000,20000,10000,30000,1,1,1,2,20000,25000,20000,25000,2,4,3,5,2,1,1,20000,3,3,2,4,4,2,24,4,18,79,12,1,2,3,1,4
2022-09-28 03:45:29,2022-09-28 08:01:10,0,22,15340,0,2022-10-05 08:01:11,R_1r3voxiY6LN3enn,anonymous,ID,1,1,,,,,,,,,,,,,,,,,,1,20000,25000,20000,25000,2,5,1,1,,,,,,,,,,,,,,,,,4,2,1,3
2022-09-28 15:51:14,2022-09-28 18:15:07,0,50,8632,0,2022-10-05 18:15:08,R_UEIrjPkJevM9ldL,anonymous,ID,0.8999999761581421,1,1,5000,15000,20000,25000,15000,5,2,2,2,,,,,,,,2,5000,15000,20000,25000,1,1,2,2,2,2,3,15000,,,,,,,,,,,,,2,4,3,1
2022-09-29 00:50:20,2022-09-29 00:51:03,0,11,42,0,2022-10-06 00:51:07,R_2ZP9fvPurVV31y0,anonymous,ID,0.8999999761581421,1,2,,,,,,,,,,,,,,,,,,,,,,,,,,,,,,,,,,,,,,,,,,1,3,2,4
2022-09-29 01:26:16,2022-09-29 01:33:52,0,58,455,0,2022-10-06 01:33:53,R_2pJDhU7oXui61nk,anonymous,ID,0.8999999761581421,1,1,10000,11000,20000,22000,90000,,,,,10000,11000,20000,22000,1,1,3,2,20000,20000,20000,20000,2,3,3,2,2,1,3,25000,,,,,,,,,,,,,4,3,1,2
2022-09-29 09:21:29,2022-09-29 09:21:47,0,6,18,0,2022-10-06 09:21:48,R_3lRfHhTRTyFlO8Y,anonymous,ID,0.8999999761581421,1,,,,,,,,,,,,,,,,,,,,,,,,,,,,,,,,,,,,,,,,,,,,,,
2022-09-29 09:15:36,2022-09-29 09:32:57,0,81,1040,0,2022-10-06 09:46:10,R_22V0AP7tBE6B1qp,anonymous,ID,0.8999999761581421,1,1,20.000,25.000,30.000,40.000,50.000,4,1,1,2,20.000,25.000,30.000,35.000,1,2,3,2,20.000,25.000,30.000,35.000,2,1,5,3,2,1,3,50.000,4,1,2,1,3,,,,,,,,1,2,4,3
2022-09-29 09:02:27,2022-09-29 13:34:26,0,97,16318,0,2022-10-06 13:34:26,R_2ykNLNZsO0qDR7A,anonymous,ID,0.8999999761581421,1,2,0,10.000,0,20.000,20.000,5,2,3,2,0,5.000,0,5.000,1,1,1,1,0,10.000,0,20.000,2,4,3,2,1,2,3,5.000,1,3,2,1,4,1,21,1,15,79,12,,3,4,1,2
2022-09-29 16:08:29,2022-09-29 16:14:23,0,44,354,0,2022-10-06 16:14:26,R_3PzeN0MMaWlFQOR,anonymous,ID,1,1,1,10.000,10.000,10.000,10.000,10.000,5,5,5,1,10.000,10.000,10.000,10.000,3,,,,,,,,,,,,3,2,2,10.000,,,,,,,,,,,,,2,3,4,1
2022-09-29 16:22:53,2022-09-29 16:30:30,0,50,457,0,2022-10-06 16:30:31,R_1OTrp0tOWL2BW5L,anonymous,ID,1,1,3,20000,25000,20000,25000,50000,5,1,1,1,,,,,,,,2,10000,25000,20000,25000,1,1,5,1,3,1,1,50000,,,,,,,,,,,,,1,4,2,3
2022-09-29 16:17:31,2022-09-29 18:06:01,0,44,6509,0,2022-10-06 18:06:03,R_1hFh8m9cFecHZDH,anonymous,ID,1,1,3,0,10000,0,20000,50000,,,,,0,10.000,0,20.000,1,2,1,,,,,,,,,,3,1,1,50.000,,,,,,,,,,,,,3,2,4,1
2022-09-29 18:20:48,2022-09-29 18:21:25,0,3,36,0,2022-10-06 18:21:31,R_w1YdZcY44dr095n,anonymous,ID,0.8999999761581421,1,,,,,,,,,,,,,,,,,,,,,,,,,,,,,,,,,,,,,,,,,,,,,,
2022-09-29 19:26:05,2022-09-29 19:34:53,0,61,528,0,2022-10-06 19:34:56,R_10GffsOAwIdSv5f,anonymous,ID,1,1,1,10000,10000,20000,20000,100000,1,4,5,2,10000,10000,20000,20000,3,1,1,2,20000,20000,20000,20000,2,5,1,4,3,2,3,,,,,,,,,,,,,,3,1,2,4
2022-09-29 23:00:58,2022-09-29 23:02:04,8,3,65,0,2022-10-06 23:02:05,R_3MaFpTW2zO26Gx8,anonymous,ID,1,1,,,,,,,,,,,,,,,,,,,,,,,,,,,,,,,,,,,,,,,,,,,,,,
2022-09-30 00:02:05,2022-09-30 00:02:41,0,6,35,0,2022-10-07 00:02:45,R_31WWcvkNrrMLLvd,anonymous,ID,1,1,,,,,,,,,,,,,,,,,,,,,,,,,,,,,,,,,,,,,,,,,,,,,,
2022-09-30 00:24:14,2022-09-30 00:31:11,0,36,416,0,2022-10-07 00:31:15,R_ut7Q26HtVBpdUhX,anonymous,ID,0.8999999761581421,1,1,10000,50000,20000,50000,50000,5,1,1,2,,,,,,,,,,,,,,,,,1,1,3,10000,,,,,,,,,,,,,2,3,4,1
2022-09-30 01:37:23,2022-09-30 01:45:08,0,81,464,0,2022-10-07 01:45:12,R_1oGc7ggGijdUc40,anonymous,ID,1,1,1,10.000,10.000,20.000,20.000,30.000,2,2,3,1,10.000,10.000,10.000,10.000,1,1,2,1,10.000,10.000,20.000,20.000,1,1,4,4,3,1,3,20.000,2,2,2,3,3,,,,,,,,4,2,3,1
2022-09-30 04:43:04,2022-09-30 04:44:18,0,8,73,0,2022-10-07 04:44:22,R_1IhdKZPMNtpfBuQ,anonymous,ID,1,1,,,,,,,,,,,,,,,,,,,,,,,,,,,,,,,,,,,,,,,,,,,4,1,3,2
2022-09-30 04:43:14,2022-09-30 04:44:31,0,8,77,0,2022-10-07 04:44:35,R_WdpajnzkFZDJs5P,anonymous,ID,0.8999999761581421,1,,,,,,,,,,,,,,,,,,,,,,,,,,,,,,,,,,,,,,,,,,,2,1,4,3
2022-09-30 04:43:08,2022-09-30 04:47:29,0,19,260,0,2022-10-07 04:47:31,R_2Y9UgejnGcMZlgx,anonymous,ID,0.8999999761581421,1,,,,,,,,,,,20.000,30.000,30.000,40.000,3,2,,,,,,,,,,,,,,,,,,,,,,,,,,,2,1,3,4
2022-09-30 04:43:13,2022-09-30 04:49:33,0,22,379,0,2022-10-07 04:49:35,R_11Z35j9BEfqldOC,anonymous,ID,0.8999999761581421,1,3,10.000,15.000,20.000,30.000,50.000,1,1,3,,,,,,,,,,,,,,,,,,,,,,,,,,,,,,,,,,1,3,2,4
2022-09-30 04:43:00,2022-09-30 04:55:09,0,39,729,0,2022-10-07 04:55:15,R_QaBFeYWnPHEBacV,anonymous,ID,0.8999999761581421,1,1,10.000,15.000,20.000,25.000,200.000,3,2,3,2,,,,,,,,2,25.000,30.000,30.000,35.000,2,4,2,2,,,,,,,,,,,,,,,,,2,3,1,4
2022-09-30 04:54:56,2022-09-30 05:03:06,0,61,489,0,2022-10-07 05:03:16,R_daFxySNxKk6tqBH,anonymous,ID,1,1,3,10000,20000,20000,30000,5000,1,1,1,1,10000,20000,20000,30000,3,1,2,2,10000,20000,20000,30000,1,,,,1,1,2,5000,,,,,,,,,,,,,2,1,4,3
2022-09-30 04:04:12,2022-09-30 05:17:01,0,11,4368,0,2022-10-07 05:17:07,R_3MapAVwhTNCnlkq,anonymous,ID,1,1,,,,,,,,,,,,,,,,,,2,,,,,,,,,,,,,,,,,,,,,,,,,4,3,1,2
2022-09-30 05:35:54,2022-09-30 05:41:53,0,50,358,0,2022-10-07 05:41:56,R_2WNjJz83aSJSSVF,anonymous,ID,1,1,2,,,,,,,,,,10000,15000,20000,25000,2,1,2,2,20000,25000,20000,25000,2,3,3,3,1,1,2,5000,,,,,,,,,,,,,4,2,1,3
2022-09-30 05:30:39,2022-09-30 06:07:31,0,8,2212,0,2022-10-07 06:07:35,R_3MhWKEUh34pzo8z,anonymous,ID,1,1,,,,,,,,,,,,,,,,,,,,,,,,,,,,,,,,,,,,,,,,,,,4,2,3,1
2022-09-30 06:21:10,2022-09-30 06:21:17,0,3,7,0,2022-10-07 06:21:22,R_DB7Ib8XUC4rjZD3,anonymous,ID,1,1,,,,,,,,,,,,,,,,,,,,,,,,,,,,,,,,,,,,,,,,,,,,,,
2022-09-30 04:43:15,2022-09-30 06:29:24,0,81,6368,0,2022-10-07 06:29:34,R_2OZokj1t85OgqZK,anonymous,ID,0.8999999761581421,1,1,10000,15000,10000,15000,10.000,1,2,3,2,10000,15000,10000,15000,2,1,3,2,10000,15000,10000,15000,2,2,2,2,2,1,3,10.000,4,4,3,4,4,,,,,,,,3,1,4,2
2022-09-30 07:41:49,2022-09-30 07:42:09,0,3,20,0,2022-10-07 07:42:10,R_1MR70W98wELhqor,anonymous,ID,1,1,,,,,,,,,,,,,,,,,,,,,,,,,,,,,,,,,,,,,,,,,,,,,,
2022-09-30 10:12:29,2022-09-30 10:13:14,0,8,45,0,2022-10-07 10:13:17,R_3L2cfye0bvbvnTH,anonymous,ID,0.8999999761581421,1,,,,,,,,,,,,,,,,,,,,,,,,,,,,,,,,,,,,,,,,,,,1,4,3,2
2022-09-30 05:03:18,2022-09-30 10:18:55,0,8,18937,0,2022-10-07 10:18:56,R_SDUuEl9y1ZC6qWZ,anonymous,ID,0.8999999761581421,1,,,,,,,,,,,,,,,,,,,,,,,,,,,,,,,,,,,,,,,,,,,2,1,4,3
2022-09-30 09:41:57,2022-09-30 11:09:04,0,14,5227,0,2022-10-07 11:16:32,R_1LRwqDJ2toxoO6x,anonymous,ID,0.8999999761581421,1,,,,,,,,,,,,,,,,,,,,,,,,,,,3,2,,,,,,,,,,,,,,,4,3,2,1
2022-09-30 11:50:19,2022-09-30 11:51:21,0,3,61,0,2022-10-07 11:51:29,R_1lhpmoLVpvu4S5T,anonymous,ID,0.8999999761581421,1,,,,,,,,,,,,,,,,,,,,,,,,,,,,,,,,,,,,,,,,,,,,,,
2022-09-30 11:59:17,2022-09-30 12:01:29,0,11,131,0,2022-10-07 12:01:38,R_3gLzW74BANPagwF,anonymous,ID,0.8999999761581421,1,,,,,,,,,,,,,,,,,,2,,,,,,,,,,,,,,,,,,,,,,,,,4,3,1,2
2022-09-30 12:18:18,2022-09-30 12:25:48,0,50,449,0,2022-10-07 12:25:50,R_3j8O4ucNkSAViQn,anonymous,ID,0.8999999761581421,1,1,10000,10000,20000,20000,10000,5,1,1,2,,,,,,,,2,20000,20000,20000,20000,2,1,5,1,2,2,1,10000,,,,,,,,,,,,,2,4,1,3
2022-09-30 12:52:34,2022-09-30 12:58:53,0,3,379,0,2022-10-07 12:58:56,R_PHTClcAl4EeZaoh,anonymous,ID,,1,,,,,,,,,,,,,,,,,,,,,,,,,,,,,,,,,,,,,,,,,,,,,,
2022-09-30 13:29:26,2022-09-30 13:30:42,0,11,76,0,2022-10-07 13:30:45,R_YPlxnos66i9L50l,anonymous,ID,0.8999999761581421,1,1,,,,,,,,,,,,,,,,,,,,,,,,,,,,,,,,,,,,,,,,,,1,4,3,2
2022-09-30 13:45:58,2022-09-30 13:46:18,0,8,19,0,2022-10-07 13:46:21,R_umQDEtPj4KkYkBr,anonymous,ID,0.8999999761581421,1,,,,,,,,,,,,,,,,,,,,,,,,,,,,,,,,,,,,,,,,,,,4,1,3,2
2022-10-07 15:13:25,2022-10-07 15:26:20,0,100,775,1,2022-10-07 15:26:21,R_1QAV4V1tfc0uGNI,anonymous,EN,1,1,1,0,10000,10000,20000,30000,1,5,3,1,0,10000,10000,20000,1,1,2,2,0,10000,10000,20000,1,1,5,3,1,1,3,30000,1,4,3,3,4,2,20,7,12,84,12,1,1,3,2,4
2022-09-30 05:03:50,2022-09-30 15:59:18,0,6,39328,0,2022-10-07 15:59:21,R_1g6zOVRtLighIxq,anonymous,ID,,1,,,,,,,,,,,,,,,,,,,,,,,,,,,,,,,,,,,,,,,,,,,,,,
2022-09-30 16:17:10,2022-09-30 16:17:55,0,8,44,0,2022-10-07 16:17:59,R_2ttXGVECHkDUjW0,anonymous,ID,0.8999999761581421,1,,,,,,,,,,,,,,,,,,,,,,,,,,,,,,,,,,,,,,,,,,,3,1,2,4
2022-09-30 19:41:32,2022-09-30 19:56:28,0,50,895,0,2022-10-07 20:43:36,R_29uoHZ59p0e0IJy,anonymous,ID,0.8999999761581421,1,3,10.000,20.000,20.000,40.000,50.000,5,1,1,1,10.000,20.000,20.000,40.000,1,1,3,,,,,,,,,,2,1,3,5.000,,,,,,,,,,,,,2,1,4,3
2022-09-30 23:59:28,2022-10-01 00:00:44,0,3,76,0,2022-10-08 00:00:50,R_3oyYfgVX1oFOR7i,anonymous,ID,1,1,,,,,,,,,,,,,,,,,,,,,,,,,,,,,,,,,,,,,,,,,,,,,,
2022-10-01 03:03:03,2022-10-01 03:15:05,0,36,722,0,2022-10-08 03:15:08,R_1DtFt05sQZq0XRi,anonymous,ID,1,1,1,,,,,,,,,,10000,10000,20000,20000,1,2,3,,,,,,,,,,2,2,2,10000,,,,,,,,,,,,,3,2,4,1
2022-10-01 03:11:43,2022-10-01 03:15:07,0,22,204,0,2022-10-08 03:15:09,R_UJCw1GuDimBTdXH,anonymous,ID,0.8999999761581421,1,,,,,,,,,,,,,,,,,,2,,,,,,,,,1,2,3,25.000,,,,,,,,,,,,,4,3,2,1
2022-10-01 05:47:44,2022-10-01 05:49:06,0,11,82,0,2022-10-08 05:49:14,R_b1VvHxqAhsiYTM5,anonymous,ID,0.8999999761581421,1,3,,,,,,,,,,,,,,,,,,,,,,,,,,,,,,,,,,,,,,,,,,1,4,3,2
2022-10-08 09:41:37,2022-10-08 09:53:57,0,100,739,1,2022-10-08 09:53:57,R_26mpAX3FgEhWkOb,anonymous,ID,1,1,2,0,10000,0,20000,50000,3,2,5,1,10000,10000,20000,20000,1,2,2,2,20000,20000,20000,20000,2,4,3,2,2,2,2,10000,1,3,2,2,4,2,25,2,15.5,65,12,1,1,4,2,3
2022-10-01 12:43:19,2022-10-01 12:54:45,0,58,686,0,2022-10-08 12:54:49,R_3qR5qMlGlGsBrsx,anonymous,ID,0.8999999761581421,1,1,10000,10000,10000,10000,20000,,,,,10.000,10.000,10000,10000,1,1,3,2,10000,10000,10000,10000,2,3,1,1,2,1,3,20000,,,,,,,,,,,,,4,1,2,3
2022-10-01 14:57:21,2022-10-01 14:58:17,0,11,56,0,2022-10-08 14:58:18,R_sXdyinbai3s627n,anonymous,ID,1,1,,,,,,,,,,,,,,,,,,2,,,,,,,,,,,,,,,,,,,,,,,,,3,2,1,4
2022-10-01 15:13:16,2022-10-01 15:24:32,0,61,675,0,2022-10-08 15:24:36,R_2Et1oKEVhzsSnCe,anonymous,ID,1,1,1,10000,10000,20000,20000,50000,5,5,5,2,10000,10000,20000,20000,1,2,3,2,10.000,20.000,20.000,50.000,2,,,,2,1,1,10000,,,,,,,,,,,,,2,3,4,1
2022-10-01 16:00:47,2022-10-01 16:01:35,0,6,47,0,2022-10-08 16:01:41,R_NVBnxOD30YkSnaF,anonymous,ID,0.8999999761581421,1,,,,,,,,,,,,,,,,,,,,,,,,,,,,,,,,,,,,,,,,,,,,,,
2022-10-01 16:09:37,2022-10-01 16:23:29,0,58,831,0,2022-10-08 16:23:34,R_3qEyHjE131VPL7c,anonymous,ID,0.8999999761581421,1,3,10.000,15.000,20.000,25.000,7.000,5,1,4,1,10.000,15.000,20.000,25.000,3,2,1,2,23.000,28.000,30.000,35.000,,,,,3,2,1,5.000,,,,,,,,,,,,,1,2,4,3
2022-10-01 16:39:15,2022-10-01 16:41:26,0,11,131,0,2022-10-08 16:41:32,R_vIhDyfllhDAImPf,anonymous,ID,0.8999999761581421,1,3,,,,,,,,,,,,,,,,,,,,,,,,,,,,,,,,,,,,,,,,,,1,4,3,2
2022-10-01 17:01:59,2022-10-01 17:04:04,0,11,125,0,2022-10-08 17:04:05,R_Q0VxFX9vRCYYSbv,anonymous,ID,0.8999999761581421,1,,,,,,,,,,,,,,,,,,3,,,,,,,,,,,,,,,,,,,,,,,,,4,3,1,2
2022-10-01 16:31:01,2022-10-01 19:58:45,0,8,12464,0,2022-10-08 19:58:46,R_3EG6583f0M8uj6c,anonymous,ID,1,1,,,,,,,,,,,,,,,,,,,,,,,,,,,,,,,,,,,,,,,,,,,4,1,3,2
2022-10-02 01:38:28,2022-10-02 01:39:01,0,6,32,0,2022-10-09 01:39:08,R_UJuROzp2FchtyJH,anonymous,ID,0.800000011920929,1,,,,,,,,,,,,,,,,,,,,,,,,,,,,,,,,,,,,,,,,,,,,,,
2022-10-02 02:03:08,2022-10-02 02:05:18,0,11,129,0,2022-10-09 02:05:20,R_1joDHaeVrwhD4GS,anonymous,ID,0.8999999761581421,1,2,,,,,,,,,,,,,,,,,,,,,,,,,,,,,,,,,,,,,,,,,,1,2,4,3
2022-10-02 03:42:09,2022-10-02 03:49:32,0,58,442,0,2022-10-09 03:49:34,R_2cvaeyWOJJik2T8,anonymous,ID,1,1,3,10.000,10.000,20.000,20.000,30.000,5,1,2,2,10.000,10.000,20.000,20.000,1,,,2,20.000,20.000,20.000,200.000,2,1,4,2,2,2,1,15.000,,,,,,,,,,,,,2,4,3,1
2022-10-02 12:23:08,2022-10-02 12:27:32,0,19,263,0,2022-10-09 12:27:32,R_yQhlMqw7WS5Fjgd,anonymous,ID,0.8999999761581421,1,,,,,,,,,,,,,,,,,,2,10000,20000,10000,20000,1,,,,,,,,,,,,,,,,,,,,3,4,1,2
2022-10-02 12:23:30,2022-10-02 12:40:17,0,67,1007,0,2022-10-09 12:40:19,R_3p4LGZnM4wi6waO,anonymous,ID,1,1,1,0,10000,10000,20000,50000,1,5,1,2,5000,10000,10000,20000,1,1,3,2,10000,20000,10000,20000,2,5,1,5,2,1,3,50000,,,,,,,,,,,,,1,2,3,4
2022-10-03 04:54:35,2022-10-03 04:55:15,0,8,39,0,2022-10-10 04:55:16,R_2sRr60V8H1VtMcC,anonymous,ID,0.8999999761581421,1,,,,,,,,,,,,,,,,,,,,,,,,,,,,,,,,,,,,,,,,,,,4,3,2,1
2022-10-10 05:26:54,2022-10-10 05:41:16,0,100,861,1,2022-10-10 05:41:16,R_u7EzEGbCIkducAV,anonymous,ID,0.8999999761581421,1,1,10000,10000,20000,20000,15000,2,3,2,1,10000,10000,20000,20000,1,1,1,2,20000,20000,20000,20000,1,2,3,2,2,1,1,15000,1,3,1,1,4,2,23,7,18,79,12,1,3,2,1,4
2022-10-03 06:38:05,2022-10-03 06:43:34,0,36,328,0,2022-10-10 06:43:37,R_10JFgrYXvYJdoCN,anonymous,ID,1,1,1,0,0,0,0,50000,4,1,1,1,,,,,,,,,,,,,,,,,2,2,1,7000,,,,,,,,,,,,,1,3,4,2
2022-10-03 10:52:56,2022-10-03 10:53:26,0,6,29,0,2022-10-10 10:53:33,R_2xSqg6FqUloBqr1,anonymous,ID,1,1,,,,,,,,,,,,,,,,,,,,,,,,,,,,,,,,,,,,,,,,,,,,,,
2022-09-30 10:30:39,2022-10-03 11:18:54,0,78,262095,0,2022-10-10 11:18:55,R_OoNmmxJQctwSQx3,anonymous,ID,0.8999999761581421,1,1,0,10.000,0,20.000,15.000,5,1,2,2,12.000,15.000,22.000,25.000,1,2,2,2,15.000,20.000,25.000,30.000,2,3,3,3,2,2,1,10.000,4,4,3,4,,,,,,,,,4,3,2,1
2022-10-05 05:47:53,2022-10-05 05:51:55,0,17,241,0,2022-10-12 05:51:57,R_3sabi73WkeNOBU9,anonymous,ID,0.8999999761581421,1,1,50000,100000,20000,40000,,,,,,,,,,,,,,,,,,,,,,,,,,,,,,,,,,,,,,1,4,3,2
2022-10-01 18:01:31,2022-10-05 17:12:37,0,17,342665,0,2022-10-12 17:12:43,R_3NIhGZOKxvxXWa1,anonymous,EN,1,1,,,,,,,,,,,,,,,,,,,,,,,,,,,2,2,1,,,,,,,,,,,,,,4,3,2,1
2022-10-05 21:07:18,2022-10-05 22:22:27,0,47,4508,0,2022-10-12 22:22:29,R_3fDHAE9PY6fkRnR,anonymous,ID,1,1,,,,,,,,,,,10000,50000,20000,60000,3,1,2,2,10000,50000,20000,60000,2,5,2,5,3,1,2,10000,,,,,,,,,,,,,4,3,1,2
2022-10-07 07:17:11,2022-10-07 07:23:32,0,78,381,0,2022-10-14 07:23:36,R_Zqwm5syAnCeQEHT,anonymous,ID,0.8999999761581421,1,2,1818,1717,1818,1717,1818,1,2,5,2,1818,1717,1818,1171,2,2,1,3,1918,1818,1818,1717,2,1,1,5,3,2,1,101010,1,3,1,4,,,,,,,,,4,3,2,1
2022-10-08 00:41:09,2022-10-08 00:41:21,8,3,11,0,2022-10-15 00:41:22,R_Rb43foPqtkXGqoF,anonymous,EN,0.8999999761581421,1,,,,,,,,,,,,,,,,,,,,,,,,,,,,,,,,,,,,,,,,,,,,,,
2022-10-15 03:16:03,2022-10-15 03:33:19,0,100,1036,1,2022-10-15 03:33:21,R_1Du5nZyc3hl6wHq,anonymous,ID,1,1,1,20000,20000,20000,20000,50000,1,3,3,2,20000,20000,20000,20000,1,1,1,2,20000,20000,20000,20000,2,4,3,3,2,1,1,50.000,1,3,2,1,4,1,41,6,20,79,12,1,3,4,2,1
2022-10-23 16:04:32,2022-10-23 17:53:42,0,11,6550,0,2022-10-30 16:53:50,R_1OiY1KWK9tW0CnQ,anonymous,ID,1,1,,,,,,,,,,,,,,,,,,,,,,,,,,,1,,,,,,,,,,,,,,,,4,2,3,1
2022-10-24 08:56:40,2022-10-24 09:07:00,0,31,619,0,2022-10-31 08:07:02,R_2CcZAJzGfGRCENd,anonymous,ID,0.8999999761581421,1,,,,,,,,,,,,,,,,,,2,10.000,10.000,15.000,15.000,1,,,,1,2,1,10.000,,,,,,,,,,,,,4,3,2,1
