StartDate,EndDate,Status,Progress,Duration (in seconds),Finished,RecordedDate,ResponseId,DistributionChannel,UserLanguage,Q_RecaptchaScore,Consent,MrAB1,Game1_1_1,Game1_1_2,Game1_2_1,Game1_2_2,Drink1,Gym1 _1,Gym1 _2,Gym1 _3,Jacket1,Game2_1_1,Game2_1_2,Game2_2_1,Game2_2_2,MrAB2,"Play2 ","Plane2 ",MrAB3,Game3_1 _1,Game3_1 _2,Game3_2_1,Game3_2_2,Jacket2,Gym2 _1,Gym2 _2,Gym2 _3,"MrAB4 ","Play1 ","Plane1 ",Drink2,fin_lit1,fin_lit2,fin_lit3,fin_lit4,Att_check,Gender,"Age ",Income,Education,Residence,Native language,Debriefing,FL_5_DO_FL_14,FL_5_DO_FL_15,FL_5_DO_FL_16,FL_5_DO_FL_17
Start Date,End Date,Response Type,Progress,Duration (in seconds),Finished,Recorded Date,Response ID,Distribution Channel,User Language,Q_RecaptchaScore,"Dear Participant,



We invite you to take part in an online study with the purpose of investigating how people make decisions. The duration of the questionnaire is approximately 10 minutes. At the end of the questionnaire, you will be asked some personal demographic information.



Your data will be analyzed anonymously and processed according to the current international legislation for the protection of privacy (D. Lgs 196/2003 and EU GDPR 679/2016 on the protection of personal data and art. 9 of the Deontological Code of Italian Psychologists). Your data will be used solely for the purposes of the research itself. No information regarding you personally will be published or revealed in any way.



You are free to withdraw from the study at any point without giving any explanation. In this case your data will be deleted. You will not receive any payment or reimbursement of any sort for your participation in this study. There are no known risks associated with participating in this study.



Project Manager: Enrico Rubaltelli (Department of Development Psychology and Socialization -DPSS, University of Padua). The person responsible for this research agrees to comply with the obligations of current legislation in terms of collection, processing and storage of sensitive data.



I DECLARE THAT

• I am 18 years old or older

• I take part in this project voluntarily

• I am aware of the objectives and aims of this research project

• I am aware that the data obtained, in absolute anonymity, will be treated exclusively for educational and research purposes

• I am aware that it is not possible to withdraw the data I have provided once it has been submitted.



For any clarification you can contact Prof. Enrico Rubaltelli at jdmlab.multicountry@gmail.com.","Person A was given two tickets to the lottery. They won 60 € with one ticket and 40 € with the other ticket.  



Person B was given a ticket to one lottery. They won  100 €.  


 

Who is happier?","You are going to a sold-out game of your favorite local sports team and you have an extra ticket. The price marked on the ticket is  5 € but this ticket has been offered to you by a friend for free.   



You want to get rid of the extra ticket and you know the ticket’s face value price is 5 €. You find someone who wants the ticket. There is no law against charging more than the price marked on the ticket.



What price do you ask for selling the extra ticket if the person you sell it to... ? - Is a friend","You are going to a sold-out game of your favorite local sports team and you have an extra ticket. The price marked on the ticket is  5 € but this ticket has been offered to you by a friend for free.   



You want to get rid of the extra ticket and you know the ticket’s face value price is 5 €. You find someone who wants the ticket. There is no law against charging more than the price marked on the ticket.



What price do you ask for selling the extra ticket if the person you sell it to... ? - Is a stranger",What price would you have asked for if you found out that the ticket’s face value price was 10 € instead? - If they are a friend,What price would you have asked for if you found out that the ticket’s face value price was 10 € instead? - If they are a stranger,"You are on the beach on a hot day, and you would really like a cold drink. A friend offers to go buy the drink from a fancy resort hotel. They ask how much you are willing to pay for the drink: they will only buy it if it costs as much or less than the price you state. You trust your friend, and there is no possibility of bargaining with the bartender.



What price do you tell them?","Imagine that you go to the gym on a regular basis. Due to your busy working schedule, you can only go on Monday nights. The membership to the gym allows you to pay 10 € (non-refundable) per session. One Monday, just after you have paid and changed into your gym clothes, you receive a phone call that requires you to leave and forgo your exercise that evening.



How well does each of the following statements capture your feelings about the cost of the missed workout? - I feel like I wasted  10€","Imagine that you go to the gym on a regular basis. Due to your busy working schedule, you can only go on Monday nights. The membership to the gym allows you to pay 10 € (non-refundable) per session. One Monday, just after you have paid and changed into your gym clothes, you receive a phone call that requires you to leave and forgo your exercise that evening.



How well does each of the following statements capture your feelings about the cost of the missed workout? - I feel like I wasted nothing, since my visit had already been paid for","Imagine that you go to the gym on a regular basis. Due to your busy working schedule, you can only go on Monday nights. The membership to the gym allows you to pay 10 € (non-refundable) per session. One Monday, just after you have paid and changed into your gym clothes, you receive a phone call that requires you to leave and forgo your exercise that evening.



How well does each of the following statements capture your feelings about the cost of the missed workout? - I feel like I wasted something, but no specific amount or measure comes to mind","You are about to purchase a jacket for 210 € and a Bluetooth speaker for 25 €. The salesman informs you that the speaker you wish to buy is on sale for 15 € at the other branch store, located 20 minutes away.



Would you make the trip to the other store?","Imagine you are going to a sold-out game of your favorite local sports team, and you have an extra ticket. The price marked on the ticket is 5 € which is what you paid for each ticket.



You want to get rid of the extra ticket and you know the ticket's face value price is 5 €. You find someone who wants the ticket. There is no law against charging more than the price marked on the ticket.


What price do you ask for selling the extra ticket if the person you sell it to...? - Is a friend","Imagine you are going to a sold-out game of your favorite local sports team, and you have an extra ticket. The price marked on the ticket is 5 € which is what you paid for each ticket.



You want to get rid of the extra ticket and you know the ticket's face value price is 5 €. You find someone who wants the ticket. There is no law against charging more than the price marked on the ticket.


What price do you ask for selling the extra ticket if the person you sell it to...? - Is a stranger",What price would you have asked for if you found out that the ticket’s face value price was 10 € instead? - If they are a friend,What price would you have asked for if you found out that the ticket’s face value price was 10 € instead? - If they are a stranger,"Person A received a fine and owed  130 €. The same day they received a second fine and owed 70 €.



Person B received a fine and owed  200 €.

Who is more upset?","Imagine that you are on your way to a music event and intend to buy a ticket worth 60 €. On entering the venue, you realize that you have lost 60 € in cash.


Would you still pay 60 € for a ticket?","You are flying with a friend who has upgraded their ticket to business class and has two coupons, each worth 20 €, which could be used to upgrade your ticket from economy to business class. They purchased one coupon for the standard price of 20 € and received the other one for free. Just one coupon is required to upgrade your class on the current flight and your friend offers you the coupon which they got for free so that you can upgrade your ticket as well.



What do you think is the most appropriate thing to do?","Person A bought a lottery ticket and won  130 €. Also, they damaged one door in their apartment in an accident and had to pay the landlord  100 €.  

 

Person B bought a lottery ticket and won  30 €.  

 

Who is happier?","You are going to a sold-out game of your favorite local sports team and you have an extra ticket. The ticket’s face value price is  5 € but you paid 10 € for each ticket when you bought them from another person.



You want to get rid of the extra ticket and you know the ticket’s face value price is 5 €. You find someone who wants the ticket. There is no law against charging more than the price marked on the ticket.



What price do you ask for selling the extra ticket if the person you sell it to...? - Is a friend","You are going to a sold-out game of your favorite local sports team and you have an extra ticket. The ticket’s face value price is  5 € but you paid 10 € for each ticket when you bought them from another person.



You want to get rid of the extra ticket and you know the ticket’s face value price is 5 €. You find someone who wants the ticket. There is no law against charging more than the price marked on the ticket.



What price do you ask for selling the extra ticket if the person you sell it to...? - Is a stranger",What price would you have asked for if you found out that the ticket’s face value price was 10 € instead? - If they are a friend,What price would you have asked for if you found out that the ticket’s face value price was 10 € instead? - If they are a stranger,"You are about to purchase a jacket for  25 € and a Bluetooth speaker for  210 €. The salesman informs you that the speaker you wish to buy is on sale for  200 € at the other branch store, located 20 minutes away.



Would you make the trip to the other store?","Imagine that you go to the gym on a regular basis. Due to your busy working schedule, you can only go on Monday nights. The membership costs you  650 € a year (i.e., roughly 10 € per visit). One Monday, just after you have arrived and changed into your gym clothes, you receive a phone call that requires you to leave and forgo your exercise that evening.



How well does
each of the following statements capture your feelings about the cost of the missed
workout? - I feel like I wasted 10€","Imagine that you go to the gym on a regular basis. Due to your busy working schedule, you can only go on Monday nights. The membership costs you  650 € a year (i.e., roughly 10 € per visit). One Monday, just after you have arrived and changed into your gym clothes, you receive a phone call that requires you to leave and forgo your exercise that evening.



How well does
each of the following statements capture your feelings about the cost of the missed
workout? - I feel like I wasted nothing, since my visit had already been paid for","Imagine that you go to the gym on a regular basis. Due to your busy working schedule, you can only go on Monday nights. The membership costs you  650 € a year (i.e., roughly 10 € per visit). One Monday, just after you have arrived and changed into your gym clothes, you receive a phone call that requires you to leave and forgo your exercise that evening.



How well does
each of the following statements capture your feelings about the cost of the missed
workout? - I feel like I wasted something, but no specific amount or measure comes to mind","Person A damaged their car in a parking lot. They had to spend 250 € to repair the damage. The same day they damaged the car they won 50 € in a raffle.  

 

Person B damaged their car in a parking lot. They had to spend 200 € to repair the damage.  

 

Who is more upset?","Imagine that you are on your way to a music event with a ticket for which you have paid 60 €. On entering the venue, you discover that you have lost the ticket.



Would you pay 60 € for another ticket?","You are flying with a friend who has upgraded their ticket to business class and has two coupons, each worth 20 €, which could be used to upgrade your ticket from economy to business class. They purchased one coupon for the standard price of 20 € and received the other one for free. Just one coupon is required to upgrade your class on the current flight, and your friend offers you the coupon which they purchased so that you can upgrade as well.



What do you think is the most appropriate thing to do?","You are on the beach on a hot day, and you would really like a cold drink. A friend offers to go buy the drink from a small, run-down grocery store. They ask how much you are willing to pay for the drink: they will only buy it if it costs as much or less than the price you state. You trust your friend, and there is no possibility of bargaining with the store owner.



What price do you tell them?","Suppose that you have 100 € in a savings account and the interest rate is 2% per year. After 5 years, how much do you think you would have in the account if you let the money grow?","Imagine that the interest rate on your savings account was 1% per year and inflation was 2% per year. After 1 year,
how much would you be able to buy with the money in this account?",Buying a single company's stock usually provides a safer return than a stock mutual fund.,"If interest rates rise, what would typically happen to bond prices?","To ensure the quality of our data we need to know if participants paid attention during the survey. Please tell us honestly how serious you were in completing the survey.


How serious have you been about filling in the survey?",What gender do you identify as?,What is your age (in numbers)?,Which of the following best describes your annual household income last year?,How many years of schooling have you completed? (from elementary school to doctoral degree or specialization if you have one),List of Countries,Which of the following is your native language?,"The survey you have completed aims to replicate the mental accounting effect. According to this phenomenon a person attributes different values to the same amount of money based on subjective criteria. Specifically, people tend to subjectively organize economic resources into different mental accounts. In addition, in this study, we measured some individual differences that might have an influence on mental accounting. In particular:   	
 	
 
●	Scale to measure financial literacy (Lusardi and Mitchell, 2014).  	 	 	
 ●	Demographic data (e.g. gender, age or income level)	

 
Finally, we inform you that we have also used an attentional check to measure respondent engagement. The purpose of this study could not be fully revealed at the beginning of the study to avoid influencing your answers. Now that you have received this information, we ask you to confirm your consent to participate in this study or to withdraw it. In the latter case your data will not be used and will be deleted.",FL_5 - Block Randomizer - Display Order - FL_14,FL_5 - Block Randomizer - Display Order - FL_15,FL_5 - Block Randomizer - Display Order - FL_16,FL_5 - Block Randomizer - Display Order - FL_17
"{""ImportId"":""startDate"",""timeZone"":""Europe/Berlin""}","{""ImportId"":""endDate"",""timeZone"":""Europe/Berlin""}","{""ImportId"":""status""}","{""ImportId"":""progress""}","{""ImportId"":""duration""}","{""ImportId"":""finished""}","{""ImportId"":""recordedDate"",""timeZone"":""Europe/Berlin""}","{""ImportId"":""_recordId""}","{""ImportId"":""distributionChannel""}","{""ImportId"":""userLanguage""}","{""ImportId"":""Q_RecaptchaScore""}","{""ImportId"":""QID1""}","{""ImportId"":""QID8""}","{""ImportId"":""QID14_1""}","{""ImportId"":""QID14_2""}","{""ImportId"":""QID15_1""}","{""ImportId"":""QID15_2""}","{""ImportId"":""QID23_TEXT""}","{""ImportId"":""QID44_1""}","{""ImportId"":""QID44_2""}","{""ImportId"":""QID44_3""}","{""ImportId"":""QID34""}","{""ImportId"":""QID17_1""}","{""ImportId"":""QID17_2""}","{""ImportId"":""QID18_1""}","{""ImportId"":""QID18_2""}","{""ImportId"":""QID12""}","{""ImportId"":""QID78""}","{""ImportId"":""QID86""}","{""ImportId"":""QID10""}","{""ImportId"":""QID20_1""}","{""ImportId"":""QID20_2""}","{""ImportId"":""QID21_1""}","{""ImportId"":""QID21_2""}","{""ImportId"":""QID74""}","{""ImportId"":""QID82_1""}","{""ImportId"":""QID82_2""}","{""ImportId"":""QID82_3""}","{""ImportId"":""QID11""}","{""ImportId"":""QID40""}","{""ImportId"":""QID48""}","{""ImportId"":""QID70_TEXT""}","{""ImportId"":""QID59""}","{""ImportId"":""QID60""}","{""ImportId"":""QID61""}","{""ImportId"":""QID62""}","{""ImportId"":""QID51""}","{""ImportId"":""QID52""}","{""ImportId"":""QID53_TEXT""}","{""ImportId"":""QID54""}","{""ImportId"":""QID55_TEXT""}","{""ImportId"":""QID114""}","{""ImportId"":""QID57""}","{""ImportId"":""QID63""}","{""ImportId"":""FL_5_DO"",""choiceId"":""FL_14""}","{""ImportId"":""FL_5_DO"",""choiceId"":""FL_15""}","{""ImportId"":""FL_5_DO"",""choiceId"":""FL_16""}","{""ImportId"":""FL_5_DO"",""choiceId"":""FL_17""}"
2022-09-12 15:46:19,2022-09-12 16:00:23,0,100,843,1,2022-09-12 16:00:23,R_O0RcsWVzlOZPLgJ,anonymous,IT,0.8999999761581421,1,1,0,5,0,5,2,1,4,4,1,5,5,5,5,1,1,3,2,10,10,10,10,1,4,4,2,2,2,1,3,1,3,3,4,4,1,23,3,17,84,16,1,1,3,2,4
2022-09-13 15:13:36,2022-09-13 15:23:54,0,100,617,1,2022-09-13 15:23:54,R_2rYl7MiYCELnJmR,anonymous,IT,1,1,2,0,5,0,7,5,2,5,4,1,0,5,0,10,1,1,2,1,0,5,0,10,2,5,2,2,2,2,3,5,1,3,3,4,5,1,29,3,21,84,16,1,2,1,4,3
2022-09-13 17:10:33,2022-09-13 17:37:56,0,100,1642,1,2022-09-13 17:37:56,R_1kFjz3hKq6r6LE7,anonymous,IT,0.8999999761581421,1,3,5,5,10,10,15,1,1,1,1,6,6,11,11,1,1,3,2,11,11,11,11,1,1,1,1,3,1,3,15,1,4,3,4,3,2,52,4,10,84,16,1,3,1,2,4
2022-09-13 18:18:05,2022-09-13 18:28:46,0,100,641,1,2022-09-13 18:28:47,R_3QQchGW8aQNXO4T,anonymous,IT,1,1,1,0,5,0,10,10,1,5,5,2,0,5,0,10,1,2,2,2,0,10,0,10,2,2,5,5,2,2,2,5,1,3,2,4,5,1,25,1,19,84,16,1,4,3,2,1
2022-09-13 18:36:52,2022-09-13 18:46:19,0,100,566,1,2022-09-13 18:46:19,R_3JjSMw6xZSeRExv,anonymous,IT,1,1,3,0,10,0,20,5,5,5,3,2,5,20,10,30,1,1,2,3,10,20,10,30,2,5,2,2,3,1,2,5,1,3,2,4,5,1,24,1,17,84,16,1,4,2,1,3
2022-09-13 18:17:47,2022-09-13 18:53:44,0,100,2157,1,2022-09-13 18:53:45,R_BX3L9RZ3qju854R,anonymous,IT,1,1,1,0,5,0,10,4,1,5,5,2,5,5,10,10,1,1,2,1,5,10,10,10,1,2,2,4,1,2,2,3,4,4,3,4,3,2,22,1,17,84,16,1,4,3,1,2
2022-09-13 18:59:32,2022-09-13 19:11:17,0,100,704,1,2022-09-13 19:11:17,R_1IYLhh0b7HSdtt6,anonymous,IT,0.8999999761581421,1,3,0,5,0,10,5,1,5,5,2,5,5,10,10,3,1,2,3,5,5,10,10,2,5,1,5,3,1,3,5,1,3,3,4,4,2,62,5,17,84,16,1,2,1,4,3
2022-09-13 19:34:07,2022-09-13 19:44:49,0,100,641,1,2022-09-13 19:44:50,R_2xEpBUblNbhhAFj,anonymous,IT,1,1,3,5,7,10,14,5,1,5,5,2,5,7,10,14,3,2,3,2,10,12,10,14,2,1,5,5,3,2,3,3,1,3,2,4,3,2,36,6,16,84,16,1,4,1,3,2
2022-09-13 21:10:28,2022-09-13 21:22:23,0,100,715,1,2022-09-13 21:22:24,R_3EXoUj5HzTPhECG,anonymous,IT,0.8999999761581421,1,3,0,5,0,5,3,3,2,4,1,0,5,0,5,1,2,3,2,5,10,0,10,1,4,2,3,2,2,1,2,4,4,3,4,4,2,20,4,14,84,16,1,1,3,4,2
2022-09-13 21:50:28,2022-09-13 22:08:31,0,100,1082,1,2022-09-13 22:08:32,R_pRGEJ4UKyIEsIBX,anonymous,IT,0.8999999761581421,1,2,0,2,0,5,6,1,5,3,1,0,0,0,0,1,1,3,1,0,5,0,10,1,5,1,5,2,2,3,2,1,3,2,4,3,1,23,5,17,84,16,1,2,4,1,3
2022-09-13 23:03:12,2022-09-13 23:12:19,0,100,547,1,2022-09-13 23:12:21,R_3ksKkBEl852n6D2,anonymous,IT,0.8999999761581421,1,2,0,4.99,0,9.99,5,1,5,5,1,5,7.50,10,15,2,1,2,2,5,10,10,15,1,5,1,5,2,1,2,2.50,1,3,2,1,5,1,23,6,17,84,16,1,1,2,3,4
2022-09-13 22:57:37,2022-09-13 23:14:18,0,100,1000,1,2022-09-13 23:14:18,R_21ArXi6EfTyjl8V,anonymous,IT,1,1,2,0,20,0,30,10,1,5,4,1,5,20,10,30,1,1,3,2,10,50,10,50,2,3,3,2,2,1,2,5,1,3,2,1,4,1,33,5,22,84,16,1,2,4,3,1
2022-09-13 23:24:30,2022-09-13 23:48:43,0,100,1452,1,2022-09-13 23:48:45,R_3pr4Fqipg7XGv5q,anonymous,IT,0.8999999761581421,1,3,0,5,0,5,5,1,1,1,1,5,5,5,5,1,1,1,2,5,10,10,10,1,1,1,1,2,1,1,3,1,3,3,4,4,1,59,7,13,84,16,2,4,1,2,3
2022-09-13 23:53:07,2022-09-14 00:05:00,0,100,712,1,2022-09-14 00:05:01,R_81k6ecNSkSe7ObD,anonymous,IT,0.8999999761581421,1,3,0,0,0,0,5,1,5,3,2,0,5,0,10,3,2,2,2,5,10,0,10,2,2,5,2,2,2,1,3,1,3,2,2,5,2,60,6,17,84,16,1,2,1,3,4
2022-09-14 00:27:08,2022-09-14 00:44:31,0,100,1042,1,2022-09-14 00:44:33,R_1I3Q378loBHNmfB,anonymous,IT,1,1,3,5,5,10,10,5,5,1,1,1,5,5,10,10,3,2,1,3,5,5,10,10,1,5,1,1,3,2,1,5,4,4,2,4,3,2,63,7,10,84,16,1,2,3,1,4
2022-09-14 00:02:41,2022-09-14 01:15:29,0,100,4368,1,2022-09-14 01:15:30,R_2103gfQRTHUOwRh,anonymous,IT,1,1,3,0,50,0,100,10,1,5,5,2,0,50,0,100,3,2,2,1,0,100,0,150,2,1,5,1,2,2,2,10,1,3,2,1,3,1,34,2,16,84,16,1,1,2,4,3
2022-09-14 09:05:34,2022-09-14 09:19:31,0,100,836,1,2022-09-14 09:19:31,R_2Sw6F263b2eMfHo,anonymous,IT,0.8999999761581421,1,3,5,50,5,50,3,1,2,4,1,5,50,5,50,3,1,2,1,10,20,10,20,1,1,2,4,2,1,2,1.5,4,4,3,4,4,2,23,2,16,84,16,1,4,3,2,1
2022-09-14 09:50:51,2022-09-14 10:01:06,0,100,614,1,2022-09-14 10:01:06,R_1etW5J8v11frJMY,anonymous,IT,0.4000000059604645,1,3,5,5,10,10,5,3,3,4,1,5,5,10,10,3,1,1,3,5,5,10,10,2,3,3,4,2,1,1,5,1,3,3,4,2,2,34,7,13,84,16,1,4,3,2,1
2022-09-14 10:32:15,2022-09-14 10:44:06,0,100,710,1,2022-09-14 10:44:06,R_1H2nPZjlH4ai0pU,anonymous,IT,0.699999988079071,1,1,0,5,5,10,5,1,3,3,1,5,8,10,15,1,2,3,2,7,10,10,13,2,1,1,2,2,1,1,3,1,3,3,4,4,2,21,7,16,84,16,1,4,1,3,2
2022-09-14 18:32:53,2022-09-14 18:46:05,0,100,791,1,2022-09-14 18:46:05,R_1i5tMedDkz5G8IS,anonymous,IT,1,1,3,5.00,5.00,10.00,10.00,6.00,3,5,1,1,5.00,5.00,10.00,10.00,1,2,3,2,10,10,10,10,1,1,4,1,2,2,3,5.00,1,3,2,2,4,2,65,3,13,84,16,1,3,1,4,2
2022-09-14 18:47:07,2022-09-14 19:15:51,0,100,1724,1,2022-09-14 19:15:52,R_3PcxQGOQmlJckq1,anonymous,IT,1,1,1,0,5,0,5,3,3,1,4,1,5,5,5,5,1,2,3,2,5,10,10,10,2,5,1,5,2,2,3,3,1,2,2,1,4,1,69,3,13,84,16,1,2,4,1,3
2022-09-14 20:11:14,2022-09-14 20:22:18,0,100,663,1,2022-09-14 20:22:18,R_4VGZZkNQ3yfTvq1,anonymous,IT,0.8999999761581421,1,3,0,5,0,10,15,1,5,5,2,0,5,0,10,3,2,1,2,0,5,0,10,2,5,1,5,3,1,1,4,1,3,2,1,5,2,48,6,16,84,16,1,4,3,2,1
2022-09-14 21:04:55,2022-09-14 21:16:15,0,100,679,1,2022-09-14 21:16:15,R_3fK2cVt7dINSOZi,anonymous,IT,1,1,3,0,0,0,0,2,4,5,3,2,5,5,10,10,1,1,3,2,5,5,10,10,2,5,4,2,2,1,1,3,1,3,2,1,4,1,24,7,18,84,16,1,4,2,1,3
2022-09-15 00:01:46,2022-09-15 00:14:32,0,100,765,1,2022-09-15 00:14:33,R_1BWq0aghhvwmwBd,anonymous,IT,1,1,3,0,7,0,15,10,1,5,3,2,5,7,10,15,1,1,2,2,10,10,10,15,2,1,5,3,2,1,2,10,1,3,3,4,5,1,25,3,13,84,16,1,4,1,2,3
2022-09-15 06:28:07,2022-09-15 06:46:53,0,100,1125,1,2022-09-15 06:46:53,R_2vji5ROBH0dldfz,anonymous,IT,0.800000011920929,1,3,0,5,0,10,5,1,4,1,1,5,5,10,10,1,1,3,2,5,5,10,10,2,2,3,3,3,2,3,3,1,4,3,4,5,2,36,3,17,84,16,1,1,4,3,2
2022-09-15 12:36:44,2022-09-15 12:45:02,0,100,497,1,2022-09-15 12:45:03,R_1pQJr3UHGtVywaW,anonymous,IT,0.8999999761581421,1,3,5,10,10,15,5,1,5,3,1,5,10,10,15,1,1,3,2,10,15,10,15,2,2,4,3,2,1,3,2,1,4,2,4,5,2,19,7,14,84,16,1,3,2,4,1
2022-09-15 12:43:23,2022-09-15 12:54:50,0,100,686,1,2022-09-15 12:54:51,R_1Nf4RlGhEZ2c8Dm,anonymous,IT,1,1,3,5,15,10,30,10,1,5,5,1,5,15,10,30,1,2,2,2,10,20,10,30,1,1,5,5,3,2,2,3,1,3,2,1,2,2,26,3,19,84,16,1,4,2,3,1
2022-09-15 12:45:28,2022-09-15 13:00:28,0,100,899,1,2022-09-15 13:00:28,R_3M4BHEhxhc1rNDC,anonymous,IT,1,1,3,0,5,0,5,10,3,3,3,1,5,5,5,10,3,2,2,3,5,10,10,10,1,3,3,3,3,2,2,5,1,1,3,3,3,2,47,3,13,84,16,2,4,3,1,2
2022-09-15 12:53:17,2022-09-15 13:00:38,0,100,440,1,2022-09-15 13:00:38,R_21iEf6kx5D6a0QY,anonymous,IT,0.8999999761581421,1,3,0,10,0,20,5,3,3,5,1,5,10,10,20,1,1,3,3,5,20,10,20,2,5,3,3,2,1,3,5,1,4,3,4,5,1,27,4,20,84,16,1,3,1,4,2
2022-09-15 13:36:44,2022-09-15 13:47:48,0,100,663,1,2022-09-15 13:47:48,R_abldmlJJtEWX9IJ,anonymous,IT,0.4000000059604645,1,2,0,5,0,10,5,2,4,4,2,5,8,10,13,1,1,3,2,7,12,10,13,2,2,4,3,2,1,3,2,4,4,3,4,3,1,23,1,16,84,16,1,4,2,3,1
2022-09-15 13:58:18,2022-09-15 14:11:07,0,100,769,1,2022-09-15 14:11:07,R_w60LZALQOEIYVpL,anonymous,IT,0.8999999761581421,1,1,0,5,0,5,8,1,4,2,2,0,5,0,10,1,2,3,2,0,5,0,5,2,4,2,3,2,2,3,3,4,4,3,4,4,2,22,7,17,84,16,1,4,1,3,2
2022-09-15 14:02:57,2022-09-15 14:11:13,0,100,496,1,2022-09-15 14:11:14,R_2sSkLMzkXMeA6nK,anonymous,IT,0.4000000059604645,1,2,0,5,0,10,10,1,5,3,2,5,10,5,20,1,2,3,2,5,8,10,12,1,1,5,3,2,2,1,5,1,4,3,4,4,1,23,7,17,84,16,1,2,4,1,3
2022-09-15 13:18:36,2022-09-15 14:22:07,0,100,3811,1,2022-09-15 14:22:07,R_8D13X1O0OHPjLt7,anonymous,IT,1,1,2,0,5,0,10,10,2,3,1,2,0,5,0,10,1,1,1,2,10,10,10,10,2,4,1,2,2,1,1,5,1,4,3,4,4,2,23,4,16,84,16,1,1,3,4,2
2022-09-15 14:11:51,2022-09-15 14:25:08,0,100,797,1,2022-09-15 14:25:08,R_O9FsPin8w5vyMTL,anonymous,IT,0.8999999761581421,1,2,0,5,0,10,6,1,5,5,2,5,5,10,10,1,1,1,2,5,10,10,10,2,3,2,2,2,1,1,4,3,4,3,4,3,2,23,4,17,84,16,1,2,3,4,1
2022-09-15 14:51:22,2022-09-15 14:57:42,0,100,380,1,2022-09-15 14:57:43,R_2zeC6hXAgUKviD1,anonymous,IT,1,1,1,5,5,5,10,5,1,5,1,1,5,5,5,10,2,1,2,1,5,5,10,5,1,1,3,1,2,1,2,5,1,1,3,4,3,1,46,4,13,84,16,1,4,1,3,2
2022-09-15 15:05:41,2022-09-15 15:24:07,0,100,1105,1,2022-09-15 15:24:07,R_XH3SNHItsfHvYKl,anonymous,IT,0.8999999761581421,1,2,0,5,0,10,2,1,4,4,2,5,5,10,10,2,1,1,2,5,10,10,10,2,3,2,4,2,1,1,2,1,3,2,3,4,1,55,5,15,84,16,1,3,4,2,1
2022-09-15 15:20:40,2022-09-15 15:26:08,0,100,328,1,2022-09-15 15:26:09,R_1I6Qgx4QKwse4ck,anonymous,IT,0.8999999761581421,1,1,5,10,5,10,20,1,2,2,1,5,10,5,10,3,1,1,1,5,10,6,10,1,5,3,4,2,2,1,20,3,3,1,2,1,2,44,4,18,84,16,1,3,2,4,1
2022-09-15 15:11:52,2022-09-15 15:26:39,0,100,886,1,2022-09-15 15:26:39,R_2DXMHjXIx12IAHY,anonymous,IT,0.8999999761581421,1,3,0,0,0,0,5,2,3,3,1,5,5,10,10,1,1,3,2,10,10,10,10,1,3,3,3,2,2,3,5,1,3,2,1,3,1,54,5,20,84,16,1,1,3,4,2
2022-09-15 16:55:15,2022-09-15 17:09:11,0,100,835,1,2022-09-15 17:09:11,R_2gK8pfZQzxMnPQR,anonymous,IT,0.8999999761581421,1,2,0,0,0,5,10,2,5,3,2,0,5,0,10,1,2,3,2,5,10,10,10,2,4,2,3,2,2,3,8,1,4,3,4,4,2,26,2,16,84,16,1,3,1,4,2
2022-09-15 17:50:17,2022-09-15 18:09:44,0,100,1166,1,2022-09-15 18:09:44,R_ZJYQG94YIvueE1j,anonymous,IT,0.8999999761581421,1,3,5,5,5,5,5,3,3,3,2,5,5,5,5,3,2,1,1,10,10,10,10,2,3,3,3,2,2,1,3.5,1,3,3,4,3,2,61,5,18,84,16,1,4,1,2,3
2022-09-15 18:26:25,2022-09-15 18:37:48,0,100,682,1,2022-09-15 18:37:48,R_1mrQbnjiemYHGjw,anonymous,IT,1,1,3,0,0,0,0,3,3,3,1,2,5,5,5,5,1,1,3,2,10,10,10,10,2,3,3,1,2,1,3,3,1,4,3,4,3,2,22,4,17,84,16,1,4,2,3,1
2022-09-15 18:15:30,2022-09-15 18:49:44,0,100,2053,1,2022-09-15 18:49:44,R_2uvADomJJRQTNxV,anonymous,IT,1,1,1,5,8,10,15,15,3,3,3,2,3,5,10,15,1,1,1,2,10,10,10,15,2,3,3,3,2,1,1,3.00,1,3,2,1,3,2,55,6,20,84,16,1,3,2,4,1
2022-09-15 18:44:45,2022-09-15 18:55:37,0,100,651,1,2022-09-15 18:55:37,R_1eEvoQKdqkMkTVg,anonymous,IT,1,1,1,5,5,5,5,5,1,5,5,1,5,5,5,10,1,1,1,2,10,10,10,10,2,4,2,2,2,1,1,3,1,3,2,4,4,2,53,2,17,84,16,1,3,2,4,1
2022-09-15 18:56:51,2022-09-15 19:21:23,0,100,1472,1,2022-09-15 19:21:24,R_d1jK96ezAmoxl85,anonymous,IT,1,1,3,0,0,0,0,8,1,5,5,1,0,5,0,5,1,1,3,1,10,10,10,10,1,1,5,5,2,2,3,8,1,3,2,4,4,2,53,5,13,84,16,1,1,2,4,3
2022-09-15 19:50:38,2022-09-15 19:57:10,0,100,392,1,2022-09-15 19:57:10,R_2Vl8IzzjgqbTuYw,anonymous,IT,0.8999999761581421,1,1,5,5,10,10,5,1,5,4,1,5,5,10,10,3,2,1,2,5,10,10,10,1,3,4,2,2,2,1,5,1,3,1,2,3,2,21,6,16,84,16,1,1,2,3,4
2022-09-15 19:44:35,2022-09-15 19:58:41,0,100,845,1,2022-09-15 19:58:41,R_r0GTneSb8WEtIJj,anonymous,IT,0.8999999761581421,1,1,0.00,3.00,5.00,7.00,5.00,1,5,5,1,0.00,3.00,5.00,7.00,1,1,3,2,5.00,10.00,7.00,10.00,2,1,5,5,2,2,3,3.50,1,3,2,4,3,2,24,2,16,84,16,1,1,2,3,4
2022-09-15 21:51:52,2022-09-15 22:18:48,0,100,1615,1,2022-09-15 22:18:48,R_3HulLNgDdSiFwYl,anonymous,IT,0.4000000059604645,1,2,0,5,0,5,8,2,4,3,1,5,5,5,5,1,1,3,2,10,10,10,10,2,4,3,3,2,1,3,5,1,4,3,4,4,2,24,1,18,84,16,1,4,3,2,1
2022-09-15 23:47:13,2022-09-16 00:03:02,0,100,948,1,2022-09-16 00:03:02,R_1Nwal4MdrfMz6f4,anonymous,IT,1,1,1,0,0,0,0,10,1,5,5,2,5,5,5,5,3,1,3,2,0,10,0,10,2,3,5,2,2,1,1,5,1,3,2,4,4,2,56,4,19,84,16,1,1,4,2,3
2022-09-16 05:59:07,2022-09-16 06:11:56,0,100,769,1,2022-09-16 06:11:57,R_1DB8MgfQdLAmeaM,anonymous,IT,1,1,1,0,5,0,10,3,1,5,3,2,5,5,5,5,1,1,2,3,10,10,10,10,2,2,4,3,1,1,2,3,1,3,2,1,3,2,55,5,13,84,16,1,3,1,2,4
2022-09-16 06:58:55,2022-09-16 07:14:42,0,100,947,1,2022-09-16 07:14:43,R_3e5modlZkWEsJgm,anonymous,IT,1,1,1,0,5,0,10,3,1,4,4,1,5,10,5,15,1,1,3,2,10,10,10,10,1,4,3,2,2,1,1,3,1,3,2,2,4,1,56,5,14,84,16,1,3,1,2,4
2022-09-16 07:52:13,2022-09-16 08:00:27,0,100,494,1,2022-09-16 08:00:29,R_1cYd25KPJknh86o,anonymous,IT,0.8999999761581421,1,3,5,10,10,20,5,1,5,4,1,5,10,10,20,3,2,3,1,10,20,10,20,1,1,5,4,3,2,3,3,1,3,2,4,4,1,28,4,16,84,16,1,2,4,1,3
2022-09-16 09:21:14,2022-09-16 09:30:50,0,100,575,1,2022-09-16 09:30:51,R_2yjsS9rY9fnJF0Q,anonymous,IT,0.8999999761581421,1,3,0,0,0,0,5,2,3,4,1,5,5,5,5,3,1,3,2,10,10,10,10,2,2,3,4,2,1,1,3,4,4,3,4,3,2,47,3,13,84,16,1,1,3,2,4
2022-09-16 11:37:46,2022-09-16 11:50:44,0,100,778,1,2022-09-16 11:50:45,R_3QJkJiBGloGkRQE,anonymous,IT,1,1,3,0,5,0,10,10,2,4,3,2,5,5,5,5,3,1,3,2,10,10,10,10,2,2,4,3,2,1,3,4,1,3,2,4,5,1,49,5,13,84,16,1,2,3,1,4
2022-09-16 12:29:43,2022-09-16 12:39:45,0,100,601,1,2022-09-16 12:39:45,R_yDZCJTHCXy8SpIB,anonymous,IT,1,1,1,0,5,0,10,5,3,5,3,1,0,5,5,10,1,1,2,2,5,10,5,10,2,3,3,2,2,1,3,5,1,3,2,4,4,2,58,6,23,84,16,1,1,3,2,4
2022-09-16 12:31:01,2022-09-16 13:46:53,0,100,4551,1,2022-09-16 13:46:53,R_WwJPSA4kC81RGRr,anonymous,IT,1,1,1,5,5,10,10,7,2,4,2,1,5,10,10,15,1,1,2,2,5,10,10,15,1,2,4,2,3,1,2,7,1,3,2,3,3,1,33,2,18,84,16,1,4,3,1,2
2022-09-16 13:33:10,2022-09-16 13:51:38,0,100,1107,1,2022-09-16 13:51:38,R_2WIsfrwngaFF8R4,anonymous,IT,1,1,3,0,0,0,0,8,1,5,5,1,0,5,0,7,3,1,3,2,7,10,5,7,1,3,2,1,2,2,3,8,1,3,3,1,4,2,27,1,18,84,16,1,1,4,3,2
2022-09-16 13:44:36,2022-09-16 13:57:19,0,100,762,1,2022-09-16 13:57:19,R_2Ez5ikGhs75I2RI,anonymous,IT,1,1,3,5,5,5,5,10,4,2,1,2,5,5,5,5,2,2,3,2,10,10,10,10,2,3,2,1,2,1,3,3,1,3,2,4,3,2,70,7,23,84,16,1,4,3,2,1
2022-09-16 14:12:22,2022-09-16 14:21:55,0,100,572,1,2022-09-16 14:21:55,R_XAHzDCvD44CmQZX,anonymous,IT,0.8999999761581421,1,3,5,10,10,20,8,1,5,4,1,5,10,10,20,1,1,2,2,10,10,10,10,2,4,2,3,2,1,2,5,1,3,3,4,5,1,31,6,21,169,16,1,1,2,4,3
2022-09-16 14:21:58,2022-09-16 14:36:03,0,100,845,1,2022-09-16 14:36:04,R_33lGE8IUhSo8wxa,anonymous,IT,1,1,2,0,0,0,5,8,2,4,3,1,5,10,10,15,2,1,2,1,10,10,10,10,2,5,2,2,2,1,3,3,1,3,3,4,4,1,27,7,20,84,16,1,1,3,4,2
2022-09-16 15:45:24,2022-09-16 15:54:17,0,100,532,1,2022-09-16 15:54:17,R_12gUaaOxwnozoGf,anonymous,IT,0.8999999761581421,1,3,0,15,0,20,0,1,5,5,1,0,15,0,20,1,2,2,2,10,10,10,10,1,5,1,3,3,2,2,1,1,3,2,4,4,1,30,2,21,84,16,1,3,2,4,1
2022-09-16 18:27:04,2022-09-16 18:37:15,0,100,611,1,2022-09-16 18:37:15,R_zce2DfCJyXbxdJv,anonymous,IT,0.8999999761581421,1,3,0,5,0,10,3,2,5,4,2,5,5,5,10,3,1,1,1,5,10,10,10,2,3,4,2,3,1,2,3,1,3,3,4,5,2,25,7,19,84,16,1,3,4,1,2
2022-09-17 05:19:43,2022-09-17 05:33:55,0,100,852,1,2022-09-17 05:33:56,R_DBGZh1Weu0HnVxD,anonymous,IT,1,1,2,5,7,10,13,5,1,5,5,1,5,7,10,13,1,1,2,1,10,14,10,14,1,1,5,5,2,1,2,3,1,3,2,1,5,1,42,7,16,84,16,1,3,1,2,4
2022-09-17 07:55:23,2022-09-17 08:13:46,0,100,1102,1,2022-09-17 08:13:46,R_2pKn6k94GZdYtXl,anonymous,IT,0.8999999761581421,1,2,0,5,0,10,1,1,5,3,1,5,5,10,10,1,1,3,2,5,10,10,10,1,3,3,3,2,2,3,1,1,3,2,4,4,2,63,4,17,84,16,1,1,4,3,2
2022-09-17 09:16:43,2022-09-17 09:27:42,0,100,658,1,2022-09-17 09:27:44,R_1myjhLZD3Sit4Fe,anonymous,IT,1,1,1,0,0,0,0,5,3,2,2,2,5,5,10,10,1,1,3,2,5,5,10,10,2,4,2,1,1,2,1,3,1,3,3,4,5,2,59,3,18,84,16,1,2,1,3,4
2022-09-17 09:34:06,2022-09-17 10:04:41,0,100,1834,1,2022-09-17 10:04:41,R_r0dy6pEZEIeUKnn,anonymous,IT,1,1,3,5.00,10.00,10.00,20.00,5.00,1,5,3,2,5,10,10,20,2,2,2,3,10,15,10,15,1,3,4,5,2,2,3,3,1,1,2,1,5,1,58,3,14,84,16,1,1,3,2,4
2022-09-17 10:03:18,2022-09-17 10:24:33,0,100,1275,1,2022-09-17 10:24:33,R_1l6orfJU6crdgpB,anonymous,IT,1,1,3,5,5,10,10,10,3,3,3,1,5,5,5,10,3,1,2,2,10,10,10,10,1,3,3,3,2,2,2,5,3,3,3,4,3,2,59,3,19,84,16,1,2,3,1,4
2022-09-17 10:23:53,2022-09-17 10:35:36,0,100,702,1,2022-09-17 10:35:36,R_1HbjXxjKTBt1ei6,anonymous,IT,0.8999999761581421,1,1,5,5,10,10,5,1,5,5,1,5,5,10,10,1,1,1,2,5,5,10,10,1,1,5,5,2,1,1,2,1,3,2,1,3,1,44,7,21,84,16,1,2,3,4,1
2022-09-17 10:26:42,2022-09-17 10:35:38,0,100,535,1,2022-09-17 10:35:39,R_21jJWrHT9fwH3Jg,anonymous,IT,1,1,3,0,0,0,0,10,3,3,3,2,5,5,10,10,3,1,2,3,10,10,10,10,2,3,3,3,3,2,2,2,1,3,3,4,3,1,61,2,13,84,16,1,4,1,2,3
2022-09-17 09:44:37,2022-09-17 10:50:46,0,100,3968,1,2022-09-17 10:50:47,R_2zUWIVAbNSQbHud,anonymous,IT,0.8999999761581421,1,1,5,5,5,5,5,1,5,5,1,5,5,5,5,1,1,1,2,5,5,10,10,1,5,2,2,2,1,1,5,1,3,2,3,3,1,70,7,16,84,16,1,4,1,2,3
2022-09-17 10:48:11,2022-09-17 11:06:31,0,100,1100,1,2022-09-17 11:06:33,R_1jKhWuZHjWUqpSo,anonymous,IT,1,1,1,0,5,0,10,5,4,2,4,2,0,5,0,10,1,1,3,2,5,10,5,10,2,5,5,1,1,1,3,1,1,3,3,4,5,2,51,7,19,84,16,1,1,2,4,3
2022-09-17 11:14:13,2022-09-17 11:28:09,0,100,835,1,2022-09-17 11:28:09,R_2OSZyvAnpCqatpz,anonymous,IT,1,1,3,0,5,0,10,10,1,2,2,1,0,5,0,10,3,1,2,2,5,10,10,15,2,1,1,1,3,1,1,5,1,3,2,4,4,2,52,2,19,84,16,1,4,1,3,2
2022-09-17 11:28:08,2022-09-17 11:47:01,0,100,1132,1,2022-09-17 11:47:01,R_1jHPO9RS9ErFXT7,anonymous,IT,1,1,1,0,5,0,10,5,2,3,3,1,10,10,10,10,1,1,3,2,10,10,10,10,2,3,5,2,2,1,3,3,1,3,2,4,5,1,62,7,17,84,16,1,4,2,1,3
2022-09-17 11:34:51,2022-09-17 11:49:04,0,100,853,1,2022-09-17 11:49:05,R_3pceCrfFRJSjhXA,anonymous,IT,0.8999999761581421,1,3,5,5,10,10,5,1,1,1,2,5,5,10,10,3,2,2,3,5,10,5,10,1,1,1,1,3,2,2,3,2,3,2,4,3,2,49,3,11,84,16,1,4,3,1,2
2022-09-17 12:01:57,2022-09-17 12:13:26,0,100,688,1,2022-09-17 12:13:26,R_1OIdeqqtY3Ixuye,anonymous,IT,1,1,3,0,50,0,10,5,1,5,5,2,5,5,10,10,1,2,1,2,10,10,10,10,1,4,4,3,2,1,2,3,1,3,2,1,3,2,53,6,22,84,16,1,3,4,1,2
2022-09-17 12:33:34,2022-09-17 12:51:47,0,100,1093,1,2022-09-17 12:51:48,R_1g0UpFBVwtZGjAS,anonymous,IT,1,1,2,5,5,10,10,2,1,5,5,1,5,5,10,10,1,1,2,2,5,5,10,10,1,1,5,5,2,2,2,2,1,3,2,4,4,1,25,6,19,84,16,1,2,4,3,1
2022-09-17 12:54:00,2022-09-17 13:02:59,0,100,538,1,2022-09-17 13:02:59,R_3DhfAQIq32BVXJj,anonymous,IT,1,1,3,0,5,0,8,5,2,4,3,1,0,5,0,8,3,2,2,2,0,5,0,8,1,3,3,2,1,2,2,5,1,2,2,4,4,1,57,3,18,84,16,1,1,2,3,4
2022-09-17 12:57:47,2022-09-17 13:13:10,0,100,922,1,2022-09-17 13:13:10,R_1jpM6rOPElZIgYf,anonymous,IT,0.699999988079071,1,1,0,2,0,5,5,1,5,5,1,0,5,0,5,1,2,3,1,0,5,0,10,2,3,3,1,2,2,3,5,1,3,2,4,4,1,40,6,18,84,16,1,1,3,2,4
2022-09-17 13:46:35,2022-09-17 13:54:09,0,100,453,1,2022-09-17 13:54:09,R_3QWXozDRChTJvVL,anonymous,IT,1,1,1,0,5,0,10,10,3,3,1,1,0,5,0,10,1,1,2,2,0,10,0,10,2,4,2,2,2,1,2,8,1,3,3,4,4,2,18,6,13,84,16,1,3,2,4,1
2022-09-17 14:26:15,2022-09-17 14:37:32,0,100,676,1,2022-09-17 14:37:33,R_10pwJka6uQMr4l2,anonymous,IT,1,1,3,0,0,0,0,5,1,3,1,2,5,5,10,10,3,2,3,1,0,0,0,0,2,1,3,1,3,2,3,5,4,4,3,1,3,2,44,1,11,84,16,1,3,2,4,1
2022-09-17 14:25:09,2022-09-17 14:42:09,0,100,1019,1,2022-09-17 14:42:09,R_qECEuEWMga96GUF,anonymous,IT,1,1,1,5,5,5,7,5,1,5,1,1,5,5,5,7,2,2,2,1,5,5,5,5,1,2,1,1,3,2,2,5,1,2,2,4,3,1,76,5,15,84,16,1,4,2,3,1
2022-09-17 14:22:58,2022-09-17 14:42:57,0,100,1199,1,2022-09-17 14:42:58,R_2OYHQRoZ7u1BjmU,anonymous,IT,1,1,2,5,15,10,20,4,1,4,5,2,5,15,10,20,1,1,3,2,5,15,10,20,2,2,4,3,2,1,3,2,1,3,3,4,4,1,30,3,12,84,16,1,3,4,2,1
2022-09-17 14:38:23,2022-09-17 14:59:52,0,100,1288,1,2022-09-17 14:59:53,R_1gtpwb5wLfJWSqP,anonymous,IT,0.8999999761581421,1,1,5,10,10,18,4,2,4,3,1,5,10,10,18,1,1,2,2,10,15,10,15,2,4,2,1,2,2,2,1,1,3,2,3,4,1,25,6,18,84,7,1,1,2,3,4
2022-09-17 14:51:05,2022-09-17 15:01:54,0,100,648,1,2022-09-17 15:01:54,R_2OO6Qtk4NjIZ1pr,anonymous,IT,,1,3,0,7,1,15,3,1,1,5,1,6,10,5,10,3,2,3,2,5,10,10,15,1,1,5,5,2,2,3,1.5,1,3,2,1,3,1,28,4,20,84,16,1,2,3,1,4
2022-09-17 15:01:52,2022-09-17 15:12:17,0,100,624,1,2022-09-17 15:12:17,R_1lAHdQDKKoVhhpQ,anonymous,IT,1,1,2,0,5,0,10,3,1,3,4,1,0,5,0,5,2,1,1,2,0,5,0,5,1,1,3,3,2,1,1,3,1,3,2,3,3,1,26,7,18,84,16,1,1,3,2,4
2022-09-17 16:22:15,2022-09-17 16:36:31,0,100,856,1,2022-09-17 16:36:32,R_2ZOIw5CnqR8zd6G,anonymous,IT,0.8999999761581421,1,1,0,5,0,10,15,3,5,2,1,0,5,0,10,1,1,2,2,0,10,0,10,2,5,1,2,3,1,2,5,1,3,2,3,5,1,52,6,18,84,16,1,1,3,4,2
2022-09-17 16:27:32,2022-09-17 16:41:32,0,100,840,1,2022-09-17 16:41:33,R_7TCMXKAigZPX477,anonymous,IT,1,1,1,0,5,0,10,10,3,5,3,1,0,10,0,20,3,2,2,2,0,10,0,20,2,1,4,3,2,2,3,2.5,2,4,3,4,3,2,42,3,13,84,16,1,2,3,1,4
2022-09-17 17:15:04,2022-09-17 17:30:25,0,100,920,1,2022-09-17 17:30:25,R_2THICO6n5eLwZOe,anonymous,IT,1,1,3,5,5,10,10,7,1,4,3,1,5,7,10,10,1,1,2,2,10,10,10,10,2,5,1,1,3,1,1,5,1,3,2,3,4,2,52,7,15,84,16,1,3,1,4,2
2022-09-17 17:22:18,2022-09-17 17:32:37,0,100,619,1,2022-09-17 17:32:38,R_rdLNplAPJA2gnu1,anonymous,IT,1,1,1,5,10,5,20,5,1,1,1,1,5,10,5,20,1,2,2,2,5,10,5,20,1,1,1,2,1,2,2,2,1,3,2,1,5,2,43,3,13,84,16,1,3,2,4,1
2022-09-17 17:28:40,2022-09-17 17:41:50,0,100,789,1,2022-09-17 17:41:50,R_wRWo2tvsdOajnS9,anonymous,IT,1,1,3,0,0,0,0,5.00,2,4,3,2,5,5,10,10,3,2,1,3,5,5,10,10,1,4,2,3,3,2,1,5,2,3,2,4,4,2,47,3,17,84,16,1,1,3,2,4
2022-09-17 17:42:15,2022-09-17 17:56:26,0,100,850,1,2022-09-17 17:56:26,R_3gTyXFGWG83B6iX,anonymous,IT,1,1,2,5,10,10,15,7,4,4,1,2,5,10,10,15,2,2,1,2,10,10,10,15,2,4,3,1,2,2,1,3,1,3,3,3,3,2,50,3,13,84,16,1,1,3,4,2
2022-09-17 17:34:38,2022-09-17 17:59:52,0,100,1514,1,2022-09-17 17:59:54,R_1LFsgu3CxUJZSRv,anonymous,IT,1,1,3,0,5,0,10,5,1,3,3,2,5,5,5,5,3,2,3,2,10,10,10,10,2,1,3,3,2,1,1,2,1,3,2,1,3,1,70,6,18,84,16,1,4,2,3,1
2022-09-17 18:01:29,2022-09-17 18:16:14,0,100,885,1,2022-09-17 18:16:16,R_r8fdaSwZRcloN7X,anonymous,IT,0.8999999761581421,1,2,0,5,0,5,5,3,3,3,2,5,5,5,10,1,1,2,2,5,10,5,10,2,3,3,3,2,1,2,3,1,4,3,4,5,2,53,3,13,84,16,1,2,4,1,3
2022-09-17 18:29:19,2022-09-17 18:42:55,0,100,815,1,2022-09-17 18:42:55,R_9Rfr2wpywW2tNQJ,anonymous,IT,1,1,1,5,10,0,10,5,1,5,5,2,5,10,10,20,1,1,2,1,10,15,10,20,2,3,3,2,2,1,3,5,1,3,2,1,3,1,30,5,19,84,16,1,3,4,1,2
2022-09-17 18:33:01,2022-09-17 18:50:33,0,100,1052,1,2022-09-17 18:50:34,R_3fuWgwJuEqxqJjz,anonymous,IT,0.8999999761581421,1,2,0,5,0,10,3,1,5,5,1,5,5,5,5,1,2,1,2,5,10,5,10,1,1,1,5,2,2,1,3,1,3,2,1,4,1,53,6,13,84,16,1,4,2,3,1
2022-09-17 19:18:10,2022-09-17 19:30:52,0,100,762,1,2022-09-17 19:30:53,R_1mWyfH4uzoWE6Tp,anonymous,IT,1,1,1,0,5,0,5,15,1,2,2,2,5,5,5,5,1,1,1,3,10,10,10,10,2,2,2,2,3,1,1,5,1,3,2,1,4,1,60,6,13,84,16,1,3,4,2,1
2022-09-17 23:41:46,2022-09-17 23:56:04,0,100,857,1,2022-09-17 23:56:04,R_1rGIFPUZlPfFI2J,anonymous,IT,0.8999999761581421,1,1,0,5,0,10,3,2,4,1,2,0,5,0,5,3,1,2,1,5,10,5,10,2,5,1,1,2,2,2,3,3,4,3,1,5,2,27,4,18,84,16,1,4,2,1,3
2022-09-18 06:58:25,2022-09-18 07:13:22,0,100,896,1,2022-09-18 07:13:22,R_2w1ubZOTX44h9IB,anonymous,IT,0.8999999761581421,1,3,0,5,0,10,10,1,5,3,1,5,10,10,20,3,1,2,2,10,10,10,20,1,4,1,3,2,1,2,5,1,3,2,1,4,1,55,6,19,24,16,1,3,1,4,2
2022-09-18 09:51:46,2022-09-18 10:07:28,0,100,942,1,2022-09-18 10:07:28,R_2vYzOJBqjLlEzWH,anonymous,IT,1,1,3,5,5,10,10,5,1,5,1,2,5,5,10,10,3,2,3,3,5,5,10,10,2,5,5,1,3,2,3,3,1,2,3,3,3,2,45,1,15,84,16,1,2,4,1,3
2022-09-18 09:42:12,2022-09-18 10:53:21,0,100,4269,1,2022-09-18 10:53:22,R_3KVHwcv0QLL5Z54,anonymous,IT,1,1,1,5,5,10,10,2,3,2,1,1,5,5,10,10,1,1,1,1,5,5,10,10,1,3,2,1,2,1,1,3,3,4,3,4,5,2,58,2,13,84,16,1,3,2,4,1
2022-09-18 17:37:34,2022-09-18 17:47:54,0,100,620,1,2022-09-18 17:47:55,R_7WXfGZMPAUSuci5,anonymous,IT,1,1,1,0,5,0,5,5,4,2,3,2,0,5,0,5,1,2,1,1,5,10,10,10,2,4,2,3,1,2,1,2,1,3,2,2,2,1,50,7,18,84,16,1,1,3,4,2
2022-09-18 17:39:10,2022-09-18 17:55:20,0,100,969,1,2022-09-18 17:55:20,R_3RxgQRvvQEwsZT7,anonymous,IT,1,1,2,0,0,0,0,5,3,4,4,2,5,6,5,5,1,1,2,2,5,10,5,10,2,4,4,4,3,1,2,5,1,3,3,4,3,1,47,2,13,84,16,1,1,3,2,4
2022-09-18 18:16:16,2022-09-18 18:30:40,0,100,863,1,2022-09-18 18:30:40,R_1QFohkZFytnwsti,anonymous,IT,0.8999999761581421,1,3,0,5,0,10,3,3,3,3,1,0,5,0,10,3,1,3,2,0,5,0,10,1,3,3,3,2,2,3,3,1,2,2,4,3,2,45,4,17,84,16,1,2,3,4,1
2022-09-18 19:00:41,2022-09-18 22:02:18,0,100,10897,1,2022-09-18 22:02:18,R_BDlBnzSmSdkZPqN,anonymous,IT,0.8999999761581421,1,3,5,5,10,10,5,3,5,3,1,6,6,10,10,3,2,3,3,5,5,10,10,1,3,3,5,3,2,3,5,1,4,2,4,2,2,46,2,17,84,16,1,2,1,4,3
2022-09-19 06:42:34,2022-09-19 06:58:44,0,100,970,1,2022-09-19 06:58:44,R_3NR4oEKeLnmctfo,anonymous,IT,1,1,3,0,0,0,0,5,1,5,5,2,5,5,5,5,1,1,2,3,5,10,5,10,2,1,5,5,2,1,1,2.5,1,3,2,1,4,1,61,7,17,84,16,1,1,3,2,4
2022-09-19 07:09:36,2022-09-19 07:22:02,0,100,745,1,2022-09-19 07:22:02,R_3Pct5lwx5wpzBIe,anonymous,IT,1,1,3,5,10,10,20,5,2,5,3,1,6,10,11,20,1,2,3,2,10,15,10,20,2,3,3,2,1,2,3,3,1,3,3,1,3,1,33,3,18,84,16,1,3,4,1,2
2022-09-19 07:06:05,2022-09-19 07:35:30,0,100,1765,1,2022-09-19 07:35:33,R_1GK7XVn5uSa6LGz,anonymous,IT,1,1,3,1.00,5.00,1.00,10.00,5.00,3,3,3,1,1.00,5.00,1.00,10.00,3,2,3,2,1.00,10.00,1.00,10.00,2,3,3,3,1,2,1,2.00,2,4,3,4,3,1,57,3,13,84,16,1,1,4,2,3
2022-09-19 09:20:36,2022-09-19 09:40:15,0,100,1179,1,2022-09-19 09:40:16,R_2EtoKCz2tuza6Hr,anonymous,IT,1,1,3,2,5,5,10,3.50,1,5,4,2,5,5,10,10,3,1,3,2,5,8,10,10,2,2,4,4,2,2,3,3.50,1,3,2,2,5,1,21,3,16,84,16,1,3,4,2,1
2022-09-19 09:18:31,2022-09-19 09:40:48,0,100,1337,1,2022-09-19 09:40:48,R_O8BkAofEn5NGp0Z,anonymous,IT,1,1,2,0.00,0.00,0.00,0.00,10,1,5,5,1,0.00,5.00,0.00,10.00,1,2,2,1,0.00,10.00,0.00,10.00,1,1,5,5,2,2,2,7,1,3,2,4,5,2,68,6,17,84,16,1,4,1,2,3
2022-09-12 12:03:41,2022-09-12 12:12:53,0,67,552,0,2022-09-19 12:40:43,R_23ZY1hs0bsqFxGp,anonymous,IT,1,1,3,0,5,0,10,5,1,4,4,1,5,5,10,10,3,2,3,2,10,10,10,10,1,4,3,2,2,2,3,2,,,,,,,,,,,,,3,2,1,4
2022-09-19 17:19:22,2022-09-19 17:38:01,0,100,1119,1,2022-09-19 17:38:01,R_2tkSeLGSxOVKIX4,anonymous,IT,1,1,1,5,5,10,10,5,1,5,5,1,5,10,10,20,1,1,2,1,10,10,10,20,1,4,1,2,2,2,1,2.50,1,3,2,3,4,1,29,4,18,84,16,1,3,1,4,2
2022-09-19 18:17:06,2022-09-19 18:43:50,0,100,1604,1,2022-09-19 18:43:51,R_3MKCpD57iNTPcro,anonymous,IT,1,1,1,0,0,0,0,5,1,5,2,1,0,0,5,5,2,2,2,2,5,5,10,10,1,1,5,2,2,2,2,5,1,3,2,1,2,2,60,5,19,84,16,1,2,1,4,3
2022-09-19 16:59:05,2022-09-19 19:03:55,0,100,7489,1,2022-09-19 19:03:55,R_3ltwDwZLUlUad2Z,anonymous,IT,1,1,2,5,10,10,10,10,2,4,3,1,5,5,10,10,2,2,2,1,5,10,10,10,1,2,4,3,2,2,3,3,1,3,2,4,4,2,49,4,17,84,16,1,3,4,1,2
2022-09-19 18:51:51,2022-09-19 19:08:53,0,100,1021,1,2022-09-19 19:08:53,R_1QGznduxrWYkzcM,anonymous,IT,0.8999999761581421,1,2,0,5,0,10,4,2,5,1,1,5,5,5,10,1,1,2,2,10,10,10,15,2,4,3,1,2,2,2,100,1,3,2,4,4,2,59,6,17,84,16,1,1,4,2,3
2022-09-19 18:58:50,2022-09-19 20:00:34,0,100,3704,1,2022-09-19 20:00:35,R_bdeg3TL44MzJXwd,anonymous,IT,0.8999999761581421,1,3,0,0,0,0,10,1,5,1,1,0,0,0,0,1,1,1,2,0,0,0,0,1,1,5,5,3,1,1,8,1,3,3,4,3,2,58,6,17,84,16,1,1,4,2,3
2022-09-19 20:25:46,2022-09-19 20:39:54,0,100,848,1,2022-09-19 20:39:54,R_3shRhbgGUGlGsTo,anonymous,IT,1,1,1,0,5,0,10,7,3,3,3,1,5,5,5,10,1,1,3,2,10,10,10,10,2,3,3,1,2,1,3,5,1,3,2,4,5,2,69,3,17,84,16,1,2,1,3,4
2022-09-19 20:27:47,2022-09-19 20:40:46,0,100,779,1,2022-09-19 20:40:46,R_8jGxE92fY7DJ82Z,anonymous,IT,1,1,1,5,5,10,10,5,1,5,5,1,0,0,10,10,1,2,2,2,10,10,10,10,2,3,3,3,2,2,1,2.5,1,3,2,2,5,2,62,7,17,84,16,1,3,1,4,2
2022-09-19 21:22:13,2022-09-19 21:36:44,0,100,871,1,2022-09-19 21:36:45,R_2rVnM49bXWc93Yi,anonymous,IT,1,1,3,5,5,5,5,2,1,5,5,2,5,5,5,5,3,2,3,3,5,5,5,5,2,1,5,5,3,2,3,1,1,3,2,4,3,2,62,7,21,84,16,1,4,3,1,2
2022-09-20 05:45:04,2022-09-20 05:58:39,0,100,814,1,2022-09-20 05:58:40,R_OItcKhYsAO36kXD,anonymous,IT,1,1,1,0,0,0,0,2,2,3,1,1,0,0,0,0,1,1,3,2,5,5,0,0,2,4,3,2,2,1,3,2,1,3,2,1,4,2,60,3,13,84,16,1,2,3,4,1
2022-09-20 07:38:01,2022-09-20 07:46:52,0,100,531,1,2022-09-20 07:46:53,R_r91BcBF3EjAx4FH,anonymous,IT,0.8999999761581421,1,1,5,20,10,20,5,2,4,4,2,5,20,5,20,3,1,2,2,10,20,10,20,1,3,3,4,2,1,2,5,1,3,2,3,5,1,28,2,14,84,16,1,2,4,3,1
2022-09-20 08:44:15,2022-09-20 09:15:40,0,100,1885,1,2022-09-20 09:15:42,R_XS27m4yaOuwIIil,anonymous,IT,1,1,1,5,5,10,10,3,1,4,3,2,5,5,10,10,1,2,2,2,10,10,10,10,2,5,1,1,2,2,2,1,1,3,2,3,4,2,67,3,17,84,16,1,3,4,2,1
2022-09-20 11:40:21,2022-09-20 11:48:32,0,100,491,1,2022-09-20 11:48:32,R_AgSuZ7z82EMOqlj,anonymous,IT,1,1,2,5,10,10,20,20,3,2,4,2,5,10,10,20,1,1,1,2,10,10,10,20,2,5,2,3,1,1,1,20,1,3,1,1,4,1,27,6,18,84,16,1,3,1,2,4
2022-09-20 11:39:31,2022-09-20 11:56:06,0,100,994,1,2022-09-20 11:56:07,R_2EzBkZA7TZ0gOW1,anonymous,IT,0.8999999761581421,1,1,0,5,0,10,10,1,5,5,1,5,5,5,10,1,1,2,1,0,10,0,10,1,1,4,4,2,1,1,5,1,3,2,1,3,1,60,6,17,84,16,1,2,1,4,3
2022-09-20 12:06:19,2022-09-20 12:19:55,0,100,815,1,2022-09-20 12:19:55,R_1C8fNTBZL1tRZrT,anonymous,IT,1,1,1,0,5,0,10,3,2,4,3,1,0,5,5,10,1,1,2,2,5,10,5,10,2,3,4,1,1,1,1,4,1,4,2,4,5,2,25,7,19,84,16,1,1,3,4,2
2022-09-20 12:11:12,2022-09-20 12:20:14,0,100,542,1,2022-09-20 12:20:14,R_3KUZpq2ALWuzqDu,anonymous,IT,1,1,2,0,5,5,10,6,1,3,3,1,0,5,5,10,2,2,3,1,0,5,0,10,1,5,3,4,2,2,1,5,1,1,2,1,4,1,26,2,18,84,16,1,1,2,3,4
2022-09-20 12:15:51,2022-09-20 12:25:30,0,100,579,1,2022-09-20 12:25:31,R_u2mlm4MiZ1Vu8j7,anonymous,IT,1,1,3,0,0,0,5,5,2,4,4,1,0,5,5,10,1,1,2,1,0,5,5,10,2,4,2,1,2,1,1,4,1,3,2,1,3,2,25,7,18,84,16,1,4,1,2,3
2022-09-20 12:16:47,2022-09-20 12:30:16,0,100,808,1,2022-09-20 12:30:16,R_3O3c2e0sHiRJmzD,anonymous,IT,1,1,1,0,5,0,10,3,1,4,2,1,5,10,5,15,1,1,3,2,10,15,10,15,2,3,2,2,2,2,3,3,1,4,2,4,5,2,31,5,20,84,16,1,4,3,1,2
2022-09-20 12:15:57,2022-09-20 12:33:27,0,100,1049,1,2022-09-20 12:33:27,R_237584Z9r5Xmlog,anonymous,IT,1,1,3,0,10,0,20,5,1,5,5,2,0,10,0,20,3,1,3,3,5,15,5,20,2,3,3,2,3,1,3,2.50,1,3,2,4,4,1,25,3,14,84,16,1,1,3,4,2
2022-09-20 13:25:50,2022-09-20 13:48:49,0,100,1378,1,2022-09-20 13:48:49,R_09f6ojxI9sKhHjz,anonymous,IT,1,1,1,2.5,50,5,60,8,1,5,5,1,5,50,5,60,1,2,3,2,10,50,10,60,1,1,5,5,2,2,3,5,1,3,2,1,5,1,37,3,18,84,16,1,4,3,1,2
2022-09-13 15:16:31,2022-09-13 15:20:07,0,25,215,0,2022-09-20 15:20:13,R_1H0QnhBCZSqRQ9J,anonymous,IT,0.8999999761581421,1,3,,,,,,,,,,,,,,,,,2,5,15,10,30,2,5,2,5,,,,,,,,,,,,,,,,,2,4,1,3
2022-09-20 15:23:20,2022-09-20 15:37:13,0,100,832,1,2022-09-20 15:37:13,R_1qWWVBAo7wJut42,anonymous,IT,1,1,1,0,5,0,10,10,1,4,3,1,5,5,5,10,1,1,1,1,10,10,10,10,2,4,5,2,2,1,1,10,1,3,2,1,4,1,37,4,18,84,16,1,2,4,3,1
2022-09-20 15:24:15,2022-09-20 15:42:21,0,100,1086,1,2022-09-20 15:42:22,R_2VBDaNx26JWSZwT,anonymous,IT,0.8999999761581421,1,3,0,5,0,10,10,1,5,5,1,5,5,5,10,1,1,3,2,5,10,10,10,1,2,4,5,2,2,3,4,1,3,2,3,5,1,28,4,20,84,16,1,3,2,1,4
2022-09-20 15:38:57,2022-09-20 15:52:58,0,100,840,1,2022-09-20 15:52:58,R_r8RhiEHtOLarv8J,anonymous,IT,1,1,3,0,5,0,10,5,1,4,4,2,5,7.5,5,10,3,1,1,2,10,10,10,10,2,4,2,4,2,2,1,5,1,3,2,4,4,2,27,6,20,84,16,1,1,3,4,2
2022-09-20 15:39:21,2022-09-20 15:58:44,0,100,1162,1,2022-09-20 15:58:44,R_2wjn0h3JAD7hgxT,anonymous,IT,1,1,1,5,5,5,5,8,1,5,5,2,5,5,5,5,1,1,3,2,5,5,10,10,2,1,5,5,2,1,3,8.00,3,3,2,1,4,2,71,6,17,84,16,1,3,2,4,1
2022-09-20 15:43:18,2022-09-20 16:00:43,0,100,1044,1,2022-09-20 16:00:43,R_2RRlHQPfwU7A9vJ,anonymous,IT,1,1,3,0.00,0.00,0.00,0.00,15.00,2,3,3,1,0.00,0.00,5.00,10.00,3,1,1,2,0.00,5.00,0.00,5.00,2,2,2,3,2,1,1,3.00,3,4,3,4,5,2,26,1,18,84,16,1,3,1,4,2
2022-09-20 14:56:34,2022-09-20 16:03:34,0,100,4020,1,2022-09-20 16:03:34,R_1CKDD4vB06i801U,anonymous,IT,0.8999999761581421,1,1,0,5,0,10,4,3,4,4,1,5,5,10,10,1,1,2,2,10,10,10,10,1,3,2,2,2,1,2,3,1,3,3,1,5,1,33,3,13,84,16,1,2,4,3,1
2022-09-20 16:07:26,2022-09-20 16:14:53,0,100,446,1,2022-09-20 16:14:53,R_2CV7sGBZm2zF2QW,anonymous,IT,1,1,3,5,5,10,10,10,3,5,1,1,5,5,10,10,3,2,3,2,5,5,10,10,1,3,3,1,1,2,1,5,1,3,3,4,3,1,49,5,21,84,16,1,4,1,3,2
2022-09-20 16:06:10,2022-09-20 16:16:58,0,100,648,1,2022-09-20 16:16:58,R_3FJxlrVpN2wrDH5,anonymous,IT,1,1,3,0,10,5,10,3,1,5,5,2,5,10,10,15,1,1,2,2,5,10,10,15,1,1,4,5,2,1,2,2,1,3,2,4,4,1,29,4,18,84,16,1,4,1,3,2
2022-09-20 16:13:32,2022-09-20 16:29:52,0,100,979,1,2022-09-20 16:29:52,R_OMPCfyVX6Q03aox,anonymous,IT,1,1,1,0,5,0,10,10,1,5,5,1,0,5,0,10,1,1,1,2,5,12,10,12,2,5,3,3,2,1,1,5,1,3,2,4,3,1,24,1,18,84,16,1,4,1,3,2
2022-09-20 16:25:41,2022-09-20 16:56:30,0,100,1849,1,2022-09-20 16:56:30,R_4T4zh2I9Qy9hkNb,anonymous,IT,1,1,1,5,7,5,10,5,1,5,5,1,5,7,5,10,1,1,3,2,10,10,10,10,2,3,3,3,2,1,3,3,1,3,2,4,4,2,27,1,19,84,16,1,1,2,4,3
2022-09-20 17:13:18,2022-09-20 17:23:00,0,100,582,1,2022-09-20 17:23:01,R_3s1CgI78Bj08I5B,anonymous,IT,1,1,3,5,5,10,10,4,3,1,3,2,5,5,10,10,1,2,1,1,5,5,10,10,2,1,4,1,2,2,1,4,2,2,3,1,4,1,28,6,15,84,16,1,3,2,4,1
2022-09-20 17:41:49,2022-09-20 17:55:42,0,100,833,1,2022-09-20 17:55:43,R_3iKmQFTGVLfqIue,anonymous,IT,1,1,1,0,5,0,5,5,3,5,4,2,5,5,5,10,3,2,3,2,5,5,10,10,2,4,2,2,2,2,3,3,1,3,2,1,4,2,21,6,15,84,16,1,2,1,3,4
2022-09-20 17:47:26,2022-09-20 18:04:26,0,100,1020,1,2022-09-20 18:04:26,R_2R3s8tHyHWoUlYr,anonymous,IT,1,1,3,0,5,0,10,5,1,5,5,1,5,5,5,10,1,1,3,2,10,10,10,10,1,3,4,3,2,2,1,5,4,4,3,4,3,2,25,7,15,84,16,1,4,1,3,2
2022-09-20 17:58:50,2022-09-20 18:09:20,0,100,629,1,2022-09-20 18:09:20,R_6Y8iuYC9QAbNMYh,anonymous,IT,1,1,1,0,5,0,10,5,1,5,1,1,5,5,5,5,1,1,2,2,5,10,10,10,1,4,2,1,1,2,1,3,1,3,2,1,3,2,27,6,20,60,16,1,2,3,1,4
2022-09-20 18:09:23,2022-09-20 18:24:27,0,100,903,1,2022-09-20 18:24:27,R_3Gv7eCP6aIjKwJq,anonymous,IT,1,1,1,0,8,0,15,10,2,3,5,2,5,8,5,15,1,1,1,2,10,10,10,15,2,5,2,2,2,1,1,10,1,3,2,1,3,1,42,6,19,184,16,1,4,1,3,2
2022-09-20 18:18:15,2022-09-20 18:34:57,0,100,1001,1,2022-09-20 18:34:59,R_2vjGMW7UA2DdGvk,anonymous,IT,1,1,1,0,5,0,10,8,1,5,5,1,5,10,5,10,1,1,2,2,5,10,10,10,1,2,4,3,2,2,3,5,3,3,3,1,3,1,30,1,25,84,16,1,4,2,3,1
2022-09-13 19:38:00,2022-09-13 19:38:09,0,3,8,0,2022-09-20 19:38:12,R_28V6VV5tQAxzmag,anonymous,IT,1,1,,,,,,,,,,,,,,,,,,,,,,,,,,,,,,,,,,,,,,,,,,,,,,
2022-09-20 19:39:14,2022-09-20 19:49:28,0,100,614,1,2022-09-20 19:49:29,R_1LclZ34D1gf5B8i,anonymous,IT,1,1,3,0,5,0,10,2,2,4,3,2,5,5,5,10,1,1,1,1,5,10,10,10,2,5,2,3,2,2,1,2,1,3,2,4,4,2,55,6,17,84,16,1,3,1,4,2
2022-09-13 19:58:58,2022-09-13 20:00:15,0,8,76,0,2022-09-20 20:00:16,R_2B8lLqJY7bZugHZ,anonymous,IT,0.8999999761581421,1,,,,,,,,,,,,,,,,,,,,,,,,,,,,,,,,,,,,,,,,,,,1,4,3,2
2022-09-13 20:32:59,2022-09-13 20:40:07,0,61,427,0,2022-09-20 20:40:11,R_25KhtQEUyOSxXR7,anonymous,IT,0.8999999761581421,1,2,0,10,0,20,2,2,4,4,1,0,10,0,20,2,2,2,2,0,10,0,20,1,,,,2,2,2,2,,,,,,,,,,,,,1,2,4,3
2022-09-13 20:40:31,2022-09-13 20:41:40,0,8,68,0,2022-09-20 20:41:45,R_SZuGwJMhg75GAlX,anonymous,IT,1,1,,,,,,,,,,,,,,,,,,,,,,,,,,,,,,,,,,,,,,,,,,,3,1,4,2
2022-09-13 20:50:57,2022-09-13 20:55:54,0,39,297,0,2022-09-20 20:55:56,R_24ddpaMtv0WLlGl,anonymous,IT,1,1,1,5,5,10,10,5,2,4,3,1,,,,,,,,2,10,10,10,10,1,2,4,3,,,,,,,,,,,,,,,,,2,3,1,4
2022-09-20 20:47:32,2022-09-20 21:01:47,0,100,855,1,2022-09-20 21:01:48,R_2QGuTnfrfW5OMkG,anonymous,IT,1,1,1,0,5,0,10,5,1,5,3,2,5,5,5,10,1,1,2,2,5,10,10,10,2,1,5,3,2,2,1,2,1,3,2,4,4,2,43,7,19,84,16,1,3,2,1,4
2022-09-20 21:10:40,2022-09-20 21:22:26,0,100,705,1,2022-09-20 21:22:27,R_2c7ruK3cUSRcdIH,anonymous,IT,1,1,1,5,10,5,10,6,1,5,5,1,5,10,10,10,1,1,2,2,5,10,10,20,1,1,5,5,2,2,3,4,1,3,2,4,4,2,26,5,18,84,16,1,4,3,2,1
2022-09-20 21:16:16,2022-09-20 21:39:20,0,100,1384,1,2022-09-20 21:39:20,R_2bVkHCbv1GSfaSU,anonymous,IT,1,1,3,0,10,0,20,7,1,5,5,1,5,15,10,30,3,1,3,1,10,20,10,20,2,2,4,4,2,1,3,4,1,3,2,4,4,1,30,2,21,84,16,1,1,3,4,2
2022-09-20 22:45:54,2022-09-20 23:07:21,0,100,1286,1,2022-09-20 23:07:21,R_PBz8tsMhUKJF1Op,anonymous,IT,1,1,1,0,0,0,0,10,1,5,3,2,0,0,0,0,1,2,3,2,0,0,0,0,2,1,5,3,2,2,1,10,1,3,2,4,5,1,39,6,24,84,16,1,2,1,4,3
2022-09-13 18:20:48,2022-09-13 23:11:48,0,8,17460,0,2022-09-20 23:11:52,R_1kFxViekk4bCOUG,anonymous,IT,1,1,,,,,,,,,,,,,,,,,,,,,,,,,,,,,,,,,,,,,,,,,,,2,1,3,4
2022-09-21 07:05:04,2022-09-21 07:18:20,0,100,796,1,2022-09-21 07:18:21,R_2zcejEpzY5OjwIz,anonymous,IT,0.8999999761581421,1,3,0,5,0,10,5,1,5,5,1,1,5,1,10,1,1,1,1,0,5,0,10,1,1,5,5,2,2,1,2,4,4,3,4,3,2,63,5,20,84,16,1,2,4,1,3
2022-09-14 08:03:18,2022-09-14 08:29:07,0,67,1549,0,2022-09-21 08:29:13,R_2xSlRlLq26OiIAA,anonymous,IT,0.8999999761581421,1,1,0,5,0,10,3,4,2,4,2,0,5,0,5,1,2,1,2,0,5,0,10,2,4,2,4,2,2,1,3,,,,,,,,,,,,,4,3,2,1
2022-09-21 08:41:59,2022-09-21 08:52:33,0,100,633,1,2022-09-21 08:52:34,R_2XojFHRC3qInI5R,anonymous,IT,1,1,3,0,5,0,10,10,3,5,1,2,5,5,10,10,3,2,2,2,10,10,10,10,2,5,3,1,3,2,1,10,3,3,3,4,4,2,23,7,17,84,16,1,1,3,2,4
2022-09-21 08:39:13,2022-09-21 08:54:14,0,100,900,1,2022-09-21 08:54:14,R_27mzEuU8NGjUTib,anonymous,IT,0.8999999761581421,1,3,5,10,10,15,5,1,4,2,1,5,10,10,15,3,2,2,1,5,10,10,15,2,1,5,1,2,2,2,5.00,4,4,3,4,5,2,20,7,13,84,16,1,2,4,3,1
2022-09-21 08:39:29,2022-09-21 08:58:34,0,100,1144,1,2022-09-21 08:58:34,R_qymI3UOzVhiZi9P,anonymous,IT,0.8999999761581421,1,1,0,0,0,0,2,2,4,5,1,5,5,5,5,3,2,2,2,10,10,10,10,2,4,4,2,2,2,3,2,4,4,3,4,4,2,22,3,16,122,16,1,4,3,1,2
2022-09-21 08:56:18,2022-09-21 09:07:10,0,100,652,1,2022-09-21 09:07:12,R_2VECi0l3zouIDIq,anonymous,IT,1,1,3,0,5,0,10,5,2,4,4,1,0,5,0,10,1,2,1,2,0,10,0,10,2,4,3,2,2,1,1,2,4,3,3,4,3,2,25,7,19,84,16,1,2,4,3,1
2022-09-21 09:00:34,2022-09-21 09:11:17,0,100,643,1,2022-09-21 09:11:19,R_2uwD7FCsL3vcNpP,anonymous,IT,1,1,2,5,5,10,10,3,1,5,1,1,5,5,5,5,2,1,3,1,10,10,10,10,1,5,4,1,2,2,3,3,1,4,2,4,5,2,23,5,17,84,16,1,2,4,3,1
2022-09-21 09:16:10,2022-09-21 09:30:21,0,100,850,1,2022-09-21 09:30:21,R_YWuHZNfi0dv1jsB,anonymous,IT,0.8999999761581421,1,3,5,5,5,10,5,1,4,4,1,5,5,5,5,3,1,2,2,10,10,10,10,1,3,4,1,2,2,1,3,4,3,3,4,5,2,28,2,19,84,16,1,2,4,3,1
2022-09-21 09:26:45,2022-09-21 09:34:04,0,100,438,1,2022-09-21 09:34:04,R_ex4sqTCL4WcWNPP,anonymous,IT,0.8999999761581421,1,1,5,10,10,15,5,1,4,5,1,5,10,10,15,1,2,2,2,5,10,10,15,1,3,2,4,2,2,2,2,1,3,2,1,3,2,23,6,18,84,16,1,1,3,4,2
2022-09-21 09:25:36,2022-09-21 09:37:11,0,100,694,1,2022-09-21 09:37:11,R_1CCGgJB4WhPzSWt,anonymous,IT,1,1,3,0,5,0,10,7,5,3,2,2,5,5,5,10,1,1,2,1,5,10,10,10,2,1,4,2,2,1,2,3,1,3,2,4,5,1,24,5,18,84,16,1,4,3,2,1
2022-09-21 09:26:35,2022-09-21 09:37:54,0,100,678,1,2022-09-21 09:37:56,R_qI7HwJHNVyrGwFP,anonymous,IT,1,1,2,5,10,10,20,5,1,5,4,1,5,10,10,20,2,1,3,2,10,20,10,20,1,1,5,5,2,2,3,5,4,4,3,4,4,2,20,7,14,84,16,1,1,2,3,4
2022-09-21 09:32:35,2022-09-21 09:48:30,0,100,954,1,2022-09-21 09:48:32,R_3KUxD86PHyI8isQ,anonymous,IT,0.8999999761581421,1,3,0,5,0,10,10,1,5,4,2,5,5,5,10,3,2,2,3,5,5,10,10,2,2,4,3,2,2,2,3,4,3,3,4,4,2,23,3,17,84,16,1,3,4,2,1
2022-09-21 09:55:13,2022-09-21 10:05:06,0,100,592,1,2022-09-21 10:05:07,R_2TuTUlDWyoZECaz,anonymous,IT,1,1,1,5,5,10,10,15,2,2,1,2,5,5,5,5,1,1,3,1,10,10,10,10,2,2,2,1,2,1,1,5,1,3,2,3,4,1,23,2,13,84,16,1,4,2,1,3
2022-09-14 09:50:05,2022-09-14 09:57:31,0,50,445,0,2022-09-21 10:06:52,R_10AwtwzUlxpjJWl,anonymous,IT,1,1,1,0,5,0,10,2,2,5,5,2,,,,,,,,2,5,10,10,10,2,2,5,5,2,1,1,2,,,,,,,,,,,,,3,4,1,2
2022-09-21 10:39:40,2022-09-21 10:52:45,0,100,784,1,2022-09-21 10:52:45,R_2OZsE0TIayWy9CE,anonymous,IT,1,1,3,0,5,0,10,3,1,4,4,1,0,5,0,10,1,1,3,1,10,10,10,10,2,5,1,3,2,1,3,3,1,3,2,4,4,1,22,7,16,84,16,1,1,4,2,3
2022-09-21 10:53:09,2022-09-21 11:27:18,0,100,2048,1,2022-09-21 11:27:18,R_C22SzOlOnlCbxo5,anonymous,IT,0.8999999761581421,1,3,5,7,5,12,5,3,3,2,1,5,7,5,12,1,2,3,2,5,7,5,12,1,4,2,3,3,2,1,2,1,3,3,4,4,2,20,3,15,84,16,1,1,2,3,4
2022-09-21 11:13:20,2022-09-21 11:37:54,0,100,1474,1,2022-09-21 11:37:55,R_pQaZH4sHOsFuBAl,anonymous,IT,1,1,1,0,5,0,10,7,1,5,5,1,0,5,5,10,1,1,3,2,5,10,5,10,2,4,3,2,2,1,3,4,1,3,2,4,4,2,25,6,18,84,16,1,2,1,4,3
2022-09-21 11:33:13,2022-09-21 11:48:08,0,100,894,1,2022-09-21 11:48:08,R_3iQOZIgJ1Z8ZJO2,anonymous,IT,1,1,1,0,5,0,10,4,4,4,4,2,5,5,5,10,1,2,3,2,5,10,5,10,2,5,5,5,2,2,3,4,1,4,3,4,3,2,24,4,16,84,16,1,3,1,4,2
2022-09-21 11:49:00,2022-09-21 11:56:14,0,100,434,1,2022-09-21 11:56:14,R_cvBT5a1N0kX563D,anonymous,IT,1,1,3,5,10,10,20,3,1,5,5,1,5,10,10,20,1,1,1,2,5,10,10,20,1,1,5,5,1,1,1,1,1,3,2,1,3,1,49,6,20,84,16,1,1,3,2,4
2022-09-21 12:11:42,2022-09-21 12:25:47,0,100,845,1,2022-09-21 12:25:48,R_2EfTGmSmOGY5upY,anonymous,IT,1,1,1,0,0,0,0,3,3,3,3,2,0,5,0,10,1,1,2,2,0,0,0,10,2,5,1,4,2,1,2,3,1,3,2,4,5,1,28,7,15,84,16,1,2,3,4,1
2022-09-21 12:26:57,2022-09-21 12:40:35,0,100,818,1,2022-09-21 12:40:35,R_1OYPIsdVRe25idb,anonymous,IT,1,1,3,0,5,0,10,5,5,3,3,2,5,5,5,5,1,1,2,2,5,10,10,10,2,5,3,3,3,1,2,5,1,3,2,1,4,1,57,2,17,84,16,1,3,1,2,4
2022-09-21 11:09:05,2022-09-21 13:19:58,0,100,7852,1,2022-09-21 13:19:58,R_3IPFj2rLm1flI10,anonymous,IT,1,1,1,0,5,0,10,10,1,5,5,1,5,5,10,10,1,1,3,2,10,10,10,10,1,4,3,2,2,1,3,5,1,3,2,1,4,1,32,6,18,84,16,1,3,2,1,4
2022-09-21 13:25:06,2022-09-21 13:46:40,0,100,1293,1,2022-09-21 13:46:40,R_1FJaEwU2ZC09bQ1,anonymous,IT,0.8999999761581421,1,3,3,5,6,10,5,1,5,3,1,3,5,6,10,2,1,2,1,2,5,5,10,2,5,4,1,2,2,3,2,1,3,2,4,4,2,19,7,14,84,16,1,2,3,4,1
2022-09-21 14:14:18,2022-09-21 14:28:47,0,100,868,1,2022-09-21 14:28:47,R_1Cda4B7a5jvcBfC,anonymous,IT,1,1,1,0,10,0,20,5,2,4,3,1,5,10,10,20,1,2,3,1,10,15,10,20,2,3,3,3,2,2,3,3,1,3,2,4,5,1,27,2,21,84,16,1,2,1,4,3
2022-09-21 15:00:50,2022-09-21 15:16:05,0,100,914,1,2022-09-21 15:16:05,R_3iIsAVsV5q6g0ig,anonymous,IT,1,1,1,0,5,0,10,6,5,5,2,1,5,8,10,15,1,1,2,2,5,10,10,13,1,2,4,2,2,2,2,4,4,4,1,4,5,2,22,2,17,84,16,1,4,1,2,3
2022-09-21 15:23:54,2022-09-21 15:41:21,0,100,1047,1,2022-09-21 15:41:21,R_3KrX7JzJ9Orszvj,anonymous,IT,1,1,1,0,5,0,10,5,5,2,3,1,5,5,10,10,1,2,3,2,0,5,0,10,1,2,2,2,2,2,3,5,3,3,3,4,3,2,65,5,17,84,16,1,3,2,4,1
2022-09-21 15:31:09,2022-09-21 15:47:02,0,100,952,1,2022-09-21 15:47:02,R_2ebqIXE3gRyhiTc,anonymous,IT,1,1,1,0,1,0,1,10,5,2,1,2,5,6,10,11,1,1,2,2,10,10,10,10,2,5,5,1,3,2,1,5,1,3,2,4,2,1,69,7,25,84,16,2,4,3,1,2
2022-09-21 17:42:54,2022-09-21 17:56:43,0,100,829,1,2022-09-21 17:56:44,R_efFfLkUpaDyzIf7,anonymous,IT,1,1,1,0,5,0,10,10,1,5,5,2,5,5,5,10,3,2,3,2,10,10,10,10,1,3,5,1,2,2,3,5,1,3,2,1,5,1,44,6,17,84,16,1,3,2,1,4
2022-09-14 21:04:40,2022-09-14 21:07:12,0,14,151,0,2022-09-21 21:07:13,R_x5fEoB9WJ8KW94l,anonymous,IT,1,1,,,,,,,,,,,,,,,,,,,,,,,,,,,3,1,,,,,,,,,,,,,,,3,4,2,1
2022-09-21 21:19:42,2022-09-21 21:32:47,0,100,785,1,2022-09-21 21:32:48,R_3O7F3DlWnBj0EdW,anonymous,IT,0.8999999761581421,1,1,5,10,10,15,8,1,5,5,2,5,10,10,15,1,1,1,2,10,15,10,15,2,3,4,4,1,1,1,5,1,3,2,1,4,1,55,6,15,84,16,1,3,4,1,2
2022-09-14 22:16:55,2022-09-14 22:17:20,0,8,25,0,2022-09-21 22:17:24,R_20OpZphIpOAbiAu,anonymous,IT,1,1,,,,,,,,,,,,,,,,,,,,,,,,,,,,,,,,,,,,,,,,,,,4,1,3,2
2022-09-14 22:38:23,2022-09-14 22:46:19,0,42,476,0,2022-09-21 22:46:22,R_3p919auW4pJP2EB,anonymous,IT,1,1,2,5,5,5,5,3,5,1,1,1,5,5,5,5,2,1,3,2,,,,,,,,,,,,,,,,,,,,,,,,,1,2,3,4
2022-09-15 12:38:50,2022-09-15 12:45:51,0,67,420,0,2022-09-22 12:58:17,R_PwfIm1soJm6MR9v,anonymous,IT,0.4000000059604645,1,1,5,20,10,30,10,1,3,3,1,5,20,10,30,2,1,1,2,5,20,10,30,1,1,3,4,2,2,1,5,,,,,,,,,,,,,3,2,4,1
2022-09-15 12:42:00,2022-09-15 13:08:52,0,53,1611,0,2022-09-22 13:20:25,R_3MKdyWfel0GOqL4,anonymous,IT,1,1,3,5,5,5,5,20,1,2,2,1,5,5,5,5,1,1,2,2,5,5,5,10,1,1,1,1,,,,,,,,,,,,,,,,,3,2,1,4
2022-09-15 13:24:06,2022-09-15 13:28:47,0,44,280,0,2022-09-22 13:35:10,R_1OOA8rHxCrDQ8q0,anonymous,IT,1,1,3,0,5,0,10,2,,,,,5,10,10,20,1,1,2,,,,,,,,,,2,1,1,2,,,,,,,,,,,,,3,2,4,1
2022-09-15 13:26:15,2022-09-15 13:26:59,0,8,43,0,2022-09-22 13:39:11,R_STrBk6na1ahAo93,anonymous,IT,0.4000000059604645,1,,,,,,,,,,,,,,,,,,,,,,,,,,,,,,,,,,,,,,,,,,,3,1,4,2
2022-09-15 13:40:23,2022-09-15 13:43:31,0,25,188,0,2022-09-22 13:46:40,R_3gRaJjLFanVGaug,anonymous,IT,0.699999988079071,1,,,,,,,,,,,5,10,10,15,1,2,1,2,,,,,,,,,,,,,,,,,,,,,,,,,4,1,2,3
2022-09-22 17:10:37,2022-09-22 17:19:32,0,100,535,1,2022-09-22 17:19:33,R_e3ukhRWDMVbnWpP,anonymous,IT,1,1,3,5,10,10,15,20,1,5,5,1,5,10,5,15,3,1,1,3,10,20,10,20,1,5,5,1,3,1,1,10,1,3,2,1,3,1,43,6,21,84,16,1,2,1,3,4
2022-09-15 15:50:47,2022-09-15 17:30:27,0,42,5980,0,2022-09-22 17:30:31,R_XGimypzEISwuzDP,anonymous,IT,1,1,1,0,0,0,0,3,1,5,5,1,0,0,0,0,1,2,1,2,,,,,,,,,,,,,,,,,,,,,,,,,1,2,3,4
2022-09-22 17:19:23,2022-09-22 17:32:53,0,100,809,1,2022-09-22 17:32:53,R_3siSwMu8gyj8hhK,anonymous,IT,1,1,2,0.00,5.00,0.00,10.00,5.00,1,5,5,2,0.00,5.00,0.00,10.00,1,1,2,1,0.00,10.00,0.00,10.00,2,1,5,5,2,1,1,5.00,1,3,2,4,5,2,69,6,20,84,16,1,3,2,4,1
2022-09-22 17:33:41,2022-09-22 17:41:29,0,100,468,1,2022-09-22 17:41:30,R_3fTzcd0WJzuzRBN,anonymous,IT,1,1,2,0,100,0,100,5,1,5,3,1,5,50,10,100,1,2,2,2,5,50,10,100,2,1,4,4,2,2,2,10,1,4,3,4,3,2,27,2,19,84,16,1,4,2,1,3
2022-09-22 17:25:36,2022-09-22 17:49:13,0,100,1417,1,2022-09-22 17:49:13,R_1CqI4pXGLO1PqXh,anonymous,IT,1,1,1,0,10,5,15,6,1,5,5,1,0,5,5,15,1,1,3,2,5,10,5,10,2,4,3,2,2,1,3,5,1,3,2,4,4,1,25,4,19,84,16,1,2,3,4,1
2022-09-15 18:19:23,2022-09-15 18:19:49,0,8,26,0,2022-09-22 18:19:53,R_2vdgvWilsxOQlir,anonymous,IT,1,1,,,,,,,,,,,,,,,,,,,,,,,,,,,,,,,,,,,,,,,,,,,2,4,1,3
2022-09-22 19:25:16,2022-09-22 19:38:57,0,100,820,1,2022-09-22 19:38:59,R_238oUjZ8xKgdgp3,anonymous,IT,0.8999999761581421,1,1,0,5,0,10,7,2,2,3,2,0,5,0,10,1,2,3,2,0,5,0,10,2,3,2,3,2,2,3,5,1,4,3,4,4,2,43,2,22,84,16,1,3,4,1,2
2022-09-22 20:39:43,2022-09-22 21:07:45,0,100,1681,1,2022-09-22 21:07:45,R_Ze3rKgVVxsXnHQ5,anonymous,IT,1,1,1,5.00,5.00,10.00,10.00,10.00,1,5,5,2,5.00,5.00,10.00,10.00,1,2,1,2,10.00,10.00,10.00,10.00,1,1,2,2,1,1,1,10.00,4,3,3,4,3,2,58,5,18,84,16,1,4,1,2,3
2022-09-22 20:43:43,2022-09-22 21:44:05,0,100,3622,1,2022-09-22 21:44:06,R_URUdsZRSoUbw9Ut,anonymous,IT,1,1,1,5.00,10.00,10.00,20.00,5.00,3,1,2,2,5.00,8.00,10.00,15.00,3,1,2,2,10.00,15.00,10.00,20.00,2,1,1,2,3,1,2,3.00,1,3,2,1,3,1,64,4,15,84,16,1,4,1,3,2
2022-09-15 21:54:03,2022-09-15 21:54:21,0,6,18,0,2022-09-22 21:54:22,R_1GCx4EfTxKOKI5S,anonymous,IT,0.699999988079071,1,,,,,,,,,,,,,,,,,,,,,,,,,,,,,,,,,,,,,,,,,,,,,,
2022-09-22 21:43:04,2022-09-22 22:00:03,0,100,1018,1,2022-09-22 22:00:03,R_3nkCju6VGs1Nr6K,anonymous,IT,1,1,3,0,5,0,20,3,4,5,2,1,5,10,10,20,1,1,2,2,10,20,10,20,2,4,3,2,2,1,2,0.3,1,3,3,2,3,2,50,2,14,84,16,2,1,3,2,4
2022-09-22 22:29:03,2022-09-22 22:46:09,0,100,1026,1,2022-09-22 22:46:09,R_1hXZoNw86Gjl2yz,anonymous,IT,1,1,3,5,10,10,15,3,2,3,3,2,5,10,10,15,3,1,1,3,10,10,10,15,2,1,4,1,3,1,1,3,1,4,2,4,3,2,60,3,19,84,16,1,3,4,2,1
2022-09-22 22:37:32,2022-09-22 22:51:15,0,100,822,1,2022-09-22 22:51:15,R_3W3fTC0vksQr9ZL,anonymous,IT,1,1,2,0,5,10,15,10,1,5,5,2,5,10,10,15,3,2,2,1,10,10,10,15,2,3,5,1,2,2,3,3,1,3,2,4,5,2,49,3,18,84,16,1,1,2,3,4
2022-09-15 23:11:29,2022-09-15 23:14:36,0,14,187,0,2022-09-22 23:14:38,R_1PUlkLZruzi05Zh,anonymous,IT,1,1,,,,,,,,,,,,,,,,,,,,,,,,,,,2,2,,,,,,,,,,,,,,,4,3,2,1
2022-09-23 02:00:20,2022-09-23 02:13:16,0,100,776,1,2022-09-23 02:13:16,R_12fdXNxQL5ptNi5,anonymous,IT,1,1,3,0,5,0,10,6,1,5,5,2,0,10,0,10,1,1,3,2,0,15,0,15,2,2,4,2,2,1,3,5,1,3,2,2,4,1,33,3,16,84,16,1,3,2,1,4
2022-09-23 07:25:31,2022-09-23 07:37:57,0,100,745,1,2022-09-23 07:37:57,R_T0q9jzzAmdHpthD,anonymous,IT,1,1,3,5,5,5,5,3,1,5,5,2,5,5,5,5,1,1,2,3,5,10,5,10,2,5,5,5,1,2,1,2.50,1,3,2,4,5,1,42,6,21,17,16,1,3,2,4,1
2022-09-23 08:31:04,2022-09-23 08:39:45,0,100,521,1,2022-09-23 08:39:46,R_1E4j6VTgAb5FXml,anonymous,IT,0.8999999761581421,1,1,0,0,0,0,10,5,2,1,2,0,0,0,0,2,1,1,2,0,5,0,0,2,4,2,2,2,1,1,5,1,3,2,1,5,1,44,6,17,84,16,1,1,2,4,3
2022-09-23 10:18:43,2022-09-23 10:33:53,0,100,910,1,2022-09-23 10:33:55,R_3oWQg59tQUypGc9,anonymous,IT,1,1,2,10,10,15,15,10,3,5,5,2,10,10,15,15,1,2,2,2,15,15,15,15,2,5,5,5,2,2,2,5,3,3,2,1,4,1,27,1,13,84,16,1,4,3,2,1
2022-09-16 09:48:09,2022-09-16 10:44:37,0,17,3388,0,2022-09-23 10:44:46,R_1HdwyLVtYWoHzWm,anonymous,IT,1,1,,,,,,,,,,,5,7,10,15,2,,,,,,,,,,,,,,,,,,,,,,,,,,,,3,1,2,4
2022-09-23 11:43:02,2022-09-23 11:52:51,0,100,588,1,2022-09-23 11:52:51,R_2dtreO3YENKcPv5,anonymous,IT,1,1,2,0,0,0,5,5,1,5,5,1,0,0,5,10,1,1,2,1,0,0,5,10,2,5,1,5,2,2,1,2,4,4,2,4,5,2,25,4,18,84,16,1,2,1,3,4
2022-09-23 16:56:13,2022-09-23 17:12:28,0,100,974,1,2022-09-23 17:12:28,R_1IbArpffT0IO9kT,anonymous,IT,1,1,1,0,0,0,0,7,2,2,5,2,0,5,0,5,1,1,2,1,0,10,0,10,2,3,3,1,3,2,2,5,1,3,2,1,3,1,60,3,14,84,16,1,3,2,4,1
2022-09-17 08:35:47,2022-09-17 08:50:10,0,33,862,0,2022-09-24 08:50:14,R_dhyIBI4YFOFN5Xr,anonymous,IT,1,1,,,,,,,,,,,5,5,5,5,1,1,,2,10,10,10,10,2,4,2,4,,,,,,,,,,,,,,,,,4,2,1,3
2022-09-17 09:29:29,2022-09-17 09:31:35,0,8,125,0,2022-09-24 09:31:35,R_215Sv093d4pNmSw,anonymous,IT,1,1,,,,,,,,,,,,,,,,,,,,,,,,,,,,,,,,,,,,,,,,,,,2,1,3,4
2022-09-17 09:34:13,2022-09-17 09:34:43,0,11,29,0,2022-09-24 09:34:51,R_6upEtv8AbnQ9bz3,anonymous,IT,1,1,,,,,,,,,,,,,,,,,,2,,,,,,,,,,,,,,,,,,,,,,,,,4,2,1,3
2022-09-17 10:22:03,2022-09-17 10:23:14,0,14,70,0,2022-09-24 10:23:16,R_cAXoqhxb0KbznnX,anonymous,IT,1,1,,,,,,,,,,,,,,,,,,,,,,,,,,,3,2,,,,,,,,,,,,,,,4,3,2,1
2022-09-17 10:44:20,2022-09-17 10:50:33,0,47,372,0,2022-09-24 10:50:35,R_eIJVvqXWTqCV1yF,anonymous,IT,0.8999999761581421,1,3,5,5,10,10,4,2,4,3,1,5,5,10,10,1,1,,,,,,,,,,,2,2,2,2,,,,,,,,,,,,,2,3,4,1
2022-09-17 10:42:56,2022-09-17 10:56:39,0,39,822,0,2022-09-24 10:56:42,R_2qrTnCf2r42Q1P0,anonymous,IT,0.8999999761581421,1,,,,,,,,,,,5,5,10,10,,,,2,5.00,5.00,10.00,10.00,1,3,3,3,2,2,1,3.50,,,,,,,,,,,,,4,3,2,1
2022-09-17 13:08:37,2022-09-17 13:09:25,0,8,48,0,2022-09-24 13:09:33,R_1IBjgCSbQvgOmWm,anonymous,IT,0.8999999761581421,1,,,,,,,,,,,,,,,,,,,,,,,,,,,,,,,,,,,,,,,,,,,3,2,1,4
2022-09-17 13:23:17,2022-09-17 13:30:51,0,47,454,0,2022-09-24 13:30:52,R_BDJagLWFiCre8AF,anonymous,IT,0.8999999761581421,1,1,0,5,0,10,5,,,,,5,10,10,20,1,1,3,2,10,10,10,20,1,3,2,3,,,,,,,,,,,,,,,,,3,2,1,4
2022-09-17 14:43:22,2022-09-17 14:46:59,0,33,217,0,2022-09-24 14:47:04,R_3KNQ4uDQhUwMmBg,anonymous,IT,1,1,,,,,,,,,,,,,,,,,,2,10,20,10,20,2,3,5,3,2,1,1,1.5,,,,,,,,,,,,,4,3,1,2
2022-09-24 14:51:13,2022-09-24 15:05:56,0,100,883,1,2022-09-24 15:05:56,R_31Z7zVxH1GMKymy,anonymous,IT,1,1,2,0,0,0,0,5,3,3,3,2,5,5,5,5,1,1,1,2,5,5,10,10,2,3,4,2,2,2,1,3,1,3,3,4,3,2,43,5,18,84,16,1,2,4,1,3
2022-09-17 15:15:33,2022-09-17 15:23:35,0,58,482,0,2022-09-24 15:23:41,R_2cuvhF4bSeD53u4,anonymous,IT,1,1,1,0,5,0,10,5,3,3,2,1,5,5,10,10,1,2,2,2,10,10,10,10,2,3,3,2,1,2,,,,,,,,,,,,,,,1,3,2,4
2022-09-17 17:22:34,2022-09-17 17:22:42,8,3,8,0,2022-09-24 17:22:46,R_YWy0E59MUFoec1z,anonymous,IT,0.8999999761581421,1,,,,,,,,,,,,,,,,,,,,,,,,,,,,,,,,,,,,,,,,,,,,,,
2022-09-17 17:29:59,2022-09-17 17:31:17,0,11,78,0,2022-09-24 17:31:20,R_bKm0OsoNEL5YARb,anonymous,IT,1,1,3,,,,,,,,,,,,,,,,,,,,,,,,,,,,,,,,,,,,,,,,,,1,4,3,2
2022-09-17 18:43:11,2022-09-17 18:44:37,0,78,85,0,2022-09-24 18:44:45,R_Wvug3S12Uy3n0lP,anonymous,IT,1,1,1,0,0,0,0,0,1,1,1,1,0,0,0,0,1,1,1,1,0,0,0,0,1,1,1,1,1,1,1,0,1,3,1,1,,,,,,,,,2,3,1,4
2022-09-17 19:41:58,2022-09-17 19:46:47,0,31,289,0,2022-09-24 19:46:48,R_2yrAjaurbcencwd,anonymous,IT,1,1,3,0,0,0,0,3,1,4,4,1,,,,,,,,,,,,,,,,,2,2,,,,,,,,,,,,,,,1,3,4,2
2022-09-17 19:47:12,2022-09-17 20:13:10,0,64,1557,0,2022-09-24 20:13:10,R_2bTRENgrmEDWtu9,anonymous,IT,1,1,3,5,7,10,12,3,2,5,2,2,5,7,10,12,3,2,1,3,5,7,10,12,2,1,5,2,2,2,1,3,,,,,,,,,,,,,2,3,4,1
2022-09-17 20:44:54,2022-09-17 20:49:18,0,36,263,0,2022-09-24 20:49:20,R_2AKFFCcjTWOTrjI,anonymous,IT,1,1,1,,,,,,,,,,5,10,10,15,1,2,2,,,,,,,,,,2,2,2,5,,,,,,,,,,,,,3,2,4,1
2022-09-25 00:36:54,2022-09-25 00:46:27,0,100,572,1,2022-09-25 00:46:29,R_1Nk2t5EeoDrZ1J2,anonymous,IT,1,1,3,5,10,5,15,10,1,5,3,1,3,5,8,10,3,1,3,1,5,15,10,15,1,5,2,2,2,1,1,5,1,3,2,1,4,2,28,6,19,61,16,1,4,2,1,3
2022-09-25 01:10:37,2022-09-25 01:46:02,0,100,2125,1,2022-09-25 01:46:03,R_1ikDFFwxtcrOKhX,anonymous,IT,1,1,1,0,10,0,15,7,1,5,5,1,5,10,10,15,1,2,2,2,10,15,10,15,1,4,4,4,2,2,2,3,1,3,2,1,5,1,21,4,15,84,16,1,3,4,1,2
2022-09-17 18:45:44,2022-09-18 07:43:21,0,50,46656,0,2022-09-25 07:43:22,R_3nqMHMSJQK3cMA6,anonymous,IT,1,1,1,,,,,,,,,,0,5,0,10,3,2,2,1,5,10,10,10,2,1,5,5,1,1,2,5,,,,,,,,,,,,,4,2,1,3
2022-09-25 07:33:45,2022-09-25 07:49:20,0,100,934,1,2022-09-25 07:49:21,R_21d43NhKMDpQetz,anonymous,IT,0.8999999761581421,1,3,0,5,0,10,5,1,5,4,1,0,5,5,10,1,1,1,2,10,15,10,15,1,4,2,2,2,2,1,3,1,1,2,1,4,2,32,6,18,84,16,1,2,4,3,1
2022-09-18 07:59:37,2022-09-18 08:02:58,0,22,201,0,2022-09-25 08:04:35,R_3hfGt1Lz2grlpnF,anonymous,IT,1,1,3,,,,,,,,,,,,,,,,,,,,,,,,,,3,1,2,2,,,,,,,,,,,,,2,4,3,1
2022-09-25 08:47:25,2022-09-25 08:58:49,0,100,684,1,2022-09-25 08:58:49,R_29giY6kmLc1raa2,anonymous,IT,0.8999999761581421,1,3,5,5,10,10,2.5,1,5,3,1,5,5,10,10,1,1,3,2,10,10,10,10,1,3,3,3,2,2,3,1.5,1,3,2,4,4,2,50,1,17,84,16,1,2,3,4,1
2022-09-25 09:01:38,2022-09-25 09:12:41,0,100,662,1,2022-09-25 09:12:43,R_1ImBDtARUk0nDxj,anonymous,IT,0.8999999761581421,1,1,0.00,10.00,0.00,15.00,5.00,1,1,1,1,6.00,10.00,6.00,15.00,1,1,2,2,6.00,10.00,10.00,15.00,2,1,1,1,2,2,1,5.00,1,3,3,4,3,2,48,2,13,84,16,1,1,2,3,4
2022-09-25 09:05:32,2022-09-25 09:28:10,0,100,1357,1,2022-09-25 09:28:11,R_2EpomsPPnlLjNfI,anonymous,IT,0.8999999761581421,1,1,0,10,0,10,10,1,1,3,1,5,50,5,50,1,1,2,2,10,50,10,50,2,4,1,3,2,1,2,5,1,3,2,1,3,1,48,4,21,84,16,1,3,2,1,4
2022-09-18 13:38:42,2022-09-18 13:39:00,0,6,18,0,2022-09-25 13:39:02,R_1jqb5ZgkfEHDv7I,anonymous,IT,0.8999999761581421,1,,,,,,,,,,,,,,,,,,,,,,,,,,,,,,,,,,,,,,,,,,,,,,
2022-09-25 14:33:50,2022-09-25 14:41:01,0,100,430,1,2022-09-25 14:41:02,R_1EYjXNww8t09DDX,anonymous,IT,1,1,1,0,0,5,10,8,1,4,3,1,5,5,5,10,1,2,3,2,5,10,10,20,2,4,4,1,2,2,2,2,1,3,3,4,4,2,20,2,14,84,16,1,1,2,3,4
2022-09-25 14:53:57,2022-09-25 15:05:12,0,100,674,1,2022-09-25 15:05:13,R_3iBY2rPPdklVf9L,anonymous,IT,1,1,1,5,5,10,10,10,2,5,5,1,5,5,10,10,1,2,2,2,5,5,10,10,1,1,5,5,1,2,2,2,4,4,3,4,3,2,41,3,13,84,16,1,2,4,3,1
2022-09-25 15:24:02,2022-09-25 15:54:29,0,100,1826,1,2022-09-25 15:54:31,R_NXQdVgslbv1mN8d,anonymous,IT,1,1,2,0,5,0,10,5,1,5,4,2,5,5,10,10,1,2,2,3,5,10,10,10,2,4,3,2,2,1,3,5,1,3,3,4,4,2,26,3,17,84,16,1,2,4,3,1
2022-09-25 17:02:23,2022-09-25 17:19:31,0,100,1027,1,2022-09-25 17:19:33,R_2w0GavKE8jkNnTg,anonymous,IT,0.8999999761581421,1,1,0,10,0,15,5,5,5,3,1,0,10,0,15,1,2,2,2,0,15,0,15,1,4,3,4,2,2,2,3,1,4,3,4,4,2,62,2,8,84,16,1,3,1,4,2
2022-09-25 17:36:13,2022-09-25 17:50:40,0,100,867,1,2022-09-25 17:50:41,R_2CEu7v7uywYT8ar,anonymous,IT,1,1,2,0,0,0,0,5,1,5,5,2,0,5,0,5,1,1,1,2,0,10,0,10,2,5,1,1,2,2,3,5,1,3,2,4,3,2,57,5,12,84,16,1,4,3,1,2
2022-09-18 18:05:21,2022-09-18 18:11:33,0,33,372,0,2022-09-25 18:11:34,R_1Ig8cUInZhBrko8,anonymous,IT,1,1,3,7,10,10,15,5,1,1,1,1,,,,,,,,,,,,,,,,,2,2,2,,,,,,,,,,,,,,1,4,3,2
2022-09-25 17:54:12,2022-09-25 18:38:31,0,100,2658,1,2022-09-25 18:38:31,R_1mfSj1RybsjJfvL,anonymous,IT,1,1,3,5,8,10,15,5,1,5,3,1,0,3,0,5,1,1,3,2,10,15,10,15,1,1,5,3,3,1,3,3,1,4,3,4,4,2,27,1,20,84,16,1,4,1,3,2
2022-09-25 18:40:55,2022-09-25 19:08:56,0,100,1681,1,2022-09-25 19:08:56,R_XBvfqOqxZ1Degrn,anonymous,IT,0.8999999761581421,1,3,5,5,5,5,5,3,1,1,2,5,5,5,5,3,2,2,3,5,5,10,10,2,4,1,1,3,2,2,5,3,4,3,4,3,2,65,2,15,84,25,1,2,3,1,4
2022-09-26 00:18:39,2022-09-26 00:35:37,0,100,1017,1,2022-09-26 00:35:37,R_2mhYySBrMEPHYC5,anonymous,IT,1,1,1,0,5,0,10,5,1,5,5,1,0,5,0,10,1,1,2,2,0,10,0,10,2,4,2,3,2,1,1,5,1,3,3,4,4,1,29,6,18,84,16,1,1,2,4,3
2022-09-26 10:36:36,2022-09-26 10:48:59,0,100,742,1,2022-09-26 10:48:59,R_3CBjPQi6djKtEHb,anonymous,IT,1,1,1,0,5,0,10,7,1,5,3,2,4,5,8,10,1,1,3,2,5,10,10,10,2,4,4,3,2,1,3,6,1,3,2,1,3,1,24,6,18,84,16,1,3,2,4,1
2022-09-26 11:21:24,2022-09-26 11:31:58,0,100,633,1,2022-09-26 11:31:58,R_26gKmE8rQN8Qcx3,anonymous,IT,1,1,3,0,0,0,5,5,1,5,5,2,0,0,0,10,1,2,2,2,0,5,0,10,2,1,5,5,2,2,2,5,4,3,3,4,3,2,39,1,12,84,16,1,2,3,4,1
2022-09-26 11:24:42,2022-09-26 11:35:10,0,100,628,1,2022-09-26 11:35:10,R_1HkvSCiHQRJO7AX,anonymous,IT,0.8999999761581421,1,3,0,0,0,0,1,1,3,3,1,0,5,0,10,1,2,2,2,0,5,0,10,2,3,2,3,2,2,2,1,1,4,3,4,3,4,26,7,17,84,16,1,3,4,2,1
2022-09-26 11:21:23,2022-09-26 11:35:46,0,100,862,1,2022-09-26 11:35:46,R_3OpPQNie9TsfHa4,anonymous,IT,0.8999999761581421,1,3,0,5,0,10,10,2,4,3,1,5,10,10,15,3,2,1,2,5,10,10,15,2,3,4,2,1,2,1,5,1,4,3,4,3,2,49,2,13,84,16,1,2,3,1,4
2022-09-26 11:36:57,2022-09-26 11:45:05,0,100,488,1,2022-09-26 11:45:07,R_3oRqXrE42eS7ipa,anonymous,IT,1,1,3,0,5,0,10,8,1,5,3,1,0,5,0,10,3,1,1,2,5,10,0,10,2,2,4,1,2,1,1,3,1,3,3,4,4,2,27,1,13,84,16,1,1,4,2,3
2022-09-26 11:38:19,2022-09-26 11:48:19,0,100,600,1,2022-09-26 11:48:20,R_2PcgpeBXsbhjtcy,anonymous,IT,1,1,1,5,5,10,10,5,1,5,2,1,5,10,10,15,1,2,2,2,10,10,10,10,1,1,5,5,2,2,2,2,1,4,3,4,4,2,32,2,18,84,16,1,4,3,1,2
2022-09-26 11:42:54,2022-09-26 11:50:48,0,100,474,1,2022-09-26 11:50:48,R_1C43uAkz0vhLpsl,anonymous,IT,0.8999999761581421,1,1,4,4,8,8,3,2,4,2,1,4,4,8,8,2,1,3,2,5,5,5,5,1,4,4,4,2,1,3,3,1,3,2,1,4,1,34,4,21,84,16,1,2,3,4,1
2022-09-26 11:50:26,2022-09-26 12:01:10,0,100,643,1,2022-09-26 12:01:12,R_pfrjHAfJBmeSkcp,anonymous,IT,1,1,3,0,20,0,50,5,1,5,5,1,0,10,0,50,1,1,2,2,0,20,0,50,1,1,5,5,1,1,2,2.5,1,3,2,4,4,1,28,5,15,84,16,1,1,3,4,2
2022-09-26 11:50:43,2022-09-26 12:01:32,0,100,649,1,2022-09-26 12:01:33,R_2uvrn5bnEh5WEch,anonymous,IT,1,1,2,0,10,0,20,5,1,4,3,1,5,10,10,20,1,1,3,2,10,20,10,20,2,4,2,2,2,2,3,3,1,3,2,1,5,1,22,4,16,84,16,1,1,4,2,3
2022-09-19 13:08:01,2022-09-19 13:08:29,0,11,27,0,2022-09-26 13:22:53,R_22ExdSkmlyfOfWs,anonymous,IT,1,1,2,,,,,,,,,,,,,,,,,,,,,,,,,,,,,,,,,,,,,,,,,,1,3,4,2
2022-09-26 13:28:26,2022-09-26 13:56:36,0,100,1690,1,2022-09-26 13:56:37,R_WjwwYz1LwChffVv,anonymous,IT,0.8999999761581421,1,3,5.00,5.00,5.00,5.00,3.00,1,1,1,2,5.00,5.00,5.00,5.00,3,1,1,2,10.00,15.00,10.00,10.00,2,2,1,1,1,1,2,3.00,1,3,3,2,3,1,65,3,13,84,16,1,3,1,4,2
2022-09-26 12:51:47,2022-09-26 14:26:05,0,100,5658,1,2022-09-26 14:26:05,R_5uIZ670fmjTsLDz,anonymous,IT,1,1,1,0,0,0,5,6,1,2,4,1,5,5,10,10,1,2,3,2,5,10,10,10,1,2,2,4,2,2,1,2,4,4,1,4,4,4,25,7,18,84,16,1,4,2,3,1
2022-09-26 14:36:52,2022-09-26 14:45:32,0,100,520,1,2022-09-26 14:45:32,R_3PUdiLPX7MVw49x,anonymous,IT,1,1,1,0,5,0,10,5,2,5,3,1,5,5,10,10,1,2,3,2,10,10,10,10,2,2,2,2,2,1,3,4,1,3,2,4,3,1,26,3,19,84,16,1,2,4,3,1
2022-09-26 14:47:05,2022-09-26 15:03:47,0,100,1002,1,2022-09-26 15:03:47,R_cvHBPb4L4oUzBgB,anonymous,IT,1,1,3,0,0,0,10,6,1,4,4,1,5,5,10,10,3,1,3,3,0,10,0,10,2,2,4,3,3,1,3,3,1,3,3,4,4,2,29,2,15,84,16,1,2,4,3,1
2022-09-26 13:46:29,2022-09-26 15:21:46,0,100,5716,1,2022-09-26 15:21:46,R_DCpKGRjnfCVCJsB,anonymous,IT,1,1,3,5,10,10,15,0,1,4,4,1,5,10,10,15,1,2,2,2,5,10,10,15,1,3,2,3,3,2,2,2.50,4,4,3,4,2,4,97,6,1,114,25,1,4,3,2,1
2022-09-19 15:23:05,2022-09-19 15:23:58,0,11,52,0,2022-09-26 15:24:01,R_39STHzs3WPrgpq1,anonymous,IT,0.8999999761581421,1,,,,,,,,,,,,,,,,,,1,,,,,,,,,,,,,,,,,,,,,,,,,3,4,1,2
2022-09-26 15:15:22,2022-09-26 15:27:03,0,100,701,1,2022-09-26 15:27:04,R_2eXMimF1fykGOUW,anonymous,IT,1,1,2,0,5,5,15,5,1,3,4,1,5,10,10,15,1,2,3,1,10,10,10,15,1,5,1,2,1,1,1,3,1,3,2,4,4,2,23,1,17,84,16,1,1,2,4,3
2022-09-26 15:34:31,2022-09-26 15:46:05,0,100,694,1,2022-09-26 15:46:06,R_1geFoCpTHdF1h4d,anonymous,IT,1,1,1,5,5,5,5,20.00,5,1,5,1,5,5,10,10,1,1,2,3,5,5,10,10,1,5,1,3,2,1,2,20.00,4,4,2,4,3,1,67,2,13,84,16,1,2,1,4,3
2022-09-19 16:20:22,2022-09-19 16:20:45,8,3,22,0,2022-09-26 16:20:46,R_1mC5ld25vL3vN0d,anonymous,IT,1,1,,,,,,,,,,,,,,,,,,,,,,,,,,,,,,,,,,,,,,,,,,,,,,
2022-09-19 16:39:19,2022-09-19 16:40:08,0,11,48,0,2022-09-26 16:40:11,R_5oOUDkVwNtyWQYV,anonymous,IT,1,1,,,,,,,,,,,,,,,,,,3,,,,,,,,,,,,,,,,,,,,,,,,,4,3,1,2
2022-09-26 17:41:08,2022-09-26 17:53:59,0,100,771,1,2022-09-26 17:53:59,R_2Eh6kyyRpb8UX9L,anonymous,IT,1,1,2,0,5,0,10,10,1,3,3,1,0,5,0,10,1,1,2,2,0,5,0,10,2,3,3,3,2,1,1,5,1,3,3,4,3,3,26,2,13,84,16,1,1,2,3,4
2022-09-26 17:57:25,2022-09-26 18:12:21,0,100,896,1,2022-09-26 18:12:22,R_1K12CWDbJ0fAVUq,anonymous,IT,1,1,1,0,7,0,15,7,1,5,3,2,0,10,0,20,1,2,3,2,5,10,10,20,2,1,5,5,2,2,3,5,1,3,2,1,4,1,23,4,21,84,16,1,1,3,4,2
2022-09-19 18:34:04,2022-09-19 18:38:08,0,25,244,0,2022-09-26 18:38:09,R_3hg8JwqprnTrbBd,anonymous,IT,1,1,1,,,,,,,,,,,,,,,,,2,5,10,10,15,2,1,4,3,,,,,,,,,,,,,,,,,2,3,1,4
2022-09-26 18:33:55,2022-09-26 18:45:15,0,100,680,1,2022-09-26 18:45:15,R_2OUbhMdAH69pN91,anonymous,IT,1,1,3,0,10,0,15,5,1,5,5,1,5,10,10,15,2,1,2,1,10,10,10,15,1,2,4,2,2,1,2,3,1,3,2,3,4,1,24,6,18,84,16,1,3,4,1,2
2022-09-19 18:59:13,2022-09-19 19:08:23,0,42,549,0,2022-09-26 19:08:26,R_1hMbIj36Kvlpg7d,anonymous,IT,1,1,,,,,,,,,,,0,5,0,10,1,1,1,2,0,10,0,10,1,5,3,1,1,1,,,,,,,,,,,,,,,4,1,2,3
2022-09-26 18:57:57,2022-09-26 19:10:05,0,100,728,1,2022-09-26 19:10:06,R_aaApICwnWVIPxVD,anonymous,IT,0.8999999761581421,1,2,5,10,10,15,8,2,3,4,1,5,10,10,15,1,1,3,1,5,10,10,15,1,4,2,4,1,1,3,8,1,3,2,4,3,1,26,3,21,84,16,1,1,4,2,3
2022-09-19 19:39:29,2022-09-19 19:40:32,0,6,62,0,2022-09-26 19:40:40,R_246sT5OWG8mBAMC,anonymous,IT,,1,,,,,,,,,,,,,,,,,,,,,,,,,,,,,,,,,,,,,,,,,,,,,,
2022-09-26 19:41:30,2022-09-26 19:51:48,0,100,617,1,2022-09-26 19:51:48,R_2qymSbynNV1zPmZ,anonymous,IT,1,1,1,0,5,0,10,7,1,5,5,1,0,5,0,5,3,1,2,2,0,10,0,10,2,1,5,5,2,1,1,4,3,3,2,1,3,2,27,3,19,84,16,1,1,2,4,3
2022-09-26 19:44:02,2022-09-26 19:53:45,0,100,582,1,2022-09-26 19:53:45,R_1E73OnMdM2PKqYu,anonymous,IT,1,1,1,5,5,10,10,5,2,4,5,2,5,6,10,10,1,2,2,2,7,10,10,10,2,4,2,2,2,2,2,5,1,3,3,4,4,2,26,7,15,84,16,1,2,1,4,3
2022-09-26 19:47:36,2022-09-26 19:56:54,0,100,558,1,2022-09-26 19:56:54,R_1qb4jLqcRnKKxAz,anonymous,IT,0.8999999761581421,1,2,5,5,8,8,9,1,5,5,1,5,5,10,10,1,2,2,3,5,5,10,10,1,5,2,2,2,2,2,3,1,4,3,4,4,2,28,7,21,185,16,1,2,4,1,3
2022-09-19 20:12:44,2022-09-19 20:24:47,0,50,722,0,2022-09-26 20:24:56,R_2PbQa40SfrosJri,anonymous,IT,0.8999999761581421,1,3,0,5,0,10,5,5,5,1,2,,,,,,,,2,5,5,5,10,2,3,3,1,2,2,2,5,,,,,,,,,,,,,1,4,3,2
2022-09-19 20:25:16,2022-09-19 20:34:00,0,58,523,0,2022-09-26 20:34:05,R_2EjgAQPI10U2yRg,anonymous,IT,0.8999999761581421,1,3,5,5,10,10,10,,,,,5,5,10,10,1,1,1,2,5,5,10,10,2,3,3,3,2,1,1,5,,,,,,,,,,,,,4,2,1,3
2022-09-26 20:45:01,2022-09-26 20:59:09,0,100,847,1,2022-09-26 20:59:09,R_r6I3xMMHNK7hBx7,anonymous,IT,0.800000011920929,1,1,0.00,5.00,0.00,10.00,15.00,1,5,4,1,5.00,5.00,10.00,10.00,1,1,3,2,5.00,10.00,10.00,10.00,1,4,4,2,2,1,3,5.00,1,3,2,1,4,2,27,6,18,84,16,1,1,3,2,4
2022-09-26 20:54:52,2022-09-26 21:05:53,0,100,660,1,2022-09-26 21:05:54,R_1ePQau6XtdV5kyz,anonymous,IT,1,1,2,0,5,0,5,8,4,2,3,2,5,5,5,10,1,2,2,2,5,5,5,10,2,4,1,4,2,1,3,5,1,3,2,4,5,2,27,4,21,84,16,1,3,2,1,4
2022-09-26 20:58:21,2022-09-26 21:10:07,0,100,705,1,2022-09-26 21:10:09,R_3KHWFRWGu2nD6Vz,anonymous,IT,0.8999999761581421,1,2,0,5,0,10,5,1,4,5,1,5,5,10,10,1,2,2,2,10,10,10,10,1,1,2,3,1,2,2,2,1,3,2,2,3,2,28,3,23,84,16,1,1,4,3,2
2022-09-26 21:00:36,2022-09-26 21:11:26,0,100,649,1,2022-09-26 21:11:26,R_31uPKyDPvcRLm1G,anonymous,IT,0.8999999761581421,1,3,5,7.50,10,15,2.5,1,5,5,1,5,7.5,10,15,3,1,3,1,5,7.5,10,15,1,1,5,5,2,2,3,2,1,3,2,1,3,1,28,1,19,84,16,1,1,4,3,2
2022-09-26 21:32:31,2022-09-26 21:45:27,0,100,775,1,2022-09-26 21:45:27,R_2PqfRRhBaE7ZbYc,anonymous,IT,0.8999999761581421,1,3,0,5,0,10,5,1,5,4,1,0,5,0,10,1,1,3,2,5,10,0,10,2,3,2,2,2,1,3,5,1,3,2,4,4,1,33,4,18,84,16,1,3,2,4,1
2022-09-26 21:59:21,2022-09-26 22:12:57,0,100,816,1,2022-09-26 22:12:59,R_3NLlDdberk26SBg,anonymous,IT,1,1,1,0,5,0,5,5,1,5,4,2,5,5,5,5,1,1,3,1,10,10,10,10,2,4,3,2,2,2,3,2,3,4,2,4,4,2,27,2,18,84,16,1,4,1,3,2
2022-09-19 22:31:52,2022-09-19 22:41:04,0,22,551,0,2022-09-26 22:41:07,R_33vDkQgAKw9cFdV,anonymous,IT,1,1,,,,,,,,,,,,,,,,,,2,5,15,10,30,2,1,5,5,,,,,,,,,,,,,,,,,3,2,1,4
2022-09-19 22:55:49,2022-09-19 22:56:32,0,8,42,0,2022-09-26 22:56:33,R_2qaynr4nYs5m6KW,anonymous,IT,1,1,,,,,,,,,,,,,,,,,,,,,,,,,,,,,,,,,,,,,,,,,,,3,2,4,1
2022-09-26 22:45:25,2022-09-26 23:01:31,0,100,965,1,2022-09-26 23:01:31,R_1f2WbtNQ9FSxC8L,anonymous,IT,0.8999999761581421,1,1,5,5,10,10,10,1,5,4,1,5,5,10,10,1,2,1,1,5,10,10,10,2,3,3,2,2,1,1,5,1,3,2,1,3,1,60,6,13,84,16,1,3,2,4,1
2022-09-19 23:03:36,2022-09-19 23:06:18,0,22,162,0,2022-09-26 23:06:18,R_XFHb6NEOyUUO6ch,anonymous,IT,0.8999999761581421,1,1,,,,,,,,,,,,,,,,,,,,,,,,,,2,2,3,4,,,,,,,,,,,,,2,4,3,1
2022-09-26 23:00:26,2022-09-26 23:13:20,0,100,774,1,2022-09-26 23:13:21,R_ba1nKraG1V5iOIN,anonymous,IT,1,1,3,0,5,0,10,3,1,5,5,2,5,8,10,15,1,1,2,2,5,10,10,20,2,2,4,5,2,1,3,3,1,3,2,4,5,1,32,3,18,84,16,1,4,3,1,2
2022-09-26 22:38:11,2022-09-26 23:18:28,0,100,2416,1,2022-09-26 23:18:28,R_A4KuU4FBdc8M1lD,anonymous,IT,1,1,3,5,15,10,20,15,5,5,5,2,10,20,20,30,3,2,1,3,10,20,15,25,2,1,1,1,3,2,2,10,1,4,3,4,4,2,59,7,11,84,16,2,4,1,3,2
2022-09-26 23:19:04,2022-09-26 23:29:15,0,100,611,1,2022-09-26 23:29:16,R_1JWa20DEgR7JEa5,anonymous,IT,1,1,2,10,10,10,10,10,1,4,1,2,10,10,10,10,2,1,2,1,10,10,10,10,2,2,4,1,2,1,2,5,4,1,3,4,3,2,52,2,17,84,16,1,2,3,1,4
2022-09-19 23:53:40,2022-09-20 00:00:34,0,67,414,0,2022-09-27 00:00:36,R_1MMT8alLppQxgD0,anonymous,IT,1,1,3,10,15,15,20,10,1,4,4,1,10,15,15,20,3,2,3,3,10,15,15,20,1,1,5,1,3,2,3,10,,,,,,,,,,,,,3,4,1,2
2022-09-20 00:32:31,2022-09-20 00:44:08,0,58,696,0,2022-09-27 00:44:17,R_26nzgYvq53L6whi,anonymous,IT,1,1,3,0,10,0,15,5,,,,,5,10,5,15,1,1,3,2,10,15,10,15,2,3,3,3,2,2,3,5,,,,,,,,,,,,,4,2,3,1
2022-09-27 02:31:26,2022-09-27 02:40:19,0,100,533,1,2022-09-27 02:40:19,R_1IhHfKGuZfh6TwW,anonymous,IT,0.8999999761581421,1,3,5,10,5,15,10,2,4,3,2,5,10,10,15,1,2,2,2,5,10,10,15,2,2,4,2,2,2,1,3,2,2,1,4,5,2,22,1,16,84,16,1,2,1,3,4
2022-09-27 07:24:52,2022-09-27 07:40:12,0,100,920,1,2022-09-27 07:40:12,R_2DS2XeoZ3Cxjxkt,anonymous,EN,0.8999999761581421,1,2,0,5,0,8,15,4,2,3,1,0,4,0,8,2,2,2,1,0,8,0,8,2,5,1,5,1,1,2,4,4,4,3,4,4,2,27,3,17,65,10,1,1,3,4,2
2022-09-27 07:46:22,2022-09-27 08:03:51,0,100,1049,1,2022-09-27 08:03:52,R_QfYX7pqmKnhvbeV,anonymous,IT,1,1,3,0,0,0,0,5,3,1,5,2,0,5,0,10,1,1,2,2,0,5,0,10,2,3,1,5,3,1,2,5,1,3,2,3,5,1,57,6,13,84,16,1,3,2,4,1
2022-09-27 08:12:32,2022-09-27 08:20:01,0,100,448,1,2022-09-27 08:20:01,R_2wuGoiBQYjjrYOq,anonymous,IT,1,1,1,0,5,0,10,3,1,1,1,2,0,5,0,10,1,1,2,2,0,5,0,10,2,1,5,1,2,1,2,3,1,3,3,4,4,1,32,6,23,61,16,1,1,3,4,2
2022-09-27 08:39:03,2022-09-27 08:51:50,0,100,767,1,2022-09-27 08:51:52,R_2WAMGOe10Glwxuh,anonymous,IT,1,1,3,0,5,0,10,5,2,4,5,1,5,5,10,10,3,2,3,1,5,10,10,10,1,5,4,2,3,2,3,4,3,4,2,4,4,2,27,2,21,84,16,1,3,4,1,2
2022-09-20 10:17:25,2022-09-20 11:13:33,0,67,3368,0,2022-09-27 11:13:38,R_bBKIAxE7dM9S0IV,anonymous,IT,0.8999999761581421,1,3,5,5,5,5,2.50,3,2,3,1,5,5,5,5,3,2,2,3,5,5,5,5,1,4,3,3,2,2,2,1,,,,,,,,,,,,,4,2,3,1
2022-09-27 11:09:31,2022-09-27 11:50:08,0,100,2437,1,2022-09-27 11:50:08,R_2t3QJOJKtbg7njd,anonymous,IT,0.8999999761581421,1,1,0,5,0,10,5,5,5,5,1,5,5,8,10,1,1,3,2,5,10,10,15,2,3,3,1,2,2,3,2.50,1,3,3,4,5,2,28,2,13,84,16,1,2,1,4,3
2022-09-27 12:33:11,2022-09-27 12:45:46,0,100,754,1,2022-09-27 12:45:46,R_6Wpb4JCHZJkVVkJ,anonymous,IT,1,1,1,0,5,0,5,5,4,2,2,2,5,10,10,10,1,2,3,3,5,10,10,10,2,4,2,1,2,2,3,5,1,3,2,4,3,1,65,3,17,84,16,1,3,2,1,4
2022-09-27 12:54:58,2022-09-27 13:02:13,0,100,434,1,2022-09-27 13:02:13,R_1hXc5FWcI9fNnGc,anonymous,IT,1,1,2,0,5,0,7,5,3,2,2,1,0,5,0,7,1,2,3,2,0,5,0,7,1,5,2,2,1,2,3,3,1,3,3,2,4,1,23,4,16,84,16,1,3,4,1,2
2022-09-20 13:16:28,2022-09-20 13:27:01,0,50,632,0,2022-09-27 13:27:10,R_rjLFVVdJSbQlF6N,anonymous,IT,1,1,3,5,5,10,10,2,3,4,4,2,,,,,,,,2,5,10,5,15,2,1,5,5,2,2,3,2,,,,,,,,,,,,,3,4,1,2
2022-09-20 14:00:16,2022-09-20 14:05:37,0,28,321,0,2022-09-27 14:05:40,R_1CECPfSEnBMDTfQ,anonymous,IT,1,1,,,,,,,,,,,5,5,10,10,,,,2,10,10,10,10,2,3,3,1,,,,,,,,,,,,,,,,,3,2,1,4
2022-09-27 14:52:12,2022-09-27 15:04:43,0,100,750,1,2022-09-27 15:04:43,R_1QFRpAhk3eXKNtJ,anonymous,IT,1,1,3,5,5,10,10,5,1,5,5,1,5,5,10,10,3,1,2,3,10,10,10,10,2,1,5,4,3,1,2,5,1,3,2,4,4,1,66,6,10,84,16,1,2,1,3,4
2022-09-27 15:11:56,2022-09-27 15:21:29,0,100,572,1,2022-09-27 15:21:29,R_3m1Muqn2emcrUU6,anonymous,IT,0.8999999761581421,1,3,5,10,10,15,15,2,4,4,1,5,10,10,15,3,2,3,2,10,10,15,15,1,3,4,4,2,1,1,5,4,4,3,4,4,2,22,3,13,84,16,1,2,3,1,4
2022-09-27 15:13:30,2022-09-27 15:21:42,0,100,491,1,2022-09-27 15:21:43,R_2EbOBIeN62IsxLB,anonymous,IT,1,1,1,0,5,0,10,5,2,3,3,1,5,5,10,10,1,1,2,2,5,10,10,10,2,4,2,3,2,2,2,3,1,3,2,4,4,2,22,2,17,84,16,1,2,4,1,3
2022-09-27 15:13:29,2022-09-27 15:26:38,0,100,788,1,2022-09-27 15:26:38,R_1dGrIpgOamXvaFB,anonymous,IT,1,1,3,0,10,0,20,8,1,3,5,1,0,15,0,20,1,1,2,2,0,20,0,40,1,3,3,3,2,2,2,5,4,4,2,4,3,1,27,6,18,84,16,1,1,2,3,4
2022-09-27 15:20:34,2022-09-27 15:28:09,0,100,455,1,2022-09-27 15:28:09,R_72MPuftDj0zPPfX,anonymous,IT,1,1,1,0,5,0,5,4,1,1,4,1,5,10,10,20,1,2,1,2,5,10,10,15,2,4,5,2,2,1,2,2,1,3,3,4,3,1,27,3,18,84,16,1,2,4,1,3
2022-09-27 15:13:59,2022-09-27 15:29:16,0,100,916,1,2022-09-27 15:29:16,R_3CT77m9gzFmCbEM,anonymous,IT,1,1,1,5,10,10,15,5,1,5,5,1,5,10,10,15,1,2,3,2,5,10,10,15,2,3,2,5,2,1,3,3,1,4,3,4,4,2,21,7,17,84,16,1,4,1,3,2
2022-09-27 15:22:27,2022-09-27 15:35:38,0,100,790,1,2022-09-27 15:35:38,R_9YyrIctmZfyxEL7,anonymous,IT,1,1,1,0,5,0,10,4,1,4,4,1,5,5,10,10,1,1,2,2,5,5,10,10,2,4,4,3,2,1,3,3,1,1,2,1,4,2,25,5,18,84,16,1,4,1,2,3
2022-09-27 15:20:03,2022-09-27 15:48:52,0,100,1729,1,2022-09-27 15:48:52,R_3pmVGgnbtO4BVQz,anonymous,IT,1,1,3,0,0,0,0,5,3,4,4,2,0,5,0,5,2,2,2,2,0,10,0,10,2,5,2,4,1,1,2,4,1,3,3,4,4,2,26,6,19,84,16,1,4,3,1,2
2022-09-27 15:35:58,2022-09-27 15:50:09,0,100,851,1,2022-09-27 15:50:10,R_23atAOmXqHZNOii,anonymous,IT,1,1,3,5.00,5.00,5.00,5.00,6.00,1,1,1,1,5.00,5.00,5.00,5.00,3,1,1,3,5.00,5.00,5.00,5.00,2,1,1,1,2,1,1,5.00,1,4,3,4,4,2,58,2,8,84,16,1,1,2,3,4
2022-09-27 15:46:22,2022-09-27 15:57:05,0,100,643,1,2022-09-27 15:57:06,R_3Di2SfkzSsx8UHh,anonymous,IT,1,1,2,5,10,10,15,5,1,5,3,1,5,10,10,15,1,2,2,1,10,15,10,20,1,1,5,4,2,2,2,3,2,3,2,1,3,2,27,7,21,84,16,1,2,3,1,4
2022-09-27 15:59:35,2022-09-27 16:06:55,0,100,440,1,2022-09-27 16:06:56,R_3KouGgWIFd0fWyB,anonymous,IT,1,1,2,0,10,0,15,10,1,5,3,2,0,10,0,15,1,2,2,2,0,10,0,10,2,3,3,2,2,2,2,10,3,4,3,4,3,2,26,6,18,84,16,1,1,2,4,3
2022-09-27 16:07:56,2022-09-27 16:26:50,0,100,1134,1,2022-09-27 16:26:52,R_AHBgCbg50dly0dX,anonymous,IT,1,1,3,0,5,0,10,5,1,5,5,1,5,5,5,10,1,2,3,2,10,10,10,10,1,2,4,3,2,1,3,2,1,3,3,4,4,2,27,3,19,84,16,1,4,2,3,1
2022-09-27 16:16:10,2022-09-27 16:27:51,0,100,701,1,2022-09-27 16:27:51,R_2OI9BI3RMJaYQfc,anonymous,IT,0.8999999761581421,1,3,5,10,10,15,5,3,4,3,1,5,10,10,15,1,1,2,2,10,15,10,15,2,4,2,3,2,1,2,2,4,4,2,4,2,2,21,7,16,84,16,1,1,4,3,2
2022-09-27 16:04:22,2022-09-27 16:30:32,0,100,1569,1,2022-09-27 16:30:32,R_2CqPU6Kpqkato36,anonymous,IT,1,1,3,0,5,0,10,5,1,5,1,2,5,5,10,10,3,2,3,2,5,5,10,10,2,2,5,1,3,2,3,3,1,4,2,4,4,2,27,2,19,84,16,1,3,4,2,1
2022-09-27 16:21:23,2022-09-27 16:32:54,0,100,690,1,2022-09-27 16:32:54,R_2P0ARaM8TSt3Ryk,anonymous,IT,1,1,3,0,5,0,15,10,1,3,2,2,0,5,0,15,3,2,3,3,5,10,5,20,2,2,3,3,3,1,1,5,4,4,3,4,4,2,31,4,20,84,16,1,3,4,1,2
2022-09-27 16:15:34,2022-09-27 16:36:49,0,100,1275,1,2022-09-27 16:36:49,R_1obCaCquX4bwI7n,anonymous,IT,1,1,3,0,5,0,10,5,2,4,5,1,0,5,10,10,1,2,2,2,10,10,10,10,1,2,4,5,2,2,2,2,1,3,3,2,3,1,25,1,16,84,16,1,4,3,1,2
2022-09-27 16:27:06,2022-09-27 16:42:44,0,100,938,1,2022-09-27 16:42:45,R_2uqFZTMytiKVyK8,anonymous,IT,1,1,3,5,5,10,10,5,1,5,5,2,5,5,10,10,1,2,2,2,5,10,10,10,2,5,1,5,1,2,2,5,1,1,1,1,3,2,26,1,18,84,16,1,1,3,2,4
2022-09-27 17:20:46,2022-09-27 17:30:56,0,100,610,1,2022-09-27 17:30:58,R_3rPB2JRicoEZ7dz,anonymous,IT,1,1,1,5,10,10,15,10,3,4,4,1,5,5,10,10,2,1,2,2,5,10,10,15,2,3,4,2,2,2,2,2.50,4,4,3,4,3,1,25,5,19,84,16,1,1,4,3,2
2022-09-27 17:22:56,2022-09-27 17:43:27,0,100,1230,1,2022-09-27 17:43:27,R_DFROZVdi4r3amf7,anonymous,IT,1,1,1,5,5,5,10,15,1,5,5,2,5,5,5,10,1,1,2,1,10,10,10,10,2,2,4,3,2,2,1,5,1,3,2,1,4,1,24,1,18,84,16,1,3,2,1,4
2022-09-20 17:51:42,2022-09-20 17:54:12,0,22,149,0,2022-09-27 17:54:17,R_27mckaV8p7W7ucE,anonymous,IT,1,1,,,,,,,,,,,,,,,,,,2,,,,,,,,,2,1,3,5,,,,,,,,,,,,,4,3,2,1
2022-09-20 17:52:43,2022-09-20 18:02:06,0,44,562,0,2022-09-27 18:02:13,R_2vdfnGbUcKTjGeZ,anonymous,IT,1,1,1,5,15,5,25,5,1,5,5,1,5,15,5,25,1,1,2,,,,,,,,,,1,2,,,,,,,,,,,,,,,1,2,4,3
2022-09-27 18:10:13,2022-09-27 18:21:10,0,100,657,1,2022-09-27 18:21:10,R_0kbWqHLLdcVagYV,anonymous,IT,1,1,2,0,5,0,10,10,5,1,5,2,0,5,0,10,1,2,3,2,0,10,0,10,2,5,1,5,2,2,1,5,1,4,1,4,3,2,30,1,18,84,16,1,1,4,2,3
2022-09-20 18:01:06,2022-09-20 18:26:54,0,97,1548,0,2022-09-27 18:27:01,R_agZlCjugLeu0P7z,anonymous,IT,0.8999999761581421,1,3,0,5,0,10,3,5,1,1,2,0,5,0,10,3,1,1,2,5,5,5,5,2,4,4,4,2,1,2,3,1,3,3,2,3,1,70,6,18,84,16,,3,4,1,2
2022-09-27 18:40:02,2022-09-27 18:57:36,0,100,1053,1,2022-09-27 18:57:37,R_3dEAkNRDj9VPsqx,anonymous,IT,1,1,3,0,5,0,5,10,2,4,3,1,5,10,5,15,3,1,2,2,5,10,10,15,1,2,4,3,1,1,2,5,1,3,3,4,4,2,26,1,18,84,16,1,2,1,3,4
2022-09-27 19:39:26,2022-09-27 19:45:47,0,100,380,1,2022-09-27 19:45:47,R_xxuu2EziMXYuNhL,anonymous,IT,1,1,1,5,10,10,10,10,4,2,3,2,5,10,10,10,1,2,3,2,5,10,10,10,2,4,1,3,2,2,3,5,1,3,3,4,4,2,26,3,16,84,16,1,4,2,1,3
2022-09-27 20:53:09,2022-09-27 21:03:07,0,100,597,1,2022-09-27 21:03:08,R_2zdorc2mi9oR6TO,anonymous,IT,1,1,3,5,5,5,5,5,1,3,1,2,5,5,10,10,1,1,2,2,10,10,10,10,2,1,1,1,2,1,3,2,1,3,2,1,4,2,29,2,16,84,16,1,3,1,4,2
2022-09-20 21:29:51,2022-09-20 21:34:55,0,36,304,0,2022-09-27 21:35:03,R_3O2ZA7Rs8sA8yEA,anonymous,IT,0.8999999761581421,1,3,0,5,0,10,5,1,1,5,1,,,,,,,,,,,,,,,,,2,2,2,3,,,,,,,,,,,,,1,3,4,2
2022-09-20 23:40:27,2022-09-20 23:41:27,0,11,60,0,2022-09-27 23:41:30,R_2PpsrLmknUElsmd,anonymous,IT,1,1,,,,,,,,,,,,,,,,,,1,,,,,,,,,,,,,,,,,,,,,,,,,4,2,1,3
2022-09-27 17:36:20,2022-09-28 05:47:55,0,100,43894,1,2022-09-28 05:47:55,R_1rDKfCqAf4Z6oyu,anonymous,IT,1,1,1,0,5,0,5,5,2,2,2,1,5,10,10,15,1,1,2,2,0,5,0,5,2,4,4,1,2,1,2,5,1,3,2,4,4,1,21,6,15,84,16,1,1,3,2,4
2022-09-28 07:22:37,2022-09-28 07:33:53,0,100,676,1,2022-09-28 07:33:54,R_1OqQFT2Bs1j2si4,anonymous,IT,0.8999999761581421,1,3,0,5,0,10,10,1,5,5,1,5,5,10,10,1,2,3,2,5,10,10,10,2,4,3,1,2,1,3,5,1,4,3,4,4,2,25,3,18,84,16,1,4,2,3,1
2022-09-28 10:35:41,2022-09-28 10:44:16,0,100,515,1,2022-09-28 10:44:17,R_2xLAm6gjO1P6IjK,anonymous,IT,0.8999999761581421,1,2,0,5,0,10,5,1,4,3,1,5,5,10,10,1,1,1,2,5,5,10,10,2,3,3,2,1,1,1,3,1,3,3,4,4,1,30,1,13,84,16,1,3,2,1,4
2022-09-28 10:35:00,2022-09-28 10:49:36,0,100,875,1,2022-09-28 10:49:36,R_21B4DQzSKXzAKoA,anonymous,IT,0.8999999761581421,1,1,0,5,0,10,13,1,5,2,2,0,5,0,10,1,2,3,2,0,5,0,10,2,1,5,1,2,1,3,5,4,4,3,4,4,2,29,7,19,84,16,1,3,4,2,1
2022-09-21 11:14:47,2022-09-21 11:28:57,0,17,849,0,2022-09-28 11:45:58,R_eA41dX7q5nkkDbX,anonymous,IT,1,1,,,,,,,,,,,,,,,,,,,,,,,,,,,2,2,3,,,,,,,,,,,,,,3,4,2,1
2022-09-28 11:45:40,2022-09-28 11:55:15,0,100,574,1,2022-09-28 11:55:15,R_2aJ1ZgwslgET9qX,anonymous,IT,0.8999999761581421,1,3,0,5,0,10,5,1,5,5,1,5,5,10,10,1,2,1,2,10,15,10,20,1,1,5,4,2,2,1,2,1,3,2,4,4,2,24,3,18,84,16,1,2,4,1,3
2022-09-21 11:56:16,2022-09-21 12:18:08,0,19,1311,0,2022-09-28 12:18:09,R_2Sek9pU68ZrDpSW,anonymous,IT,1,1,,,,,,,,,,,0,5,0,5,1,1,,,,,,,,,,,,,,,,,,,,,,,,,,,4,1,3,2
2022-09-28 12:22:11,2022-09-28 12:32:53,0,100,642,1,2022-09-28 12:32:54,R_1NsRRcDBOwSRiGR,anonymous,IT,1,1,1,0,4,0,5,5,1,5,2,2,0,3,0,5,1,2,2,1,5,10,5,10,2,4,3,3,3,2,2,2,1,3,3,4,3,3,29,3,18,84,16,1,1,2,3,4
2022-09-21 12:34:27,2022-09-21 12:41:09,0,61,401,0,2022-09-28 12:41:12,R_1NsrxOxI9HsUuyM,anonymous,IT,1,1,3,0,8,0,12,4,1,4,4,1,5,7,10,12,3,2,,2,10,12,10,15,1,4,2,1,2,2,3,2.50,,,,,,,,,,,,,2,4,3,1
2022-09-21 13:00:03,2022-09-21 13:01:12,0,11,68,0,2022-09-28 13:01:25,R_2zpazSkM7ld6XLp,anonymous,IT,1,1,,,,,,,,,,,,,,,,,,2,,,,,,,,,,,,,,,,,,,,,,,,,2,3,1,4
2022-09-28 13:01:48,2022-09-28 13:16:16,0,100,868,1,2022-09-28 13:16:16,R_24N2PgfgdiYJTQx,anonymous,IT,1,1,3,0,5,0,10,5,1,5,5,1,5,5,5,10,1,1,2,2,5,10,10,10,2,3,5,1,2,1,3,5,1,3,3,4,4,2,33,2,18,84,16,1,2,1,3,4
2022-09-28 13:56:15,2022-09-28 14:04:48,0,100,512,1,2022-09-28 14:04:49,R_3Nwv3Azu4eg8DdP,anonymous,IT,0.8999999761581421,1,3,0,5,0,10,10,1,5,1,2,5,10,10,20,1,1,2,1,10,20,10,20,1,4,4,3,2,1,1,5,4,4,3,4,4,2,62,7,17,84,16,1,4,1,3,2
2022-09-21 15:51:24,2022-09-21 16:01:11,0,56,587,0,2022-09-28 16:01:14,R_1CvkPjKvGuXNAvV,anonymous,IT,0.8999999761581421,1,3,5,10,10,20,,,,,,5,10,10,20,3,1,3,2,5,10,10,20,2,2,4,4,2,1,3,5,,,,,,,,,,,,,4,1,2,3
2022-09-21 16:02:08,2022-09-21 16:10:54,0,53,525,0,2022-09-28 16:11:02,R_29iwjImFBtizRHs,anonymous,IT,1,1,1,5,5,10,10,7,1,2,2,1,0,0,0,0,1,1,2,1,0,0,0,0,1,1,1,1,,,,,,,,,,,,,,,,,1,2,3,4
2022-09-21 16:05:33,2022-09-21 16:18:30,0,53,777,0,2022-09-28 16:18:32,R_cNfs1cow5M7d2tH,anonymous,IT,0.8999999761581421,1,2,6,7,12,13,20,2,4,4,1,8,8,15,15,1,2,3,2,,,,,,,,,2,2,1,5,,,,,,,,,,,,,2,1,4,3
2022-09-21 14:39:42,2022-09-21 16:34:54,0,67,6912,0,2022-09-28 16:34:55,R_2TGGVkXWYaNSRip,anonymous,IT,0.800000011920929,1,3,0,5,0,10,10,2,2,4,2,0,5,0,10,1,1,2,3,0,0,0,10,2,3,3,1,2,1,1,5,,,,,,,,,,,,,4,1,2,3
2022-09-28 18:14:37,2022-09-28 18:25:56,0,100,678,1,2022-09-28 18:25:56,R_3oZVYXqXPOmYEDh,anonymous,IT,1,1,2,0,5,0,10,5,1,5,3,2,5,10,10,20,1,2,2,2,10,15,15,25,2,3,4,3,2,2,2,5,1,4,3,3,4,2,26,1,16,84,16,1,2,1,4,3
2022-09-28 18:15:17,2022-09-28 18:29:06,0,100,829,1,2022-09-28 18:29:07,R_bsGwOdUAeV9PDmV,anonymous,IT,1,1,3,0,10,0,10,4,1,4,4,1,0,10,0,20,1,1,2,3,0,15,0,20,1,3,4,3,3,2,2,2.50,1,3,2,3,3,1,23,7,13,84,16,1,3,1,2,4
2022-09-28 18:53:25,2022-09-28 19:02:35,0,100,550,1,2022-09-28 19:02:36,R_3foAy8TbelU5E4h,anonymous,IT,1,1,2,5,10,10,20,7,1,2,3,2,5,10,10,20,1,1,2,2,10,10,10,20,2,4,3,2,2,2,2,4,1,3,3,1,4,2,26,3,19,84,16,1,2,1,4,3
2022-09-21 19:34:12,2022-09-21 19:35:49,0,14,97,0,2022-09-28 19:35:50,R_1DLIYjteqbpGpfZ,anonymous,IT,0.8999999761581421,1,,,,,,,,,,,,,,,,,,,,,,,,,,,2,2,,,,,,,,,,,,,,,3,4,2,1
2022-09-29 07:28:30,2022-09-29 07:46:36,0,100,1086,1,2022-09-29 07:46:37,R_3Ra2tqm344jnIdj,anonymous,IT,0.8999999761581421,1,1,0,5,0,10,5,1,4,2,2,0,5,10,15,1,1,1,2,0,0,0,5,1,3,3,2,3,2,1,3.00,1,4,3,4,4,2,33,2,18,84,16,1,4,2,3,1
2022-09-29 09:36:43,2022-09-29 09:48:25,0,100,701,1,2022-09-29 09:48:26,R_1IhHaXI0TfSmqxw,anonymous,IT,0.8999999761581421,1,1,0,20,0,25,10,1,5,3,1,5,20,10,25,1,1,3,2,10,15,10,20,1,5,1,4,2,2,1,3,3,4,3,4,5,2,26,7,18,84,16,1,2,1,3,4
2022-09-22 10:02:20,2022-09-22 10:12:41,0,25,621,0,2022-09-29 10:12:46,R_XZF4wBjVXa2OwPn,anonymous,IT,0.8999999761581421,1,2,,,,,,,,,,,,,,,,,2,5,5,0,0,2,5,1,1,,,,,,,,,,,,,,,,,2,4,1,3
2022-09-29 10:33:33,2022-09-29 10:40:36,0,100,422,1,2022-09-29 10:40:36,R_2nV4z5tsMGcToul,anonymous,IT,1,1,1,0,5,5,10,3,5,4,1,1,5,5,10,10,3,1,2,1,10,10,10,10,1,5,4,1,2,2,2,2,1,3,2,4,4,1,47,4,13,84,16,1,4,1,3,2
2022-09-29 10:34:22,2022-09-29 10:46:21,0,100,718,1,2022-09-29 10:46:21,R_Rz7CxV8ek7yJq9j,anonymous,IT,0.8999999761581421,1,2,0,10,0,10,2,1,5,5,2,5,10,5,10,2,1,3,2,10,10,10,10,2,5,2,4,2,1,3,2,1,3,2,3,5,1,25,5,18,84,16,1,2,3,1,4
2022-09-29 11:03:41,2022-09-29 11:16:35,0,100,773,1,2022-09-29 11:16:36,R_2fDoQ84UNTpsmlZ,anonymous,IT,1,1,1,0,5,0,10,5,3,2,2,2,5,5,10,10,1,1,2,2,5,10,5,10,2,5,2,1,2,1,1,3,1,3,2,4,4,1,27,2,18,84,16,1,4,1,3,2
2022-09-29 10:48:37,2022-09-29 11:16:48,0,100,1691,1,2022-09-29 11:16:50,R_0NHBepSNGvsAbeN,anonymous,IT,1,1,2,0,0,0,10,3.5,1,3,3,1,5,5,10,10,1,2,2,1,5,10,10,10,1,4,2,2,2,2,1,2,1,2,1,2,3,1,21,1,16,84,16,1,2,3,1,4
2022-09-29 12:08:30,2022-09-29 12:32:41,0,100,1450,1,2022-09-29 12:32:41,R_1lAAbKMzBr0Wf0N,anonymous,IT,1,1,3,5,10,10,15,10,1,4,5,1,5,10,10,15,1,2,1,1,5,10,10,15,1,1,4,5,2,2,1,2,4,4,3,1,4,2,29,7,18,84,16,1,3,1,4,2
2022-09-29 12:59:37,2022-09-29 13:06:47,0,100,429,1,2022-09-29 13:06:47,R_vCPLQ9bycOGesWl,anonymous,IT,1,1,1,0,5,0,10,5,2,4,3,1,0,5,0,10,1,2,2,1,0,10,0,10,1,3,2,3,2,2,2,2,1,3,3,4,5,1,27,6,20,61,16,1,1,3,2,4
2022-09-29 16:17:40,2022-09-29 16:25:27,0,100,466,1,2022-09-29 16:25:27,R_2cqrvKwXRl0lVPT,anonymous,IT,1,1,3,2,5,4,10,7,1,4,4,2,3,5,8,10,1,2,3,2,5,8,8,10,2,2,4,3,2,2,3,3,1,4,2,4,4,2,29,3,18,84,16,1,4,2,1,3
2022-09-29 18:28:09,2022-09-29 18:38:56,0,100,647,1,2022-09-29 18:38:57,R_1GTXizRKaFuReNm,anonymous,IT,1,1,3,0,5,5,10,5,1,5,5,1,0,5,5,10,1,1,1,2,0,5,5,10,2,3,2,5,1,1,1,4,1,3,2,2,4,1,26,1,18,84,16,1,4,1,3,2
2022-09-22 20:01:03,2022-09-22 20:08:11,0,44,427,0,2022-09-29 20:08:15,R_UrKrdQ19DS0I1qh,anonymous,IT,0.8999999761581421,1,,,,,,,,,,,5,10,10,15,2,1,,2,10,20,10,20,2,3,3,3,3,1,1,2,,,,,,,,,,,,,4,3,2,1
2022-09-22 20:05:48,2022-09-22 20:08:40,0,19,172,0,2022-09-29 20:08:44,R_2ZR2lOxkKwYFhJu,anonymous,IT,1,1,,,,,,,,,,,5,5,10,10,1,1,,,,,,,,,,,,,,,,,,,,,,,,,,,2,1,3,4
2022-09-22 21:36:29,2022-09-22 21:49:42,0,50,792,0,2022-09-29 21:49:45,R_ByPRIsUHlLslSI9,anonymous,IT,1,1,3,7,10,12,15,5,1,4,4,,2,5,12,15,1,2,1,2,1,5,12,15,1,1,5,3,,,,,,,,,,,,,,,,,3,2,1,4
2022-09-29 21:38:03,2022-09-29 21:51:33,0,100,810,1,2022-09-29 21:51:33,R_sEWJ5wo6Nlu8zUB,anonymous,IT,1,1,2,0,5,0,10,5,1,5,3,1,5,5,5,10,1,1,2,2,10,10,10,10,2,1,5,3,3,1,2,3,1,3,2,1,4,1,63,6,18,84,16,1,4,1,2,3
2022-09-22 22:11:27,2022-09-22 22:24:43,0,58,795,0,2022-09-29 22:24:51,R_4Mc4Gfltjo3VtPb,anonymous,IT,0.8999999761581421,1,1,0,5,0,10,5,1,5,1,1,0,5,0,10,1,1,2,2,0,5,0,10,2,1,5,1,2,2,,,,,,,,,,,,,,,2,1,3,4
2022-09-29 22:44:43,2022-09-29 22:59:05,0,100,861,1,2022-09-29 22:59:05,R_5tZFrY4SYGfEDeh,anonymous,IT,0.8999999761581421,1,3,5,5,10,10,10,1,5,1,1,5,5,10,10,2,1,3,2,5,5,5,5,1,1,4,1,2,1,1,3,4,4,2,1,3,1,27,3,18,84,16,1,1,4,2,3
2022-09-22 23:12:26,2022-09-22 23:14:52,0,8,146,0,2022-09-29 23:14:58,R_3nuZ1uUlXbMoV1m,anonymous,IT,0.8999999761581421,1,,,,,,,,,,,,,,,,,,,,,,,,,,,,,,,,,,,,,,,,,,,4,1,2,3
2022-09-30 09:22:58,2022-09-30 09:38:51,0,100,952,1,2022-09-30 09:38:51,R_9ZxDvstU1P48Hcd,anonymous,IT,1,1,2,0,5,0,10,4,1,4,4,2,5,10,10,15,3,1,3,1,10,15,10,15,2,3,3,2,2,1,3,3.5,1,3,2,4,4,2,36,2,19,84,16,1,2,3,4,1
2022-09-30 11:01:44,2022-09-30 11:08:45,0,100,420,1,2022-09-30 11:08:45,R_PXSJXalndyrGA0h,anonymous,IT,1,1,3,5,5,10,10,10,4,4,3,1,5,5,10,10,3,1,2,3,5,10,10,10,1,3,5,2,3,2,3,5,4,4,3,4,2,1,24,2,5,65,16,1,2,3,1,4
2022-09-30 13:59:18,2022-09-30 14:12:44,0,100,806,1,2022-09-30 14:12:45,R_1OTsTa6MnyqbxbV,anonymous,IT,0.8999999761581421,1,3,5,5,10,10,4,2,4,1,1,5,5,10,10,1,1,3,3,10,10,10,10,1,2,4,1,2,1,3,4,1,3,3,4,3,1,25,1,19,84,16,1,3,2,4,1
2022-09-23 14:34:59,2022-09-23 14:41:14,0,47,374,0,2022-09-30 14:41:15,R_25F6Q0YI0ZlcRSo,anonymous,IT,1,1,1,0,5,0,5,5,,,,,0,5,0,5,1,1,1,2,0,5,0,10,2,5,3,1,,,,,,,,,,,,,,,,,3,2,1,4
2022-09-30 18:24:25,2022-09-30 18:42:00,0,100,1054,1,2022-09-30 18:42:00,R_1mQthxXC1yn9BAe,anonymous,IT,0.8999999761581421,1,1,0,5,0,10,5,1,5,2,2,5,5,5,10,1,1,1,2,5,10,10,10,2,1,5,3,3,1,1,5,1,3,2,1,4,1,66,6,18,84,16,1,1,4,3,2
2022-09-30 18:59:07,2022-09-30 19:13:14,0,100,846,1,2022-09-30 19:13:14,R_yycVLnKzvJN45AB,anonymous,IT,1,1,1,0,0,0,0,3,3,3,3,1,0,5,0,10,1,1,3,2,0,10,0,10,1,2,3,2,2,1,3,3,1,3,2,4,5,1,26,1,20,84,16,1,1,2,3,4
2022-09-30 23:29:19,2022-09-30 23:38:57,0,100,578,1,2022-09-30 23:38:57,R_3KTNeos4RVboYfh,anonymous,IT,0.8999999761581421,1,1,0,5,0,10,25,5,5,5,2,5,5,5,10,1,1,2,2,10,10,10,10,2,5,5,5,2,1,2,20,1,3,1,4,5,2,60,6,27,84,16,1,4,1,3,2
2022-09-19 08:07:02,2022-09-24 09:14:32,0,36,436050,0,2022-10-01 09:14:38,R_1fj8bb4ojh7Mbwm,anonymous,IT,1,1,,,,,,,,,,,5,10,10,20,3,2,2,2,,,,,,,,,1,2,2,2,,,,,,,,,,,,,4,2,3,1
2022-10-01 11:48:54,2022-10-01 11:56:35,0,100,460,1,2022-10-01 11:56:36,R_3GBXX0sBBeKnI9x,anonymous,IT,1,1,3,5,5,10,10,5,5,5,5,1,5,10,10,15,3,2,1,3,10,15,10,15,1,5,5,5,3,2,2,2.5,3,3,3,2,3,2,24,4,28,84,16,2,2,3,1,4
2022-09-24 14:07:25,2022-09-24 14:08:02,0,8,36,0,2022-10-01 14:08:04,R_vVpVUreGRIMbS9j,anonymous,IT,1,1,,,,,,,,,,,,,,,,,,,,,,,,,,,,,,,,,,,,,,,,,,,4,3,2,1
2022-10-01 16:01:02,2022-10-01 16:21:36,0,100,1233,1,2022-10-01 16:21:36,R_2DN3bBEMne3n5yR,anonymous,IT,1,1,1,-5,-5,-10,-10,5,1,5,3,2,-5,0,-5,0,1,1,2,2,-10,0,-10,0,2,5,5,1,2,1,3,5,1,3,3,4,4,1,33,6,18,84,16,1,3,1,2,4
2022-09-24 18:26:59,2022-09-24 18:30:06,0,22,186,0,2022-10-01 18:30:06,R_3KSWrNFcGMJDcfA,anonymous,IT,1,1,,,,,,,,,,,,,,,,,,1,5,10,10,20,2,3,1,2,,,,,,,,,,,,,,,,,3,2,1,4
2022-10-01 22:24:10,2022-10-01 22:45:01,0,100,1250,1,2022-10-01 22:45:01,R_0ojLKBp99hW1JHH,anonymous,IT,1,1,1,0,0,0,0,7,1,5,4,2,5,5,5,5,1,1,2,2,5,10,10,10,2,3,4,2,2,2,1,5,1,3,2,4,4,2,46,6,18,84,16,1,1,2,4,3
2022-10-01 22:42:41,2022-10-01 22:54:32,0,100,711,1,2022-10-01 22:54:32,R_1qfchrtCtkAm0ZO,anonymous,IT,0.8999999761581421,1,3,10,10,15,15,8,4,4,2,2,10,10,15,15,3,1,1,3,10,10,15,15,2,2,4,1,2,1,1,5,4,4,3,4,3,2,36,3,13,84,16,1,4,2,1,3
2022-09-25 08:01:06,2022-09-25 08:03:52,0,8,166,0,2022-10-02 08:04:01,R_1j9YYa1QqcOk2BZ,anonymous,IT,0.8999999761581421,1,,,,,,,,,,,,,,,,,,,,,,,,,,,,,,,,,,,,,,,,,,,3,4,1,2
2022-10-02 12:09:28,2022-10-02 12:25:37,0,100,968,1,2022-10-02 12:25:38,R_3Eh8VYP8x4jGlgW,anonymous,IT,1,1,1,0,6,0,11,5,1,5,1,2,0,6,0,11,3,1,2,2,5,10,5,11,2,5,1,5,2,1,3,2,1,3,2,1,3,1,55,7,8,84,16,1,1,4,3,2
2022-10-02 12:22:54,2022-10-02 12:47:47,0,100,1492,1,2022-10-02 12:47:47,R_3fq9tSPxxALfUIo,anonymous,IT,1,1,3,0.00,5.00,0.00,10.00,3.50,1,5,4,1,5.00,5.00,10.00,10.00,1,1,3,2,6.00,6.00,7.00,7.00,1,2,4,3,2,1,1,3.50,4,4,3,4,4,1,24,7,18,84,26,1,2,3,4,1
2022-10-02 13:16:55,2022-10-02 13:24:09,0,100,433,1,2022-10-02 13:24:09,R_3Ei4cs5zXdTyTAU,anonymous,IT,1,1,1,0,10,0,20,10,1,5,1,1,0,10,0,20,1,1,1,2,0,20,0,30,1,1,1,5,3,1,1,5,1,3,1,3,3,1,30,5,16,84,16,1,2,1,3,4
2022-10-02 13:25:41,2022-10-02 13:40:38,0,100,897,1,2022-10-02 13:40:39,R_24yo1VnctoZ3zFf,anonymous,IT,1,1,2,5,5,10,10,3,1,5,3,1,5,5,10,10,3,1,1,2,5,5,10,10,1,1,5,3,3,1,1,2,1,3,3,4,4,1,29,4,18,84,16,1,4,1,2,3
2022-10-02 13:36:41,2022-10-02 13:41:31,0,100,289,1,2022-10-02 13:41:31,R_2QiHSrB5jKDKYNY,anonymous,IT,1,1,3,5,6,10,11,4,2,2,3,2,5,6,5,6,3,2,1,2,10,11,10,11,2,3,3,4,3,2,2,2,2,4,2,2,2,1,26,3,18,84,16,1,2,3,4,1
2022-10-02 13:32:32,2022-10-02 13:48:10,0,100,938,1,2022-10-02 13:48:11,R_3EJNHVqHZJj5cP1,anonymous,IT,0.8999999761581421,1,3,5,5,10,10,5,2,1,1,2,5,8,10,13,2,2,1,2,10,15,10,15,2,3,2,2,2,2,1,5,2,2,2,2,3,2,65,5,13,84,16,1,3,1,2,4
2022-10-02 13:32:59,2022-10-02 13:51:24,0,100,1104,1,2022-10-02 13:51:24,R_1QbH3OAcevTjSWC,anonymous,IT,1,1,1,0.00,5.00,0.00,10.00,3.00,4,1,1,2,0.00,10.00,0.00,20.00,1,1,2,2,0.00,10.00,0.00,20.00,2,4,1,1,2,1,2,3.00,1,3,2,2,4,1,63,5,11,84,16,1,4,1,2,3
2022-09-25 14:22:41,2022-09-25 14:23:41,0,8,60,0,2022-10-02 14:23:42,R_2rruG6AKcojCXfB,anonymous,IT,1,1,,,,,,,,,,,,,,,,,,,,,,,,,,,,,,,,,,,,,,,,,,,3,1,2,4
2022-09-25 14:19:36,2022-09-25 14:32:15,0,39,758,0,2022-10-02 14:35:36,R_PvLqulRFipT2Se5,anonymous,IT,0.8999999761581421,1,1,0,5,0,10,2.50,3,2,1,2,,,,,,,,2,,,,,,,,,3,2,2,2,,,,,,,,,,,,,2,4,3,1
2022-09-25 14:30:38,2022-09-25 14:40:25,0,81,587,0,2022-10-02 14:40:32,R_dhfzGQnVSRDFw65,anonymous,IT,0.8999999761581421,1,2,5,5,5,10,5,1,5,5,2,5,5,5,10,1,2,1,2,5,10,5,10,2,1,5,5,2,2,1,5,4,4,3,4,3,,,,,,,,1,3,4,2
2022-09-25 14:42:29,2022-09-25 14:47:31,0,11,302,0,2022-10-02 14:47:37,R_10Pi0Nv2iQRuVDm,anonymous,IT,1,1,,,,,,,,,,,,,,,,,,2,,,,,,,,,,,,,,,,,,,,,,,,,4,3,1,2
2022-10-02 14:38:06,2022-10-02 14:51:02,0,100,776,1,2022-10-02 14:51:03,R_D02cNg4d4yDq0nf,anonymous,IT,1,1,1,0,5,0,10,20,1,4,3,2,0,10,0,15,1,1,2,2,10,20,10,20,2,5,3,4,2,1,2,5,1,3,2,1,5,1,30,2,21,84,16,1,4,3,1,2
2022-09-25 16:39:56,2022-09-25 16:40:57,0,11,61,0,2022-10-02 16:40:58,R_2uQfgdzeS6PExjD,anonymous,IT,0.8999999761581421,1,1,,,,,,,,,,,,,,,,,,,,,,,,,,,,,,,,,,,,,,,,,,1,2,3,4
2022-10-02 18:35:39,2022-10-02 18:47:16,0,100,697,1,2022-10-02 18:47:17,R_bIsEApAQibMBMIx,anonymous,IT,1,1,1,5,5,10,10,10,3,4,3,1,5,5,10,10,1,1,1,1,5,5,10,10,1,4,4,3,2,1,1,10,1,3,2,1,4,1,29,7,21,84,16,1,1,2,4,3
2022-10-02 18:40:55,2022-10-02 18:55:59,0,100,904,1,2022-10-02 18:56:00,R_1kHqEWsBEMqZYge,anonymous,IT,1,1,3,5,5,10,10,6,1,3,3,1,0,5,10,10,1,2,2,2,5,10,10,10,1,4,1,3,2,2,3,2,4,3,3,4,2,2,27,1,18,84,16,1,3,1,2,4
2022-09-25 18:58:47,2022-09-25 19:09:01,0,61,614,0,2022-10-02 19:09:07,R_2CmhoeTiJFA4QhX,anonymous,IT,0.8999999761581421,1,2,5,5,10,10,5,1,2,5,1,5,5,10,10,2,1,1,1,5,5,10,10,1,,,,1,1,1,5,,,,,,,,,,,,,1,2,4,3
2022-10-02 19:03:53,2022-10-02 19:11:13,0,100,439,1,2022-10-02 19:11:13,R_1ptXJzrozeHevti,anonymous,IT,1,1,2,0,0,0,0,12,5,5,1,2,0,0,0,0,1,1,2,2,0,0,0,0,2,5,5,1,1,1,2,8,1,3,2,1,3,1,32,5,16,84,16,1,2,4,3,1
2022-10-02 20:02:37,2022-10-02 20:09:42,0,100,424,1,2022-10-02 20:09:42,R_umrXp53C6nL49AR,anonymous,IT,1,1,1,0,5,0,10,5,1,5,3,2,0,5,0,10,1,2,2,2,10,10,10,10,2,1,5,3,2,1,2,5,1,3,2,4,4,1,29,3,18,84,16,1,3,4,1,2
2022-10-02 12:15:58,2022-10-02 20:28:41,0,100,29562,1,2022-10-02 20:28:41,R_r3wK0p3s2yYiGPf,anonymous,IT,1,1,3,0,5,0,10,5,3,4,4,2,5,5,5,5,3,1,3,2,10,10,10,10,2,4,2,4,2,1,1,5,1,4,3,4,3,2,65,6,13,84,16,1,4,1,3,2
2022-10-02 20:31:55,2022-10-02 20:49:08,0,100,1033,1,2022-10-02 20:49:09,R_3EJVAeHz3JPqp8K,anonymous,IT,1,1,1,0,10,0,20,10,1,5,3,2,5,10,10,20,1,1,1,2,5,10,10,20,1,3,2,4,2,1,1,5,1,3,2,4,4,1,65,6,17,84,16,1,3,1,2,4
2022-10-02 21:06:27,2022-10-02 21:18:01,0,100,694,1,2022-10-02 21:18:02,R_2ZZTH6x7CR33H17,anonymous,IT,0.8999999761581421,1,2,0,5,0,10,10,2,5,2,1,0,5,0,8,1,2,3,2,0,10,0,10,2,4,2,3,2,2,3,3,1,3,2,1,4,1,34,4,22,84,16,1,2,1,4,3
2022-10-02 21:10:57,2022-10-02 21:20:04,0,100,547,1,2022-10-02 21:20:04,R_2B3yr1vmYg7BM3z,anonymous,IT,1,1,1,0,5,0,10,3,1,3,4,2,5,5,10,10,3,2,2,2,10,10,10,10,2,5,1,3,3,2,2,3,1,3,3,4,3,1,60,3,18,84,16,1,1,4,2,3
2022-10-02 21:09:09,2022-10-02 21:22:47,0,100,817,1,2022-10-02 21:22:47,R_5aTqaRzRsfyU3qF,anonymous,IT,1,1,1,0,10,0,30,20,2,4,5,1,0,10,0,20,1,1,3,2,10,20,10,20,1,5,5,5,2,2,1,5,4,3,2,4,4,2,34,1,18,84,16,1,1,3,2,4
2022-10-02 21:11:13,2022-10-02 21:23:15,0,100,722,1,2022-10-02 21:23:16,R_1LhR2Sy6K3c6IeN,anonymous,IT,1,1,3,5.00,5.00,10.00,10.00,4.00,4,4,4,2,5.00,5.00,10.00,10.00,3,2,1,1,10.00,10.00,10.00,10.00,1,4,4,4,3,2,1,2.00,2,3,1,4,4,2,66,3,12,84,16,1,4,3,2,1
2022-10-02 20:57:27,2022-10-02 21:23:22,0,100,1554,1,2022-10-02 21:23:22,R_1LCgY2FukaLlfxL,anonymous,IT,1,1,1,0,5,0,10,2,1,4,3,1,5,5,5,10,1,2,2,1,10,10,10,10,1,5,2,2,2,2,2,2,1,3,2,4,4,1,20,7,15,84,16,1,1,3,2,4
2022-10-02 21:08:58,2022-10-02 21:24:39,0,100,941,1,2022-10-02 21:24:40,R_06bU6njQZRjiNmF,anonymous,IT,1,1,3,5,5,10,10,7,1,4,4,1,5,7,10,15,3,1,3,2,5,10,10,10,1,1,5,2,3,1,3,5,1,3,2,3,4,2,63,2,11,84,16,1,3,4,2,1
2022-10-02 21:15:04,2022-10-02 21:27:08,0,100,724,1,2022-10-02 21:27:08,R_2TSim6a2qZ1z665,anonymous,IT,1,1,1,2,3,2,3,8,1,1,1,1,2,3,2,5,1,2,1,2,2,5,2,5,1,1,1,5,2,2,1,2,2,3,3,3,3,2,52,6,15,84,16,1,3,1,4,2
2022-10-02 21:11:39,2022-10-02 21:27:21,0,100,941,1,2022-10-02 21:27:21,R_2PooiUXEVzLBZWA,anonymous,IT,1,1,3,0,0,0,0,5,2,2,2,1,5,5,10,10,3,2,3,2,5,5,10,10,1,2,2,2,2,2,3,3,1,3,2,4,3,2,56,6,16,84,16,1,2,3,4,1
2022-10-02 21:09:23,2022-10-02 21:27:28,0,100,1085,1,2022-10-02 21:27:28,R_1K9zpsx5Pi4DLX8,anonymous,IT,1,1,3,0,0,0,0,5,3,3,3,2,5,5,10,10,1,1,3,2,5,5,10,10,2,4,2,3,3,1,3,5,1,3,3,4,4,2,63,6,17,84,16,1,4,2,1,3
2022-10-02 21:11:39,2022-10-02 21:28:29,0,100,1010,1,2022-10-02 21:28:30,R_UB0oZTZoGTte0Df,anonymous,IT,0.8999999761581421,1,3,5,7.5,10,12.5,2,5,1,5,1,5,7.5,10,12.5,3,2,2,2,5,10,10,10,1,5,1,5,2,1,2,2,2,4,1,1,4,1,55,6,18,84,16,1,4,1,3,2
2022-10-02 21:08:59,2022-10-02 21:28:39,0,100,1180,1,2022-10-02 21:28:39,R_2EmVKZxHzcG1Ewc,anonymous,IT,1,1,3,5,5,10,10,3,1,5,5,1,5.00,5.00,10.00,10.00,3,1,2,2,10,10,15,15,1,3,3,3,2,2,2,2,1,3,3,4,3,2,51,7,19,84,16,1,4,1,2,3
2022-10-02 21:08:56,2022-10-02 21:31:06,0,100,1329,1,2022-10-02 21:31:07,R_2xXDUZDdK2Isyt9,anonymous,IT,1,1,1,0,0,0,0,3,4,3,2,1,0,0,0,0,1,1,2,2,6,6,5,10,2,4,2,3,2,2,2,3,4,4,3,4,3,2,55,2,15,84,16,2,2,4,1,3
2022-10-02 21:17:17,2022-10-02 21:32:00,0,100,883,1,2022-10-02 21:32:00,R_sLTaE4Lgi43Mbjb,anonymous,IT,1,1,2,0,0,0,0,3,1,1,1,1,5,6,5,5,3,2,1,2,5,510,10,10,1,1,5,5,2,2,1,3,1,3,3,2,2,2,68,7,17,84,16,1,1,3,2,4
2022-10-02 21:12:09,2022-10-02 21:32:10,0,100,1201,1,2022-10-02 21:32:10,R_2a9R33RpSTkDTw8,anonymous,IT,0.800000011920929,1,1,0,0,0,0,3,1,5,5,2,5,5,10,10,1,1,1,2,5,5,10,10,2,1,5,1,3,1,1,3,1,3,2,4,4,2,68,3,11,84,16,1,4,2,1,3
2022-10-02 21:32:29,2022-10-02 21:40:48,0,100,498,1,2022-10-02 21:40:48,R_1r7bzEtAQgImSPT,anonymous,IT,1,1,2,0,5,0,10,10,3,3,3,1,0,10,0,10,2,1,1,1,0,10,0,10,1,5,1,1,3,2,1,5,1,4,2,4,4,2,50,3,15,84,16,1,1,4,2,3
2022-10-02 21:32:13,2022-10-02 21:43:32,0,100,678,1,2022-10-02 21:43:32,R_1fkK6un4OVhUpWE,anonymous,IT,1,1,3,0,5,0,10,5,1,5,3,2,5,5,10,10,1,1,2,2,5,10,10,10,2,5,1,2,2,1,2,3,1,3,2,4,5,1,44,2,20,84,16,1,2,1,3,4
2022-10-02 21:44:59,2022-10-02 21:59:28,0,100,868,1,2022-10-02 21:59:28,R_2zkEGlPqZ96I1tu,anonymous,IT,0.8999999761581421,1,1,0,0,10,10,5,1,5,5,1,5,5,10,10,2,2,3,2,5,10,10,10,1,1,5,5,2,2,1,2,1,3,2,1,4,2,45,2,20,84,16,1,4,1,3,2
2022-10-02 21:47:14,2022-10-02 22:08:26,0,100,1271,1,2022-10-02 22:08:26,R_6eXdo0jWhfuz8lz,anonymous,IT,1,1,1,0,5,0,10,5,1,3,3,1,0,5,10,10,1,2,1,2,5,5,10,10,2,3,3,3,2,2,1,2.50,1,3,3,4,5,2,45,6,21,84,16,1,1,2,4,3
2022-10-02 22:02:35,2022-10-02 22:10:56,0,100,500,1,2022-10-02 22:10:56,R_3gOt49nnJCpwx6i,anonymous,IT,1,1,3,5,10,10,20,10,4,4,4,2,5,5,10,10,3,1,3,2,5.00,5.00,10,10,2,3,3,3,2,1,3,5.00,4,3,3,4,3,2,50,4,15,84,16,1,4,3,2,1
2022-10-02 22:00:46,2022-10-02 22:15:11,0,100,864,1,2022-10-02 22:15:11,R_3e34oir9gbcYJgn,anonymous,IT,1,1,3,0,0,0,0,5,1,5,5,2,5,5,5,5,1,2,1,2,10,10,10,10,2,3,3,1,2,2,1,3,1,4,3,4,3,2,59,3,15,84,16,1,3,1,2,4
2022-10-02 22:07:51,2022-10-02 22:26:27,0,100,1115,1,2022-10-02 22:26:27,R_WvxDCvqV2m1QjXX,anonymous,IT,1,1,1,0,5,0,5,5,1,5,5,2,5,5,10,10,1,2,2,2,5,5,10,10,2,4,2,1,3,2,1,2.5,1,3,2,4,3,1,61,6,14,84,16,1,3,1,2,4
2022-10-02 22:10:41,2022-10-02 22:31:52,0,100,1271,1,2022-10-02 22:31:53,R_3dXGLIEQywTcU1m,anonymous,IT,1,1,1,5,10,10,20,5,5,4,2,2,5,10,10,20,1,2,2,2,5,10,10,20,2,4,4,4,1,2,2,5,1,4,2,4,3,2,47,3,13,84,16,1,4,2,3,1
2022-10-02 22:24:43,2022-10-02 22:41:20,0,100,996,1,2022-10-02 22:41:22,R_2QRIiibCRqZiGLe,anonymous,IT,0.8999999761581421,1,3,0,5,0,10,7,1,5,5,2,5,5,10,10,3,1,1,1,5,5,5,10,2,3,2,1,1,1,1,4,1,3,3,4,5,2,37,7,17,84,16,1,2,1,3,4
2022-09-25 17:51:54,2022-09-25 22:49:46,0,17,17872,0,2022-10-02 22:49:50,R_3ncje2GBtzRc59O,anonymous,IT,1,1,,,,,,,,,,,,,,,,,,,,,,,,,,,2,2,2,,,,,,,,,,,,,,4,3,2,1
2022-09-25 22:59:51,2022-09-25 23:05:38,0,33,347,0,2022-10-02 23:05:39,R_3s0yaHJO0ipmiPm,anonymous,IT,0.8999999761581421,1,1,0,10,0,15,4,4,3,3,1,,,,,,,,,,,,,,,,,2,2,2,,,,,,,,,,,,,,1,4,3,2
2022-10-02 22:50:50,2022-10-02 23:09:29,0,100,1119,1,2022-10-02 23:09:30,R_1lcrTE0TZVICPN2,anonymous,IT,1,1,3,0,5,0,10,15,1,1,2,1,5,5,10,10,3,2,1,2,10,10,10,10,1,1,5,3,3,2,1,3,1,4,3,4,5,2,52,3,14,84,16,1,4,3,1,2
2022-10-02 23:11:21,2022-10-02 23:39:19,0,100,1678,1,2022-10-02 23:39:21,R_3eqUMoQJOF7qYIE,anonymous,IT,1,1,3,0,5.00,0,10.00,15.00,1,5,4,2,5.00,5.00,5.00,5.00,1,1,1,2,5.00,10.00,10.00,10.00,2,2,4,4,2,1,1,5.00,1,3,2,4,4,2,49,7,18,84,16,1,3,2,1,4
2022-10-02 23:23:19,2022-10-02 23:39:37,0,100,978,1,2022-10-02 23:39:37,R_2rqqmY2oXhwxIjb,anonymous,IT,1,1,2,0,5.00,0,10,10,2,5,5,1,5.00,8.00,10.00,15.00,1,1,3,2,5,10,10,15,1,5,2,2,2,2,3,5,1,3,3,1,4,2,35,2,18,84,16,1,2,1,3,4
2022-10-03 00:10:57,2022-10-03 00:37:31,0,100,1593,1,2022-10-03 00:37:33,R_3s5H5flTfb21BgC,anonymous,IT,,1,3,5,5,10,10,5,4,4,4,2,5,5,5,10,1,1,1,2,10,15,10,10,2,5,1,1,1,1,1,3,1,3,2,4,3,1,62,3,13,84,16,1,2,3,4,1
2022-10-03 00:43:14,2022-10-03 00:54:53,0,100,698,1,2022-10-03 00:54:53,R_2TvlxmCFvejf5Ai,anonymous,IT,0.8999999761581421,1,3,5,10,10,20,5,1,5,3,1,5,10,10,20,1,1,3,1,10,10,10,20,1,5,3,2,2,1,1,2,1,3,2,3,4,1,38,5,16,84,16,1,1,2,3,4
2022-10-03 00:52:39,2022-10-03 01:02:35,0,100,595,1,2022-10-03 01:02:35,R_DCZuAvgk7rm9yqR,anonymous,IT,0.800000011920929,1,3,0,5,0,5,5,2,4,1,2,0,5,5,10,3,2,3,2,0,5,5,10,2,2,3,1,2,2,3,5,1,3,2,4,3,4,21,7,13,84,16,1,1,4,3,2
2022-10-03 01:54:06,2022-10-03 02:09:55,0,100,948,1,2022-10-03 02:09:56,R_3ha72a4cIW28qtp,anonymous,IT,0.8999999761581421,1,1,0,5,0,10,5,1,5,5,2,5,5,5,10,1,1,2,2,10,10,10,10,2,5,2,1,1,1,2,5,1,3,2,4,5,1,24,5,18,84,16,1,3,1,2,4
2022-10-03 04:07:02,2022-10-03 04:17:01,0,100,598,1,2022-10-03 04:17:02,R_3p5wOpEusGyoz4M,anonymous,IT,1,1,3,0,5,0,10,3,1,5,5,1,0,5,0,10,1,2,2,1,5,10,0,10,2,3,2,2,2,2,3,3,1,3,3,4,4,1,26,3,18,84,16,1,3,2,4,1
2022-10-03 05:31:34,2022-10-03 05:39:48,0,100,494,1,2022-10-03 05:39:50,R_vreIosFryMVgDAt,anonymous,IT,1,1,1,0,3,0,7,2,2,4,3,2,5,5,10,10,2,2,2,1,5,7,10,12,2,4,3,4,2,2,3,1.5,1,3,2,4,3,2,21,5,16,84,16,1,4,2,3,1
2022-10-03 06:29:41,2022-10-03 06:41:41,0,100,720,1,2022-10-03 06:41:41,R_1gG5q9QdkMsicyA,anonymous,IT,1,1,3,0,5,0,10,5,1,4,4,2,5,5,10,10,1,1,2,2,10,10,10,10,2,2,3,1,3,1,1,5,1,3,3,4,3,2,38,4,18,84,16,2,2,1,4,3
2022-10-03 07:09:40,2022-10-03 07:21:21,0,100,700,1,2022-10-03 07:21:21,R_1kIkaOCSqq399do,anonymous,IT,1,1,2,5,5,10,10,15,1,3,4,1,5,5,10,10,1,2,1,2,5,5,10,10,2,1,4,5,2,2,1,4,3,3,2,4,3,2,47,2,18,84,16,1,2,4,1,3
2022-10-03 06:57:33,2022-10-03 07:27:51,0,100,1818,1,2022-10-03 07:27:52,R_1oHiDiXVwVsxv12,anonymous,IT,0.8999999761581421,1,3,0,5,0,10,5,1,5,4,1,5,5,5,10,1,1,3,2,5,5,5,10,1,2,4,3,1,2,3,3,1,3,2,4,4,1,27,7,18,84,16,1,4,2,3,1
2022-10-03 07:22:39,2022-10-03 07:33:34,0,100,654,1,2022-10-03 07:33:34,R_ufXFHAtOGZyksI9,anonymous,IT,1,1,3,5,5,5,5,5,3,4,1,1,5,5,5,5,3,2,1,3,5,5,10,10,1,3,3,1,3,2,1,10,1,3,2,4,4,2,61,4,16,84,16,1,2,1,4,3
2022-10-03 09:41:40,2022-10-03 09:49:55,0,100,494,1,2022-10-03 09:49:55,R_1IjcGgBP6toyGvA,anonymous,IT,1,1,1,0,5,0,10,5,1,5,5,1,0,5,0,10,1,1,3,2,0,5,0,10,1,1,5,5,2,1,3,5,3,1,2,1,3,2,28,1,18,84,16,1,3,1,2,4
2022-10-03 11:04:20,2022-10-03 11:12:06,0,100,466,1,2022-10-03 11:12:07,R_PNGvXnVytGesYaB,anonymous,IT,1,1,3,5,8,10,15,15,1,5,5,2,5,5,5,10,3,1,2,1,5,15,10,15,2,5,2,5,2,2,2,10,4,4,2,4,4,2,29,2,22,84,16,1,1,3,4,2
2022-10-03 11:08:13,2022-10-03 11:16:24,0,100,491,1,2022-10-03 11:16:25,R_1rCCfOdtCobo4ER,anonymous,IT,1,1,1,5,5,10,10,4,1,4,2,1,5,5,10,10,1,1,2,2,5,5,10,10,1,1,3,4,2,1,2,3,4,4,3,4,2,1,33,2,20,84,16,1,1,2,4,3
2022-10-03 10:49:52,2022-10-03 11:21:48,0,100,1916,1,2022-10-03 11:21:49,R_3mkRrRC8oQ9lELo,anonymous,IT,1,1,1,0,5,0,10,5,2,4,3,2,5,5,5,10,3,1,3,2,5,10,10,10,2,3,3,2,2,2,3,2,1,3,2,4,4,2,24,7,18,84,16,1,4,3,2,1
2022-10-03 11:02:06,2022-10-03 11:24:02,0,100,1316,1,2022-10-03 11:24:02,R_1FgJcHzdbmyvj6p,anonymous,IT,1,1,3,0,5,0,10,5,3,3,4,1,5,5,5,5,1,1,2,2,10,10,10,10,2,4,1,2,3,2,1,5,1,3,2,4,3,2,23,6,18,84,16,1,2,3,1,4
2022-10-03 11:05:08,2022-10-03 11:27:00,0,100,1311,1,2022-10-03 11:27:00,R_2SvN9jDU7cW3ND8,anonymous,IT,1,1,1,5,5,10,10,7,1,5,3,1,5,5,5,5,1,1,2,2,10,10,10,10,1,3,3,1,2,1,2,4,1,3,3,4,5,2,25,7,18,84,16,1,1,4,3,2
2022-10-03 11:26:42,2022-10-03 11:38:22,0,100,699,1,2022-10-03 11:38:22,R_0CiyUh7roeJHnNf,anonymous,IT,0.8999999761581421,1,3,5,10,0,10,3,3,3,3,1,5,7,10,10,1,2,1,2,5,10,10,10,2,3,3,3,2,2,2,3,4,4,3,4,3,2,25,3,20,84,16,1,3,4,2,1
2022-09-26 11:33:10,2022-09-26 11:33:37,0,3,27,0,2022-10-03 11:48:39,R_2VqeBkIVqHxJJNQ,anonymous,IT,1,1,,,,,,,,,,,,,,,,,,,,,,,,,,,,,,,,,,,,,,,,,,,,,,
2022-10-03 11:39:04,2022-10-03 11:53:43,0,100,878,1,2022-10-03 11:53:43,R_3KrJQTLv6uNNmZf,anonymous,IT,1,1,1,0,5,5,10,3,1,3,4,2,0,5,5,10,1,2,3,2,5,10,5,10,2,5,4,2,2,1,3,3,4,4,2,4,5,2,27,3,18,84,16,1,1,3,4,2
2022-10-03 11:46:06,2022-10-03 11:55:36,0,100,570,1,2022-10-03 11:55:36,R_exrGn7xzGEiVVWV,anonymous,IT,1,1,3,0,3,0,5,10,2,4,3,2,5,7,5,7,1,1,3,2,5,7,10,12,2,4,1,2,2,1,3,5,1,4,3,4,3,1,26,2,20,84,16,1,4,3,1,2
2022-09-26 11:29:59,2022-09-26 11:37:02,0,50,422,0,2022-10-03 11:58:34,R_3MArZny3tX5tMfd,anonymous,IT,1,1,3,5,10,10,15,3,1,1,1,2,,,,,,,,3,5,10,10,15,2,1,1,1,2,2,1,3,,,,,,,,,,,,,3,4,1,2
2022-10-03 11:58:59,2022-10-03 12:06:52,0,100,473,1,2022-10-03 12:06:53,R_T7vZezrj0QemgNP,anonymous,IT,1,1,2,0,5,0,10,5,1,5,5,1,0,5,0,10,2,2,1,1,0,5,0,10,1,1,5,5,2,1,1,3,1,3,3,4,3,1,35,7,8,84,16,1,3,4,1,2
2022-10-03 12:04:45,2022-10-03 12:16:34,0,100,709,1,2022-10-03 12:16:35,R_DCYXDBDHbE4ITTP,anonymous,IT,0.8999999761581421,1,2,0,5,0,10,4,2,4,4,1,5,5,10,10,1,1,2,1,5,5,10,10,1,5,3,4,2,1,2,3,1,4,3,4,4,1,24,6,17,84,16,1,3,1,4,2
2022-10-03 12:14:41,2022-10-03 12:29:32,0,100,890,1,2022-10-03 12:29:33,R_1qfvvBpEQqkcsNf,anonymous,IT,1,1,1,5,10,10,20,25,2,2,3,2,5,10,10,15,1,1,2,2,10,15,15,20,2,3,2,1,2,2,2,10,3,4,3,4,4,2,27,2,19,84,16,1,2,4,1,3
2022-09-26 12:07:33,2022-09-26 12:08:39,0,11,66,0,2022-10-03 12:32:30,R_1JOWdOGd51oUo5E,anonymous,IT,1,1,1,,,,,,,,,,,,,,,,,,,,,,,,,,,,,,,,,,,,,,,,,,1,3,2,4
2022-10-03 12:48:12,2022-10-03 12:57:32,0,100,560,1,2022-10-03 12:57:32,R_1cUkHKdbZ4hnPeJ,anonymous,IT,1,1,3,0,5,0,10,4,1,5,3,2,5,5,10,10,1,1,2,3,5,10,10,10,2,2,4,3,2,1,3,3.5,1,3,3,4,5,2,22,2,16,84,16,1,3,4,1,2
2022-10-03 12:48:45,2022-10-03 13:00:48,0,100,722,1,2022-10-03 13:00:50,R_21ihlNYwDBToe3P,anonymous,IT,1,1,2,0,10,0,20,8,1,5,5,2,5,15,10,25,1,1,2,1,10,20,10,20,2,1,5,5,1,1,2,8,1,3,3,4,3,1,33,6,16,84,16,1,3,2,1,4
2022-09-26 13:08:19,2022-09-26 13:08:29,8,3,10,0,2022-10-03 13:09:18,R_1NlEP1DKiMxICGG,anonymous,IT,0.8999999761581421,1,,,,,,,,,,,,,,,,,,,,,,,,,,,,,,,,,,,,,,,,,,,,,,
2022-09-26 13:13:01,2022-09-26 13:14:02,0,11,61,0,2022-10-03 13:14:03,R_2wR1jc5fGayDK8F,anonymous,IT,1,1,,,,,,,,,,,,,,,,,,2,,,,,,,,,,,,,,,,,,,,,,,,,3,4,1,2
2022-10-03 13:10:20,2022-10-03 13:23:31,0,100,791,1,2022-10-03 13:23:31,R_3lsPUqVl4cPrktC,anonymous,IT,1,1,3,0,0,5,5,4,1,4,5,2,0,5,5,5,3,2,2,3,0,5,10,10,2,4,3,2,3,2,1,2,1,3,3,1,4,2,23,3,16,84,16,1,1,4,3,2
2022-10-03 13:12:05,2022-10-03 13:27:08,0,100,903,1,2022-10-03 13:27:09,R_xnC19UN2diZQW5P,anonymous,IT,1,1,1,2.50,5,5,10,8,1,5,5,1,5,7.50,10,12.50,1,1,3,2,10,10,10,12.50,1,2,5,4,2,2,3,3,1,3,1,4,5,2,19,6,14,84,16,1,3,1,2,4
2022-09-26 13:34:08,2022-09-26 13:35:07,0,14,59,0,2022-10-03 13:35:09,R_YQUZbw2n0WBa3df,anonymous,IT,1,1,,,,,,,,,,,0,5,0,5,,,,,,,,,,,,,,,,,,,,,,,,,,,,,3,1,4,2
2022-10-03 13:49:25,2022-10-03 13:59:16,0,100,590,1,2022-10-03 13:59:16,R_ba57P36MpfhnF8R,anonymous,IT,1,1,2,5,10,10,20,10,1,5,5,1,5,10,5,20,1,2,3,1,10,15,10,20,2,1,5,5,2,2,3,5,1,3,3,4,5,2,22,6,17,84,16,1,4,3,2,1
2022-10-03 13:48:44,2022-10-03 14:00:40,0,100,716,1,2022-10-03 14:00:40,R_ebWl4yZnfcTdKsV,anonymous,IT,0.8999999761581421,1,2,0,5,0,10,10,2,4,3,2,0,20,0,30,1,1,2,1,5,10,10,10,2,4,2,3,2,1,2,5,1,4,3,4,4,1,23,3,17,84,16,1,3,1,2,4
2022-10-03 14:03:44,2022-10-03 14:18:57,0,100,912,1,2022-10-03 14:18:57,R_r9jeteJmKRJtpyp,anonymous,IT,0.8999999761581421,1,3,0,5,0,15,3,1,5,3,1,5,10,10,20,2,1,2,1,10,15,10,20,2,4,2,3,1,1,1,2,1,3,2,4,5,1,21,3,17,84,16,1,3,1,4,2
2022-10-03 14:09:45,2022-10-03 14:19:59,0,100,613,1,2022-10-03 14:19:59,R_8kKcdj9602hVt8l,anonymous,IT,1,1,1,5,10,5,10,3,1,5,3,1,5,5,5,5,3,2,2,2,5,15,10,10,2,5,1,3,2,2,1,2,1,2,2,2,3,2,27,1,19,84,16,1,2,3,4,1
2022-10-03 14:14:52,2022-10-03 14:20:36,0,100,343,1,2022-10-03 14:20:36,R_db8scyHJCpHud6V,anonymous,IT,1,1,3,10,15,10,15,200,1,1,1,2,10,15,10,15,3,1,1,2,10,15,10,15,2,1,1,1,3,2,2,5,4,4,3,4,1,2,41,3,28,84,16,1,3,4,1,2
2022-09-26 14:21:48,2022-09-26 14:22:31,0,11,43,0,2022-10-03 14:22:36,R_3HMpw4fxExAtu0V,anonymous,IT,1,1,1,,,,,,,,,,,,,,,,,,,,,,,,,,,,,,,,,,,,,,,,,,1,3,4,2
2022-10-03 14:26:18,2022-10-03 14:39:15,0,100,777,1,2022-10-03 14:39:15,R_1QskwYO9qJA1JEX,anonymous,IT,1,1,1,5,7,5,10,7,2,4,3,2,5,7,5,10,2,2,3,1,5,7,5,10,2,2,4,2,2,2,3,4,4,4,3,4,4,2,22,2,15,84,16,1,2,3,1,4
2022-10-03 14:32:53,2022-10-03 14:46:25,0,100,811,1,2022-10-03 14:46:25,R_1nVDvgyQ6DkPRKN,anonymous,IT,0.8999999761581421,1,1,0,5,0,10,7,1,5,5,2,0,5,0,10,1,2,2,2,5,20,10,20,2,2,4,5,2,1,1,2,1,4,3,4,4,2,26,1,18,84,16,1,2,4,1,3
2022-10-03 14:38:45,2022-10-03 14:53:26,0,100,881,1,2022-10-03 14:53:38,R_2ZE3tqA1n7NU9F2,anonymous,IT,0.8999999761581421,1,3,0,5,0,10,5,1,4,5,2,3.5,5,4,10,1,1,2,1,5,10,8,10,2,5,2,1,2,2,2,3,1,3,2,4,5,2,20,5,15,84,16,1,2,1,4,3
2022-10-03 14:51:08,2022-10-03 15:03:36,0,100,747,1,2022-10-03 15:03:36,R_d5AzWUFDtZvwOaZ,anonymous,IT,0.8999999761581421,1,2,0,5,0,10,5,1,5,3,2,0,5,0,10,1,2,2,3,0,10,0,10,2,5,4,1,2,2,2,2,4,4,3,4,3,2,25,3,19,84,16,1,1,2,4,3
2022-10-03 14:58:16,2022-10-03 15:09:09,0,100,652,1,2022-10-03 15:09:14,R_2z70AspAOAQAkGf,anonymous,IT,1,1,2,0,5,0,10,3,1,4,4,1,0,5,0,5,1,1,3,2,5,10,10,10,2,5,2,3,2,2,3,3,1,3,3,4,4,2,26,2,18,84,16,1,4,2,3,1
2022-10-03 15:00:52,2022-10-03 15:12:31,0,100,699,1,2022-10-03 15:12:32,R_eEA2F2siES1419v,anonymous,IT,1,1,3,5,5,10,10,5,1,4,5,2,5,5,10,10,3,1,3,2,5,5,10,10,2,4,3,2,2,1,3,5,1,3,2,3,4,2,24,6,18,84,16,1,2,4,1,3
2022-10-03 14:00:32,2022-10-03 15:33:27,0,100,5575,1,2022-10-03 15:33:29,R_Rg0wRTt8OeQcuyJ,anonymous,IT,1,1,3,0,5,0,10,5,1,5,5,2,5,5,5,5,3,1,1,1,10,10,10,10,2,5,1,5,3,1,1,5,1,3,2,3,4,2,69,4,17,84,16,1,3,2,1,4
2022-10-03 15:13:26,2022-10-03 15:37:19,0,100,1433,1,2022-10-03 15:37:19,R_1Fbmuprek4s5IU0,anonymous,IT,0.800000011920929,1,1,0,5,0,8,2,1,5,3,1,0,5,0,8,2,1,1,2,5,7,5,10,2,5,1,3,2,1,1,0.50,3,2,1,3,4,1,22,1,16,84,16,1,1,2,4,3
2022-10-03 16:03:12,2022-10-03 16:15:16,0,100,724,1,2022-10-03 16:15:17,R_3ENh9lmFdMZRDGb,anonymous,IT,1,1,3,0,5,0,10,6,1,5,5,1,0,5,0,10,1,1,2,2,0,10,0,10,1,2,4,2,2,1,2,4,3,3,3,4,5,2,25,3,16,84,16,1,3,1,4,2
2022-10-03 16:09:14,2022-10-03 16:18:18,0,100,544,1,2022-10-03 16:18:19,R_2SHVIhkpKLV25la,anonymous,IT,1,1,3,5,10,5,15,10,1,3,1,1,5,10,7,16,1,2,3,1,7,10,12,20,2,2,3,4,2,2,3,4.00,1,3,2,3,4,2,23,7,17,84,16,1,3,4,2,1
2022-09-26 16:20:18,2022-09-26 16:23:34,0,19,196,0,2022-10-03 16:23:36,R_2V9DkmDHHyq2WU6,anonymous,IT,1,1,,,,,,,,,,,,,,,,,,3,0,5,0,10,2,,,,,,,,,,,,,,,,,,,,2,3,1,4
2022-09-26 16:59:45,2022-09-26 17:05:08,0,33,323,0,2022-10-03 17:05:12,R_2tyUMKESlKuLD1a,anonymous,IT,0.8999999761581421,1,,,,,,,,,,,5,5,10,10,1,1,,2,5,10,10,12,1,2,5,5,,,,,,,,,,,,,,,,,3,2,1,4
2022-09-26 17:32:56,2022-09-26 17:38:43,0,25,346,0,2022-10-03 17:38:47,R_2PkbXG4VdYjSJa5,anonymous,IT,1,1,2,10,30,15,30,15,1,5,5,1,,,,,,,,,,,,,,,,,,,,,,,,,,,,,,,,,1,2,3,4
2022-10-03 17:16:54,2022-10-03 17:57:23,0,100,2428,1,2022-10-03 17:57:23,R_SZ5BQOctHENoZoJ,anonymous,IT,1,1,2,0,5,0,5,4,2,4,1,1,0,5,5,10,1,1,2,2,5,10,5,10,1,2,4,1,2,1,2,4,1,3,2,4,5,2,30,4,20,84,16,1,1,3,2,4
2022-10-03 17:45:31,2022-10-03 17:57:39,0,100,728,1,2022-10-03 17:57:40,R_PuoF9zxXU7t2g3D,anonymous,IT,1,1,2,0,5,0,10,4,1,5,5,2,0,5,0,10,3,1,3,2,0,10,0,10,2,5,1,3,1,2,3,1,1,3,3,4,4,2,35,1,18,84,16,1,3,4,1,2
2022-10-03 17:53:23,2022-10-03 18:00:32,0,100,429,1,2022-10-03 18:00:33,R_1PZOKyFJMTysHMk,anonymous,IT,1,1,2,0,5,5,5,10,1,5,2,1,5,5,5,10,2,2,3,2,5,10,10,10,1,2,5,2,2,2,3,5,4,4,3,4,3,2,23,4,17,84,16,1,2,3,1,4
2022-10-03 17:51:28,2022-10-03 18:03:09,0,100,701,1,2022-10-03 18:03:10,R_1JF9O9xRy9sdeUe,anonymous,IT,1,1,3,5,5,5,10,5,1,1,2,2,5,5,5,10,1,1,1,3,5,10,10,10,2,1,1,1,2,1,1,5,1,3,2,1,3,1,67,6,13,84,16,1,2,4,1,3
2022-10-03 18:04:38,2022-10-03 18:17:42,0,100,783,1,2022-10-03 18:17:42,R_2v6yOiCEbwlpFQL,anonymous,IT,0.8999999761581421,1,3,0,0,0,0,4,5,1,5,1,0,0,0,0,3,2,1,2,10,10,10,10,1,1,2,5,3,2,1,4,1,3,1,2,5,2,56,2,11,84,16,1,1,2,3,4
2022-10-03 12:18:54,2022-10-03 18:30:03,0,100,22269,1,2022-10-03 18:30:04,R_r2rnoMZHyxxOrvP,anonymous,IT,1,1,1,5,5,5,5,5,1,1,1,2,5,5,5,5,1,1,1,2,5,10,10,10,2,1,1,1,1,1,1,5,1,3,3,4,4,1,59,3,8,84,16,1,3,1,4,2
2022-09-26 18:29:15,2022-09-26 18:29:58,0,11,43,0,2022-10-03 18:30:04,R_2dg3tghjxM34LPE,anonymous,IT,1,1,,,,,,,,,,,,,,,,,,2,,,,,,,,,,,,,,,,,,,,,,,,,2,3,1,4
2022-10-03 18:55:26,2022-10-03 19:03:24,0,100,477,1,2022-10-03 19:03:24,R_2s1Fi3VEF1nDgL3,anonymous,IT,0.8999999761581421,1,3,5,15,10,20,10,2,4,5,1,5,15,10,20,3,2,1,3,10,15,10,20,2,4,2,4,3,2,1,4,1,3,3,1,5,2,29,1,18,84,16,1,2,3,4,1
2022-10-03 18:52:04,2022-10-03 19:03:41,0,100,697,1,2022-10-03 19:03:43,R_3ewdzES3AObZka8,anonymous,IT,1,1,1,2.5,5,5,10,10,1,3,3,2,5,10,10,20,1,1,2,2,5,10,10,20,2,3,3,3,2,1,3,2,1,3,3,4,4,1,25,2,17,84,16,1,3,1,4,2
2022-10-03 18:53:48,2022-10-03 19:05:50,0,100,722,1,2022-10-03 19:05:50,R_1Cfhxe43AGIJbew,anonymous,IT,1,1,1,10,20,30,40,0,1,5,1,2,10,20,20,30,1,1,2,1,15,20,30,40,2,1,5,1,1,1,2,0,1,3,2,4,4,1,33,3,14,84,16,1,2,4,1,3
2022-10-03 19:29:52,2022-10-03 19:30:18,0,100,25,1,2022-10-03 19:30:18,R_2QFkVOmLzDYUkmq,anonymous,IT,0.8999999761581421,2,,,,,,,,,,,,,,,,,,,,,,,,,,,,,,,,,,,,,,,,,,,,,,
2022-10-03 19:30:31,2022-10-03 19:30:51,8,100,20,1,2022-10-03 19:30:52,R_3EKKHkZpJbNYIrr,anonymous,IT,0.8999999761581421,2,,,,,,,,,,,,,,,,,,,,,,,,,,,,,,,,,,,,,,,,,,,,,,
2022-09-26 19:40:33,2022-09-26 19:46:33,0,58,359,0,2022-10-03 19:46:37,R_5cOnXF0Io3gls8F,anonymous,IT,0.8999999761581421,1,3,10,15,10,15,1,,,,,10,15,10,15,3,2,2,2,10,15,10,15,1,5,3,3,2,2,2,1,,,,,,,,,,,,,4,2,1,3
2022-10-03 19:47:27,2022-10-03 19:54:37,0,100,430,1,2022-10-03 19:54:38,R_2dQgDyVPLMAyGXU,anonymous,IT,0.8999999761581421,1,3,0,10,0,20,10,1,3,3,1,0,10,0,20,3,1,1,1,0,10,0,20,2,3,3,3,2,1,3,5,1,4,3,4,4,1,29,3,15,84,16,1,2,3,4,1
2022-09-26 20:03:14,2022-09-26 20:04:05,0,11,50,0,2022-10-03 20:04:06,R_PGkt1QtbVJcmrg5,anonymous,IT,0.8999999761581421,1,3,,,,,,,,,,,,,,,,,,,,,,,,,,,,,,,,,,,,,,,,,,1,2,3,4
2022-10-03 19:56:36,2022-10-03 20:08:45,0,100,728,1,2022-10-03 20:08:45,R_PC1jQWAFI5ZwzCh,anonymous,IT,1,1,1,0,10,5,20,3,1,5,4,1,5,10,10,20,1,1,2,2,10,20,10,20,2,5,1,5,2,1,2,1.5,1,3,2,1,4,2,23,7,18,84,16,1,1,4,2,3
2022-09-26 20:06:32,2022-09-26 20:09:07,0,19,155,0,2022-10-03 20:09:09,R_3LbC0d7kyy0Rfn3,anonymous,IT,0.8999999761581421,1,,,,,,,,,,,,,,,,,,,,,,,,,,,1,2,3,3,,,,,,,,,,,,,3,2,4,1
2022-10-03 19:53:55,2022-10-03 20:11:03,0,100,1027,1,2022-10-03 20:11:04,R_1rph7HUk1HXW2e3,anonymous,IT,1,1,1,5,5,5,10,5,5,5,5,1,5,5,5,10,1,2,1,2,5,5,5,10,1,5,5,5,2,1,1,5,4,4,3,4,3,2,54,7,11,84,16,1,3,1,4,2
2022-09-26 20:05:57,2022-09-26 20:15:00,0,36,543,0,2022-10-03 20:15:07,R_2VKLURWa5VvzdSF,anonymous,IT,1,1,1,,,,,,,,,,5,5,10,10,1,2,2,,,,,,,,,,3,2,2,2.50,,,,,,,,,,,,,3,2,4,1
2022-09-26 20:05:05,2022-09-26 20:20:00,0,33,894,0,2022-10-03 20:20:01,R_ThpsB5uDieEgYSZ,anonymous,IT,0.8999999761581421,1,,,,,,,,,,,,,,,,,,3,10,15,10,15,2,3,3,3,1,2,2,4,,,,,,,,,,,,,4,3,1,2
2022-09-26 20:07:22,2022-09-26 20:36:42,0,53,1759,0,2022-10-03 20:36:48,R_1llZuDaQH5K10nx,anonymous,IT,1,1,3,5,5,10,10,2,4,2,2,1,5,5,10,10,3,1,1,3,5,5,5,5,1,4,3,2,,,,,,,,,,,,,,,,,1,2,3,4
2022-10-03 20:17:44,2022-10-03 20:39:19,0,100,1294,1,2022-10-03 20:39:19,R_2rw5KKRNxvCpA0m,anonymous,IT,0.8999999761581421,1,3,5,5,10,10,5,1,5,4,1,5,6,10,12,1,1,2,3,5,10,10,10,1,3,3,3,3,1,1,3,1,3,2,3,3,2,50,3,18,84,16,1,3,1,4,2
2022-09-26 20:20:42,2022-09-26 20:51:30,0,58,1847,0,2022-10-03 20:51:35,R_1GQ9nGguTSmeWnw,anonymous,IT,0.8999999761581421,1,1,5,5,5,10,5,,,,,1,5,5,10,1,1,3,2,5,15,10,117,1,2,4,1,2,2,3,3,,,,,,,,,,,,,4,1,2,3
2022-09-26 20:51:20,2022-09-26 20:52:04,0,11,44,0,2022-10-03 20:52:09,R_ctGskxJJGKxtqMh,anonymous,IT,0.8999999761581421,1,,,,,,,,,,,,,,,,,,2,,,,,,,,,,,,,,,,,,,,,,,,,2,3,1,4
2022-10-03 20:48:07,2022-10-03 21:05:52,0,100,1064,1,2022-10-03 21:05:54,R_XCgzEe9q6YJikkp,anonymous,IT,1,1,3,0,0,0,5,7,1,5,5,2,5,5,10,10,1,1,1,2,5,10,10,10,2,4,5,1,2,1,1,3,1,3,3,4,5,1,33,2,19,84,16,1,1,3,4,2
2022-09-26 21:04:18,2022-09-26 21:14:54,0,53,635,0,2022-10-03 21:14:59,R_AGuJ29zKPlNCHEB,anonymous,IT,1,1,3,5,5,5,5,10,1,5,1,2,5,5,5,5,1,1,2,3,,,,,,,,,3,1,2,10,,,,,,,,,,,,,2,1,4,3
2022-10-03 21:09:56,2022-10-03 21:27:56,0,100,1079,1,2022-10-03 21:27:56,R_3CB3h9hSn0VxWT8,anonymous,IT,1,1,3,5,5,10,10,5,1,5,5,2,5,5,10,10,3,1,2,3,5,5,10,10,2,5,1,1,3,1,2,5,1,3,2,4,2,2,55,2,9,84,16,1,3,4,2,1
2022-10-03 21:20:34,2022-10-03 21:29:58,0,100,563,1,2022-10-03 21:29:58,R_1rH7leuDKv9UvUP,anonymous,IT,0.699999988079071,1,1,0,5,0,10,3,1,5,4,1,5,10,10,20,1,1,3,2,5,10,10,20,1,2,4,4,2,1,3,3,1,3,2,1,5,1,32,3,16,84,16,1,4,3,2,1
2022-10-03 21:45:40,2022-10-03 21:58:29,0,100,769,1,2022-10-03 21:58:30,R_3MbYpLxRJI3VnYv,anonymous,IT,1,1,1,0,5,0,10,10,2,4,4,1,5,10,10,15,1,2,1,2,10,10,10,15,2,5,1,3,2,2,3,5,1,3,2,1,3,1,31,1,21,84,16,1,2,1,3,4
2022-09-26 22:01:45,2022-09-26 22:02:57,0,11,72,0,2022-10-03 22:03:02,R_dpaDPqBUwhgUusx,anonymous,IT,1,1,,,,,,,,,,,,,,,,,,,,,,,,,,,3,,,,,,,,,,,,,,,,4,3,2,1
2022-10-03 21:48:54,2022-10-03 22:08:07,0,100,1152,1,2022-10-03 22:08:07,R_1gcCrndkBBgdaqf,anonymous,IT,1,1,3,0,5.00,0,10,10,1,5,4,1,5,20,5,20,3,1,3,1,10,15,10,15,2,2,4,1,2,1,3,5.00,1,3,2,4,4,1,57,6,25,84,16,1,3,1,4,2
2022-10-03 22:08:09,2022-10-03 22:19:04,0,100,655,1,2022-10-03 22:19:04,R_5oFQZc3fnWKXIZ3,anonymous,IT,1,1,3,5,10,10,15,5,1,5,3,1,5,10,10,15,1,2,2,3,10,15,10,15,1,3,3,3,3,2,2,5,1,3,2,4,4,2,30,2,23,84,16,1,2,4,1,3
2022-10-03 22:14:02,2022-10-03 22:31:12,0,100,1029,1,2022-10-03 22:31:12,R_3iWFEq7QKZHbiIf,anonymous,IT,1,1,3,0,5,0,10,5,2,4,3,2,0,5,0,10,1,1,2,2,0,10,0,10,2,3,4,2,2,1,3,3,4,4,3,4,4,2,27,3,18,84,16,1,2,3,1,4
2022-09-26 23:14:28,2022-09-26 23:18:27,0,8,238,0,2022-10-03 23:18:28,R_24cT7PcB2OtLwbv,anonymous,IT,1,1,,,,,,,,,,,,,,,,,,,,,,,,,,,,,,,,,,,,,,,,,,,4,1,2,3
2022-09-26 23:47:01,2022-09-26 23:48:04,0,11,62,0,2022-10-03 23:48:04,R_2S7H4w8W2LjXwxJ,anonymous,IT,0.8999999761581421,1,,,,,,,,,,,,,,,,,,3,,,,,,,,,,,,,,,,,,,,,,,,,4,3,1,2
2022-09-26 23:48:16,2022-09-26 23:49:57,0,19,100,0,2022-10-03 23:49:59,R_A4odqAT3tObDtS1,anonymous,EN,1,1,3,0,10,0,15,5,,,,,,,,,,,,,,,,,,,,,,,,,,,,,,,,,,,,,1,3,2,4
2022-09-27 00:25:54,2022-09-27 00:50:29,0,78,1475,0,2022-10-04 00:50:33,R_1cUEWRlQwZAx2yO,anonymous,IT,1,1,2,0,4,0,8,5,1,3,5,1,0,5,0,10,1,1,3,2,5,10,0,10,1,5,1,3,2,1,3,3,4,4,3,4,,,,,,,,,1,3,4,2
2022-09-27 01:47:45,2022-09-27 01:48:24,0,11,38,0,2022-10-04 01:48:26,R_11d22SyNnnnEn1m,anonymous,IT,1,1,,,,,,,,,,,,,,,,,,2,,,,,,,,,,,,,,,,,,,,,,,,,2,4,1,3
2022-09-27 07:21:54,2022-09-27 07:29:00,0,50,426,0,2022-10-04 07:29:05,R_2CE2idxwppaZuEe,anonymous,IT,1,1,3,0,5,0,10,8,2,3,2,1,5,5,10,10,1,1,2,1,5,5,10,10,1,,,,,,,,,,,,,,,,,,,,1,2,3,4
2022-09-27 10:37:59,2022-09-27 10:44:42,0,67,403,0,2022-10-04 10:44:44,R_1QmU2w5VkhpSZsP,anonymous,IT,0.8999999761581421,1,2,0,5,0,10,5,1,5,1,2,5,5,10,10,2,2,1,2,0,5,0,10,1,3,4,2,2,2,1,5,,,,,,,,,,,,,3,4,1,2
2022-09-27 12:39:23,2022-09-27 12:52:36,0,56,792,0,2022-10-04 12:52:41,R_2YwYMw4jfvOFki9,anonymous,IT,1,1,3,0,5,0,10,10,2,4,3,1,5,5,10,10,1,1,3,2,5,5,5,10,1,5,1,3,1,,,,,,,,,,,,,,,,2,1,3,4
2022-10-04 14:37:40,2022-10-04 14:54:23,0,100,1003,1,2022-10-04 14:54:24,R_p6LAcbyevSpnp17,anonymous,IT,1,1,1,0,3,2,10,3,1,5,5,1,5,7,3,13,2,2,3,1,5,10,10,15,1,4,2,2,2,2,3,1,1,3,2,3,4,1,24,5,18,84,16,1,3,2,4,1
2022-09-27 15:04:27,2022-09-27 15:17:04,0,58,757,0,2022-10-04 15:17:12,R_3dTf4KKBWCx0DSu,anonymous,IT,1,1,1,0,5,0,10,5,1,5,1,1,0,5,0,10,1,2,3,2,0,5,0,10,,,,,2,2,3,3,,,,,,,,,,,,,1,2,4,3
2022-09-27 15:18:50,2022-09-27 15:21:22,0,19,152,0,2022-10-04 15:21:22,R_3Kuvz7KVIKbb3Ex,anonymous,IT,1,1,,,,,,,,,,,,,,,,,,1,10,15,10,20,1,,,,,,,,,,,,,,,,,,,,4,2,1,3
2022-09-27 15:19:57,2022-09-27 15:21:25,8,3,87,0,2022-10-04 15:21:26,R_2eVlaeCu0cNzNne,anonymous,IT,,1,,,,,,,,,,,,,,,,,,,,,,,,,,,,,,,,,,,,,,,,,,,,,,
2022-09-27 15:24:23,2022-09-27 15:36:01,0,58,697,0,2022-10-04 15:36:05,R_pH8lDO2QH0lAIwx,anonymous,IT,1,1,3,5,5,5,5,3,,,,,10,10,10,10,3,1,1,3,10,10,10,10,1,3,4,1,3,2,1,3,,,,,,,,,,,,,4,3,2,1
2022-09-27 15:58:11,2022-09-27 15:59:04,0,8,53,0,2022-10-04 15:59:06,R_10wotsEWz6691HB,anonymous,IT,1,1,,,,,,,,,,,,,,,,,,,,,,,,,,,,,,,,,,,,,,,,,,,1,3,4,2
2022-09-27 16:01:46,2022-09-27 16:03:13,0,19,87,0,2022-10-04 16:03:17,R_XMJmU9kTETM6mYN,anonymous,IT,1,1,,,,,,,,,,,5,10,10,15,1,2,,,,,,,,,,,,,,,,,,,,,,,,,,,3,1,2,4
2022-09-27 15:51:01,2022-09-27 16:03:23,0,47,742,0,2022-10-04 16:03:26,R_31LCI1w5lnJZ8KH,anonymous,IT,,1,1,0,10,0,15,8,1,4,3,1,0,10,0,15,1,2,,,,,,,,,,,2,2,3,5,,,,,,,,,,,,,2,3,4,1
2022-09-27 16:06:19,2022-09-27 16:06:43,0,3,24,0,2022-10-04 16:06:46,R_3HiFd5EuU6vWnNh,anonymous,IT,1,1,,,,,,,,,,,,,,,,,,,,,,,,,,,,,,,,,,,,,,,,,,,,,,
2022-09-27 16:21:29,2022-09-27 16:22:11,0,8,41,0,2022-10-04 16:22:15,R_2P7lI9sFIPCBXPS,anonymous,IT,1,1,,,,,,,,,,,,,,,,,,,,,,,,,,,,,,,,,,,,,,,,,,,4,1,3,2
2022-09-27 17:22:14,2022-09-27 17:23:51,0,17,97,0,2022-10-04 17:23:56,R_2SCgRmoy2o5lLpR,anonymous,IT,1,1,,,,,,,,,,,,,,,,,,,,,,,,,,,2,2,3,,,,,,,,,,,,,,3,4,2,1
2022-09-27 17:43:16,2022-09-27 17:45:57,0,17,160,0,2022-10-04 17:46:01,R_3Eohe8ty1QXHg6p,anonymous,IT,1,1,,,,,,,,,,,,,,,,,,2,0,5,0,10,,,,,,,,,,,,,,,,,,,,,4,2,1,3
2022-10-04 18:19:07,2022-10-04 18:30:54,0,100,707,1,2022-10-04 18:30:54,R_20SZZVrePCOkNWh,anonymous,IT,1,1,1,5,5,8,10,3,1,5,5,2,5,7,8,12,1,2,2,2,8,12,10,15,2,1,5,5,1,2,3,3,1,4,3,4,4,2,26,7,19,84,16,1,4,3,2,1
2022-10-04 19:29:19,2022-10-04 19:47:48,0,100,1108,1,2022-10-04 19:47:48,R_2XoNfwEoFqCFQcl,anonymous,IT,1,1,3,5,5,10,10,5,1,1,2,2,5,5,10,10,1,1,1,3,5,5,10,10,2,1,5,1,2,1,1,5,1,2,3,4,2,2,45,3,13,84,16,1,1,3,4,2
2022-09-27 20:02:57,2022-09-27 20:14:41,0,47,704,0,2022-10-04 20:14:43,R_UWrbEGukNs5IF0J,anonymous,IT,1,1,2,0,10,5,20,15,,,,,0,10,5,15,1,1,2,2,5,10,10,20,1,3,2,3,,,,,,,,,,,,,,,,,3,1,2,4
2022-09-27 20:10:34,2022-09-27 20:16:09,0,44,334,0,2022-10-04 20:16:10,R_3ER3HTktCQU554h,anonymous,IT,1,1,1,0,5,0,10,10,1,5,3,1,0,5,0,10,1,,,,,,,,,,,,2,1,2,2,,,,,,,,,,,,,2,3,4,1
2022-10-04 20:41:50,2022-10-04 20:54:51,0,100,780,1,2022-10-04 20:54:51,R_2cjzF096KnlUfcd,anonymous,IT,1,1,3,5,5,10,10,10,1,3,3,2,10,10,10,10,2,2,1,1,10,10,10,10,2,1,3,3,2,1,1,5,1,4,3,1,4,1,42,2,13,84,16,1,2,4,3,1
2022-10-04 20:56:04,2022-10-04 21:36:14,0,100,2409,1,2022-10-04 21:36:14,R_3ixtRqRJay3D26s,anonymous,IT,1,1,2,0.00,0.00,0.00,0.00,10.00,3,3,3,2,5.00,5.00,10.00,10.00,2,1,2,1,10.00,10.00,10.00,10.00,2,5,1,1,2,2,1,10.00,1,3,2,4,4,1,68,5,18,84,16,1,2,4,1,3
2022-10-04 21:32:05,2022-10-04 21:49:52,0,100,1067,1,2022-10-04 21:49:52,R_1r38i1adPUneMbh,anonymous,IT,1,1,1,0,5,0,10,2,1,5,5,1,5,5,10,10,1,1,2,3,10,10,10,10,1,1,5,5,2,2,1,2,3,3,2,4,5,2,38,6,22,84,16,1,4,1,2,3
2022-10-04 22:26:28,2022-10-04 22:40:31,0,100,842,1,2022-10-04 22:40:32,R_2WARbNDoLiUvTn3,anonymous,IT,0.8999999761581421,1,2,5,10,10,15,8,2,4,4,1,5,10,10,15,1,1,2,2,10,15,10,15,2,2,4,4,2,1,3,5,1,3,2,4,4,1,25,1,18,84,16,1,1,3,2,4
2022-10-04 22:34:23,2022-10-04 22:46:23,0,100,720,1,2022-10-04 22:46:24,R_2OTh7NCPcLxgAHC,anonymous,IT,1,1,1,5,10,10,15,2,1,5,3,1,8,10,15,20,1,1,2,2,12,15,15,20,1,1,5,3,2,1,2,2,1,2,3,4,4,2,24,1,20,84,16,1,4,2,1,3
2022-10-04 22:37:34,2022-10-04 22:54:54,0,100,1039,1,2022-10-04 22:54:54,R_2rClJAxubdOAs1L,anonymous,IT,1,1,3,5,5,10,10,5,1,2,2,2,5,5,5,10,3,1,2,2,5,10,10,10,2,1,2,2,2,1,2,5,1,3,2,4,4,2,63,5,17,84,16,1,1,4,2,3
2022-10-04 22:36:41,2022-10-04 22:55:12,0,100,1110,1,2022-10-04 22:55:12,R_1QgOLI2DFyF8z7g,anonymous,IT,1,1,2,0,5,0,10,10,1,5,1,1,0,5,0,10,2,2,2,2,10,10,10,10,1,5,1,5,2,2,2,5,1,3,2,3,4,1,37,6,18,84,16,1,1,3,2,4
2022-10-04 23:03:32,2022-10-04 23:23:36,0,100,1204,1,2022-10-04 23:23:36,R_1Csx9ALd8MfUeXu,anonymous,IT,1,1,2,0,5,0,10,10,1,5,5,1,5,5,5,10,1,2,2,1,5,10,10,10,2,4,2,3,1,2,3,5,1,3,2,1,4,4,31,7,18,84,16,1,2,3,1,4
2022-10-04 23:55:29,2022-10-05 00:06:26,0,100,657,1,2022-10-05 00:06:28,R_25KI7ysX46sQ9AF,anonymous,IT,0.8999999761581421,1,1,0,5,0,10,15,2,4,4,2,0,5,0,10,1,1,3,2,10,10,10,10,2,5,3,3,2,1,3,15,1,3,2,4,3,1,26,3,13,84,16,1,1,2,3,4
2022-09-28 10:39:15,2022-09-28 10:47:36,0,61,501,0,2022-10-05 10:47:41,R_1dlZ1bz4pdrg0eZ,anonymous,IT,0.8999999761581421,1,3,0,0,0,0,2,4,5,2,,5,5,5,5,3,2,1,2,5,10,10,10,1,4,3,2,2,2,1,2,,,,,,,,,,,,,4,2,3,1
2022-09-28 12:04:12,2022-09-28 12:05:02,0,11,50,0,2022-10-05 12:18:12,R_sSVyOnevRJdqrgl,anonymous,IT,1,1,,,,,,,,,,,,,,,,,,1,,,,,,,,,,,,,,,,,,,,,,,,,3,4,1,2
2022-10-05 12:12:33,2022-10-05 14:45:44,0,100,9190,1,2022-10-05 14:45:44,R_1GNvVeU9GF3sqkh,anonymous,IT,1,1,3,0,5,0,10,5,2,4,4,1,5,10,5,10,3,1,2,2,5,10,10,15,2,3,3,3,2,1,3,5,4,4,3,4,4,2,22,2,13,84,16,1,1,2,4,3
2022-10-05 18:10:35,2022-10-05 18:13:04,0,100,148,1,2022-10-05 18:13:04,R_2DSm4hhvy4IMtoq,anonymous,IT,1,1,3,899,20,22,988,8982,5,5,5,2,5,2,5,3,2,2,2,3,290,890,272,1800,2,5,5,3,2,2,2,2838,2,4,3,4,4,3,25,6,9,84,10,2,2,3,1,4
2022-10-05 19:40:02,2022-10-05 19:52:48,0,100,766,1,2022-10-05 19:52:49,R_3JIOthKY32hrXz0,anonymous,IT,1,1,1,5,10,10,15,5,3,3,3,2,5,10,10,15,1,2,3,2,5,10,10,15,2,3,3,3,1,2,3,2,1,3,2,1,2,2,29,4,13,84,16,1,4,3,1,2
2022-10-05 17:08:54,2022-10-05 21:23:55,0,100,15300,1,2022-10-05 21:23:55,R_aagmVL7eumZ5dbX,anonymous,IT,1,1,3,0,5,0,10,5,1,5,1,1,0,5,0,10,1,1,3,2,0,10,0,10,2,1,5,1,2,1,3,5,1,3,2,1,5,2,46,1,14,84,16,1,2,1,4,3
2022-10-05 21:14:11,2022-10-05 21:26:00,0,100,708,1,2022-10-05 21:26:00,R_3COfqlseSfoEvGY,anonymous,IT,0.8999999761581421,1,3,0,5,3,10,1.5,1,5,2,1,0,5,3,10,3,2,1,2,0,5,3,10,2,5,1,3,2,2,3,1.50,3,3,2,4,5,2,24,1,17,84,16,1,1,2,3,4
2022-10-05 22:36:29,2022-10-05 22:46:38,0,100,609,1,2022-10-05 23:02:00,R_wKKH07pPUBz7qtX,anonymous,IT,0.8999999761581421,1,2,5,5,10,10,5,1,1,3,2,5,5,10,10,2,1,2,1,5,5,10,10,2,1,2,2,2,1,1,5,1,1,2,3,2,1,72,6,13,84,16,1,4,2,1,3
2022-10-06 06:59:50,2022-10-06 07:16:30,0,100,999,1,2022-10-06 07:16:31,R_2e5yQQFPRVdBpa6,anonymous,IT,1,1,1,5,5,10,10,2,5,2,2,1,5,5,10,10,2,2,2,2,10,10,10,10,2,4,2,4,2,2,2,2,1,4,2,4,5,2,67,4,17,84,16,1,1,3,4,2
2022-10-06 09:50:59,2022-10-06 09:59:36,0,100,516,1,2022-10-06 09:59:37,R_1ocC6pyJSuAjDkl,anonymous,IT,1,1,3,0,5,0,10,15,4,4,2,2,5,5,10,10,1,1,2,2,10,10,10,10,2,4,4,2,2,1,2,5,1,4,3,4,4,2,29,2,18,84,16,1,2,1,3,4
2022-10-06 16:32:30,2022-10-06 16:53:17,0,100,1246,1,2022-10-06 16:53:17,R_2EyELOZ6QWspgEj,anonymous,IT,0.8999999761581421,1,3,0.00,5.00,0.00,5.00,3.00,1,5,5,1,5.00,5.00,10.00,10.00,3,1,2,3,5.00,5.00,10.00,10.00,1,1,5,5,3,2,2,3.00,4,4,2,4,3,2,64,7,15,84,16,1,1,4,3,2
2022-09-29 18:19:30,2022-09-29 18:24:34,0,61,304,0,2022-10-06 18:24:41,R_ezGzsMDOKKwy3MB,anonymous,IT,1,1,3,5,5,10,10,5,3,1,4,1,5,5,10,10,3,1,,3,5,5,10,10,1,3,1,4,3,1,1,5,,,,,,,,,,,,,2,4,3,1
2022-10-06 19:20:53,2022-10-06 19:37:00,0,100,967,1,2022-10-06 19:37:00,R_BEsH1ZJPUTeQmlP,anonymous,IT,0.8999999761581421,1,2,0,5,0,10,3,1,5,3,2,5,10,10,15,3,1,2,1,10,20,10,20,1,5,3,2,2,1,2,2,1,3,2,1,4,1,22,6,21,84,16,1,4,3,1,2
2022-10-07 09:51:28,2022-10-07 10:59:18,0,100,4070,1,2022-10-07 10:59:18,R_323lBGVD16YW9EV,anonymous,IT,0.8999999761581421,1,2,0,5,0,10,6,2,4,4,1,5,5,10,10,2,2,2,1,5,5,10,10,2,4,2,4,2,2,1,6,1,3,3,4,4,2,23,2,17,84,16,1,3,1,2,4
2022-09-30 12:52:54,2022-09-30 13:01:29,0,22,514,0,2022-10-07 13:01:33,R_XgM7ukuac1Wauwp,anonymous,IT,1,1,2,,,,,,,,,,,,,,,,,,,,,,,,,,2,2,3,3.00,,,,,,,,,,,,,2,3,4,1
2022-09-30 14:12:00,2022-09-30 14:14:33,0,22,152,0,2022-10-07 14:14:34,R_2Qm1I6gMjskhl84,anonymous,IT,1,1,1,,,,,,,,,,,,,,,,,,,,,,,,,,2,2,2,5,,,,,,,,,,,,,2,3,4,1
2022-10-07 17:01:48,2022-10-07 17:16:44,0,100,896,1,2022-10-07 17:16:44,R_PzKbM5JWYu6DICR,anonymous,IT,1,1,1,0,5,0,10,4,1,4,4,2,5,5,5,10,1,1,3,2,5,10,10,10,2,3,2,1,2,1,3,3,4,4,3,4,5,2,22,4,16,84,16,1,4,2,1,3
2022-10-07 22:57:08,2022-10-07 23:15:19,0,100,1090,1,2022-10-07 23:15:20,R_3n330HMlFlgYJ4X,anonymous,IT,1,1,1,5,51,10,10,10,3,3,3,2,5,5,10,10,1,2,1,2,10,10,10,10,2,3,3,3,2,2,1,3,2,2,2,1,4,2,67,3,14,84,16,1,3,1,2,4
2022-10-01 07:00:52,2022-10-01 07:03:47,0,33,175,0,2022-10-08 07:03:50,R_3CARQbNdE39uqA5,anonymous,IT,1,1,,,,,,,,,,,0,5,0,10,3,1,2,,,,,,,,,,2,1,2,10,,,,,,,,,,,,,3,1,4,2
2022-10-01 15:25:55,2022-10-01 15:39:24,0,81,808,0,2022-10-08 15:39:26,R_2B4BpJ5HDtLudJ1,anonymous,IT,1,1,2,5,5,10,10,5,1,5,3,2,5,5,5,10,1,1,3,2,10,10,10,10,2,3,2,2,2,1,3,2,1,3,3,4,3,,,,,,,,1,3,4,2
2022-10-09 01:43:07,2022-10-09 01:52:01,0,100,533,1,2022-10-09 01:52:02,R_3iEk9aFnujyV89H,anonymous,IT,1,1,1,5,10,10,20,4,1,5,5,2,5,10,10,20,1,2,2,2,10,20,10,20,2,3,3,1,2,2,2,2,1,3,2,4,4,1,25,3,18,84,16,1,1,4,2,3
2022-10-02 12:13:06,2022-10-02 12:25:15,0,50,728,0,2022-10-09 12:25:20,R_1Frn0g6CeuFTFDK,anonymous,IT,1,1,2,,,,,,,,,,5,10,5,10,1,1,3,3,5,10,10,10,1,5,1,5,2,1,3,5,,,,,,,,,,,,,4,3,2,1
2022-10-02 13:04:27,2022-10-02 13:05:17,0,11,50,0,2022-10-09 13:05:20,R_2wNYlTuzbg3SB7g,anonymous,IT,1,1,3,,,,,,,,,,,,,,,,,,,,,,,,,,,,,,,,,,,,,,,,,,1,2,4,3
2022-10-02 13:25:04,2022-10-02 13:39:54,0,67,889,0,2022-10-09 13:39:56,R_Z7EXBHoPHGIHgZj,anonymous,IT,1,1,1,0,10,0,20,2.5,1,5,5,2,5,10,5,20,1,1,3,2,10,15,10,20,2,1,5,5,2,1,3,2,,,,,,,,,,,,,4,3,2,1
2022-10-02 13:01:36,2022-10-02 19:11:26,0,61,22189,0,2022-10-09 19:11:33,R_3EG3aLIyWhmkcR1,anonymous,IT,1,1,1,0,5,0,10,20,3,5,3,1,0,6,0,11,1,2,2,2,0,11,0,11,1,5,1,2,1,2,2,,,,,,,,,,,,,,2,1,3,4
2022-10-02 19:51:16,2022-10-02 19:52:54,0,17,97,0,2022-10-09 19:52:58,R_2VNHNjvPZnFCL1u,anonymous,IT,0.8999999761581421,1,1,5,5,10,10,,,,,,,,,,,,,,,,,,,,,,,,,,,,,,,,,,,,,,1,3,4,2
2022-10-02 20:20:26,2022-10-02 20:32:17,0,8,711,0,2022-10-09 20:32:19,R_2zMkEDWglVAqST1,anonymous,IT,1,1,,,,,,,,,,,,,,,,,,,,,,,,,,,,,,,,,,,,,,,,,,,2,1,3,4
2022-10-02 21:12:17,2022-10-02 21:13:23,0,3,66,0,2022-10-09 21:13:29,R_3qg0aIz9m0c3bd3,anonymous,IT,1,1,,,,,,,,,,,,,,,,,,,,,,,,,,,,,,,,,,,,,,,,,,,,,,
2022-10-02 21:12:42,2022-10-02 21:13:51,0,11,68,0,2022-10-09 21:13:56,R_eQ0y4uDp1pzb1Fn,anonymous,IT,1,1,,,,,,,,,,,,,,,,,,1,,,,,,,,,,,,,,,,,,,,,,,,,3,2,1,4
2022-10-02 21:12:46,2022-10-02 21:17:17,0,19,271,0,2022-10-09 21:17:19,R_3NIL6pqeoIyC4Z2,anonymous,IT,0.8999999761581421,1,,,,,,,,,,,,,,,,,,,,,,,,,,,3,2,1,2.50,,,,,,,,,,,,,2,3,4,1
2022-10-02 21:08:51,2022-10-02 21:20:13,0,25,681,0,2022-10-09 21:20:16,R_eUUyDlpwPkXPKyR,anonymous,IT,1,1,3,5,6,10,12,5,1,1,1,2,,,,,,,,,,,,,,,,,,,,,,,,,,,,,,,,,1,2,4,3
2022-10-02 21:38:35,2022-10-02 21:44:00,0,58,325,0,2022-10-09 21:44:02,R_8D45N8rCCkssYYF,anonymous,IT,1,1,3,0,2,10,15,2,,,,,0,2,10,15,1,2,1,3,0,2,10,16,1,3,3,3,2,2,1,2,,,,,,,,,,,,,4,1,3,2
2022-10-02 21:43:16,2022-10-02 21:44:48,0,3,91,0,2022-10-09 21:44:56,R_uvM7yQ1gpjAuTTz,anonymous,IT,1,1,,,,,,,,,,,,,,,,,,,,,,,,,,,,,,,,,,,,,,,,,,,,,,
2022-10-02 21:42:38,2022-10-02 21:47:49,0,44,310,0,2022-10-09 21:47:51,R_uajjAyS443csyPv,anonymous,IT,0.8999999761581421,1,1,5,10,10,20,10,1,4,3,2,5,10,10,20,1,1,2,,,,,,,,,,2,1,,,,,,,,,,,,,,,2,1,4,3
2022-10-02 21:45:44,2022-10-02 21:53:06,0,61,441,0,2022-10-09 21:53:11,R_1cZ0qrcA0zxzX0D,anonymous,IT,1,1,1,5,5,5,5,5,1,3,5,,0,0,0,0,1,1,1,2,10,10,10,10,1,1,4,3,2,1,1,5,,,,,,,,,,,,,4,1,3,2
2022-10-02 21:51:56,2022-10-02 21:57:14,0,61,318,0,2022-10-09 21:57:22,R_1gLNlWyRnwjnf5K,anonymous,IT,1,1,1,0,5,0,5,5,5,1,1,2,5,5,5,5,1,2,,2,5,5,5,5,2,5,5,5,2,2,1,5,,,,,,,,,,,,,3,4,1,2
2022-10-02 22:06:47,2022-10-02 22:07:37,0,3,50,0,2022-10-09 22:07:41,R_1Ntss2bL3NgPrBb,anonymous,IT,1,1,,,,,,,,,,,,,,,,,,,,,,,,,,,,,,,,,,,,,,,,,,,,,,
2022-10-02 22:10:43,2022-10-02 22:15:09,0,36,266,0,2022-10-09 22:15:17,R_1N4zDKVf9yNmCNb,anonymous,IT,1,1,2,,,,,,,,,,5,5,10,10,1,2,3,,,,,,,,,,2,2,3,3,,,,,,,,,,,,,3,2,4,1
2022-10-02 22:34:30,2022-10-02 22:47:27,0,50,777,0,2022-10-09 22:47:29,R_3ewr1MuurEX44pk,anonymous,IT,1,1,1,5,15,10,30,5,2,4,1,2,,,,,,,,2,10,15,10,20,2,2,4,2,2,2,1,5,,,,,,,,,,,,,1,4,3,2
2022-10-09 23:09:09,2022-10-09 23:25:34,0,100,985,1,2022-10-09 23:25:36,R_3Jq259IZblEemJ7,anonymous,IT,0.8999999761581421,1,3,5,5,10,10,10,1,5,3,1,5,5,10,10,1,1,3,2,5,10,10,10,2,1,5,3,2,1,3,10,1,3,2,3,4,1,35,5,18,84,16,1,2,1,4,3
2022-10-03 07:55:29,2022-10-03 09:32:34,0,36,5824,0,2022-10-10 09:32:36,R_2zCijzkUR9bstI2,anonymous,IT,0.8999999761581421,1,1,5,6,10,11,10,3,2,5,2,,,,,,,,1,10,10,10,10,2,,,,,,,,,,,,,,,,,,,,1,3,2,4
2022-10-03 10:21:33,2022-10-03 10:55:02,0,97,2008,0,2022-10-10 10:55:08,R_2ffEbUR04lgyzqf,anonymous,IT,0.8999999761581421,1,1,0,5,0,10,10,2,4,4,2,5,5,10,10,1,1,2,3,10,10,10,10,2,4,5,4,1,1,1,5,1,3,2,1,5,1,34,6,15,84,16,,3,2,1,4
2022-10-03 11:00:48,2022-10-03 11:08:06,0,58,437,0,2022-10-10 11:08:08,R_33CnCv2TJYncEn8,anonymous,IT,1,1,1,5,10,10,20,15,1,5,5,2,5,10,10,20,1,1,3,2,10,10,10,10,2,5,1,2,2,1,,,,,,,,,,,,,,,1,2,3,4
2022-10-03 11:55:54,2022-10-03 11:57:43,0,11,109,0,2022-10-10 12:36:43,R_25tkpHvq8L42BJH,anonymous,IT,1,1,2,,,,,,,,,,,,,,,,,,,,,,,,,,,,,,,,,,,,,,,,,,1,2,3,4
2022-10-03 11:55:58,2022-10-03 12:00:58,0,42,299,0,2022-10-10 12:43:43,R_3g7nierNFplb2eP,anonymous,IT,1,1,2,5,5,10,10,3,3,2,1,1,,,,,,,,2,10,10,10,10,1,4,1,4,2,,,,,,,,,,,,,,,,1,4,2,3
2022-10-03 12:21:31,2022-10-03 12:24:54,0,28,202,0,2022-10-10 12:57:34,R_8xmk2gBZa8sbWG5,anonymous,IT,0.8999999761581421,1,1,0,5,0,10,10,3,4,3,2,,,,,,,,2,,,,,,,,,,,,,,,,,,,,,,,,,1,4,2,3
2022-10-03 12:22:31,2022-10-03 12:32:05,0,67,573,0,2022-10-10 12:59:25,R_z8uXhX5U1JM9lQZ,anonymous,IT,1,1,1,5,10,10,15,8,4,4,3,2,5,10,10,15,1,1,3,2,5,10,10,15,2,4,2,3,2,2,3,4,,,,,,,,,,,,,2,3,1,4
2022-10-03 12:32:47,2022-10-03 12:40:25,0,28,457,0,2022-10-10 13:04:57,R_2EhIx0oXYoXabhd,anonymous,IT,0.8999999761581421,1,3,0,0,0,0,3,1,5,5,2,,,,,,,,2,,,,,,,,,,,,,,,,,,,,,,,,,1,4,2,3
2022-10-03 13:15:04,2022-10-03 13:23:20,0,36,496,0,2022-10-10 13:28:43,R_3JjYE0BL5Drv0hm,anonymous,IT,0.8999999761581421,1,1,5,5,10,10,10,2,2,2,2,,,,,,,,,,,,,,,,,2,1,2,10,,,,,,,,,,,,,1,3,4,2
2022-10-03 13:28:51,2022-10-03 13:32:49,0,25,237,0,2022-10-10 13:38:30,R_8Cj9nJEw8csHRfz,anonymous,IT,0.8999999761581421,1,3,5,5,10,10,5,2,2,2,1,,,,,,,,,,,,,,,,,,,,,,,,,,,,,,,,,1,2,4,3
2022-10-03 13:33:28,2022-10-03 13:34:07,0,8,38,0,2022-10-10 13:39:11,R_Ap1FFKdLA0wka65,anonymous,IT,1,1,,,,,,,,,,,,,,,,,,,,,,,,,,,,,,,,,,,,,,,,,,,2,4,1,3
2022-10-03 13:42:52,2022-10-03 13:48:32,0,31,340,0,2022-10-10 13:48:39,R_2pXG9RYFpmKm9Wy,anonymous,IT,0.8999999761581421,1,,,,,,,,,,,,,,,,,,2,5.00,10.00,5.00,10.00,1,5,1,1,2,2,2,,,,,,,,,,,,,,3,4,1,2
2022-10-03 13:48:07,2022-10-03 13:50:41,0,19,153,0,2022-10-10 13:50:42,R_2ONhSMQETvsgN4O,anonymous,IT,1,1,,,,,,,,,,,5,7,10,15,3,2,,,,,,,,,,,,,,,,,,,,,,,,,,,4,1,3,2
2022-10-10 13:39:14,2022-10-10 13:53:46,0,100,872,1,2022-10-10 13:53:47,R_A6vLUzh3KtTDhvz,anonymous,IT,0.8999999761581421,1,1,0,5,0,10,10,1,5,1,2,0,5,0,10,2,1,1,2,5,10,0,10,2,1,3,3,2,1,1,10,1,3,3,4,4,2,43,4,19,84,16,1,2,1,3,4
2022-10-03 14:55:55,2022-10-03 14:56:04,0,3,8,0,2022-10-10 14:56:06,R_2xysHUoYowlhMrl,anonymous,IT,0.8999999761581421,1,,,,,,,,,,,,,,,,,,,,,,,,,,,,,,,,,,,,,,,,,,,,,,
2022-10-03 15:17:28,2022-10-03 15:19:24,0,19,116,0,2022-10-10 15:19:29,R_2QDuJMSqQUEG63R,anonymous,IT,0.8999999761581421,1,1,50,50,50,50,15,,,,,,,,,,,,,,,,,,,,,,,,,,,,,,,,,,,,,1,3,2,4
2022-10-03 15:58:26,2022-10-03 16:04:02,0,44,335,0,2022-10-10 16:04:06,R_2E5XxTLtsHFcKwJ,anonymous,IT,1,1,3,5,10,10,15,2,,,,,,,,,,,,3,5,10,5,15,1,1,5,3,3,1,2,2,,,,,,,,,,,,,3,4,1,2
2022-10-03 16:07:06,2022-10-03 16:08:02,0,14,56,0,2022-10-10 16:08:09,R_1dazMkLS2b1Tv0X,anonymous,IT,0.8999999761581421,1,,,,,,,,,,,,,,,,,,,,,,,,,,,2,1,,,,,,,,,,,,,,,4,3,2,1
2022-10-03 16:04:53,2022-10-03 16:13:33,0,47,519,0,2022-10-10 16:13:40,R_3qrQSPVQuF2FYI4,anonymous,IT,0.8999999761581421,1,1,0,4,0,8,10,1,5,5,1,0,4,0,8,1,,,2,0,4,0,8,2,5,4,5,,,,,,,,,,,,,,,,,2,3,1,4
2022-10-03 16:13:22,2022-10-03 16:14:14,0,8,51,0,2022-10-10 16:14:17,R_3JtnLQk0nI6GpO4,anonymous,IT,1,1,,,,,,,,,,,,,,,,,,,,,,,,,,,,,,,,,,,,,,,,,,,2,4,3,1
2022-10-03 16:09:06,2022-10-03 16:17:47,0,58,520,0,2022-10-10 16:17:49,R_XMQo0HaojIFgRqh,anonymous,IT,1,1,3,5,5,10,10,5,,,,,5,5,10,10,1,1,2,2,5,6,5,10,2,4,2,2,2,2,3,3,,,,,,,,,,,,,4,1,2,3
2022-10-03 11:05:25,2022-10-03 16:24:36,0,8,19151,0,2022-10-10 16:24:38,R_zZnHT8F4IYMy0RX,anonymous,IT,1,1,,,,,,,,,,,,,,,,,,,,,,,,,,,,,,,,,,,,,,,,,,,2,4,3,1
2022-10-03 17:18:10,2022-10-03 17:24:33,0,61,383,0,2022-10-10 17:24:38,R_1ImAxeVlrDaZusF,anonymous,IT,1,1,3,0,5,0,10,5,1,5,3,1,0,5,0,10,1,2,,2,0,5,0,10,1,5,1,3,2,2,3,3,,,,,,,,,,,,,1,4,2,3
2022-10-03 17:33:11,2022-10-03 18:44:40,0,11,4289,0,2022-10-10 18:44:46,R_1kRe3K9C2aVIsOP,anonymous,IT,1,1,,,,,,,,,,,,,,,,,,2,,,,,,,,,,,,,,,,,,,,,,,,,2,3,1,4
2022-10-03 19:00:15,2022-10-03 19:00:42,0,3,26,0,2022-10-10 19:00:46,R_6ShjEwdAzQrTicp,anonymous,IT,0.8999999761581421,1,,,,,,,,,,,,,,,,,,,,,,,,,,,,,,,,,,,,,,,,,,,,,,
2022-10-03 19:36:06,2022-10-03 19:40:53,0,25,287,0,2022-10-10 19:40:56,R_1DI1s0up5gz2VAu,anonymous,IT,1,1,1,5,5,10,10,4,3,3,2,1,,,,,,,,,,,,,,,,,,,,,,,,,,,,,,,,,1,2,3,4
2022-10-03 20:07:46,2022-10-03 20:08:18,0,11,31,0,2022-10-10 20:08:18,R_2SwOxQ4aK2GGP1h,anonymous,IT,0.8999999761581421,1,2,,,,,,,,,,,,,,,,,,,,,,,,,,,,,,,,,,,,,,,,,,1,4,3,2
2022-10-10 20:18:02,2022-10-10 20:31:52,0,100,830,1,2022-10-10 20:31:53,R_2SJ1mMzyaKPohDU,anonymous,IT,1,1,2,0,5,0,10,10,3,2,4,1,0,10,0,15,1,2,1,2,10,10,10,10,1,3,2,4,1,2,1,10,1,3,3,4,2,2,48,7,18,84,16,1,4,2,3,1
2022-10-10 20:26:44,2022-10-10 20:41:00,0,100,856,1,2022-10-10 20:41:01,R_0NdUz41j4GmFiIV,anonymous,IT,1,1,1,5,5,10,10,4,1,5,3,2,5,5,10,10,1,2,2,2,10,10,10,10,1,4,5,1,2,2,1,2.50,1,3,1,4,4,2,46,3,20,84,16,1,4,2,3,1
2022-10-03 20:57:50,2022-10-03 20:58:11,0,3,20,0,2022-10-10 20:58:15,R_2wyjuXoDfXAKPUH,anonymous,IT,0.8999999761581421,1,,,,,,,,,,,,,,,,,,,,,,,,,,,,,,,,,,,,,,,,,,,,,,
2022-10-03 21:34:51,2022-10-03 21:37:39,0,22,167,0,2022-10-10 21:37:43,R_1MYQV5FrvrEtE66,anonymous,IT,1,1,,,,,,,,,,,,,,,,,,2,,,,,,,,,2,2,1,3,,,,,,,,,,,,,4,3,2,1
2022-10-11 11:30:03,2022-10-11 11:43:42,0,100,819,1,2022-10-11 11:43:42,R_2bVKvlyaaAjEa6D,anonymous,IT,1,1,2,0,5,5,10,10,1,5,5,1,5,5,5,10,1,2,3,2,10,15,10,15,2,5,3,1,2,2,2,2,4,4,3,4,4,2,25,2,16,84,16,1,2,1,4,3
2022-10-11 18:34:25,2022-10-11 18:46:16,0,100,711,1,2022-10-11 18:46:16,R_DeqZyWP3TjoYm2J,anonymous,IT,0.8999999761581421,1,1,0,5,0,10,5,1,5,3,1,0,5,0,10,1,1,3,1,0,10,0,10,2,4,2,3,2,1,1,3,1,3,3,4,4,3,27,2,19,84,16,1,2,1,4,3
2022-10-04 11:48:38,2022-10-04 21:58:39,0,36,36600,0,2022-10-11 21:58:41,R_10T5iRh3a3Lkihr,anonymous,IT,0.8999999761581421,1,3,,,,,,,,,,5,5,10,10,3,1,3,,,,,,,,,,2,1,3,3,,,,,,,,,,,,,3,2,4,1
2022-10-11 21:43:47,2022-10-11 21:59:53,0,100,966,1,2022-10-11 21:59:53,R_21gjHwKwE38Yenk,anonymous,IT,1,1,3,0,5,0,5,5,3,2,4,2,0,5,5,5,3,2,3,2,0,5,10,10,2,5,1,1,2,1,3,3,4,4,3,4,3,2,27,3,20,84,16,1,1,4,2,3
2022-10-11 22:20:05,2022-10-11 22:33:28,0,100,802,1,2022-10-11 22:33:28,R_1256748N2ZgpI9J,anonymous,IT,1,1,2,0,5,0,10,10,1,5,5,2,0,5,0,10,1,1,2,1,0,5,0,10,2,3,2,2,2,1,2,5,1,3,3,4,4,1,29,5,14,84,16,1,1,2,4,3
2022-10-04 22:20:21,2022-10-04 22:56:58,0,97,2197,0,2022-10-11 22:57:02,R_24YwY3YCNE4jpC1,anonymous,IT,1,1,2,10,10,10,10,20,1,1,1,1,10,10,10,10,1,2,1,1,10,10,10,10,1,1,1,1,1,1,1,30,1,2,1,1,1,1,46,7,13,84,16,,2,1,3,4
2022-10-11 23:02:13,2022-10-11 23:16:50,0,100,876,1,2022-10-11 23:16:50,R_2DTGB5iYuBmQkcS,anonymous,IT,1,1,2,0,4,0,8,3,1,4,4,1,5,10,10,15,1,1,2,1,5,7,5,12,2,4,4,2,2,2,2,3,1,3,2,4,4,1,35,3,18,84,16,1,4,1,3,2
2022-10-04 23:27:26,2022-10-04 23:36:57,0,67,571,0,2022-10-11 23:37:04,R_3nr6NqhFvQwi7yY,anonymous,IT,1,1,3,5,8,10,15,3,2,4,1,2,5,8,10,15,1,2,1,1,10,15,10,15,2,4,3,1,2,2,1,2,,,,,,,,,,,,,2,1,3,4
2022-10-12 00:28:49,2022-10-12 00:38:24,0,100,574,1,2022-10-12 00:38:26,R_78OgXfIaDAETPnr,anonymous,IT,1,1,1,0,5,5,10,3,2,4,4,1,5,5,10,10,1,1,3,2,10,10,10,10,1,4,4,3,2,1,3,1.5,1,3,2,1,3,1,24,7,0,163,16,1,2,1,3,4
2022-10-05 09:37:21,2022-10-05 09:38:31,0,8,70,0,2022-10-12 09:38:32,R_2ylb56maZ2btTQZ,anonymous,IT,0.8999999761581421,1,,,,,,,,,,,,,,,,,,,,,,,,,,,,,,,,,,,,,,,,,,,3,1,2,4
2022-10-05 13:29:29,2022-10-05 14:05:46,0,67,2177,0,2022-10-12 14:05:50,R_1QMa8lYMloJ6S6b,anonymous,IT,1,1,1,0,5,0,10,10,1,4,4,2,5,5,10,10,3,1,3,2,10,10,10,10,2,1,4,2,2,1,3,1,,,,,,,,,,,,,2,1,3,4
2022-10-05 15:00:22,2022-10-05 15:09:21,0,67,539,0,2022-10-12 15:09:29,R_1n0FuuXC3yUyHkT,anonymous,IT,1,1,1,0,15,0,20,8,1,5,4,1,0,10,0,20,2,2,2,2,0,15,0,20,1,3,2,1,2,2,1,3,,,,,,,,,,,,,3,4,2,1
2022-10-12 09:31:46,2022-10-12 16:02:51,0,100,23464,1,2022-10-12 16:02:51,R_1MKdHFEBjFgqRTJ,anonymous,IT,1,1,3,5,8,10,15,3,1,5,4,2,5,7,10,15,1,1,2,2,5,7,10,15,2,4,1,5,2,1,2,3,1,4,2,1,5,2,28,1,15,84,16,1,4,1,3,2
2022-10-12 18:13:20,2022-10-12 18:25:04,0,100,704,1,2022-10-12 18:25:05,R_3PgV2jaWkIZHAtJ,anonymous,IT,1,1,1,0,5,0,5,10,1,4,3,1,5,5,10,10,1,1,3,2,5,10,10,10,2,3,4,2,2,2,3,5,1,3,2,4,4,2,28,7,18,84,16,1,2,3,1,4
2022-10-12 21:55:33,2022-10-12 22:05:14,0,100,580,1,2022-10-12 22:05:14,R_2vjJKkv0KfDlW2F,anonymous,IT,1,1,2,0,0,0,0,15,2,5,4,2,0,0,0,0,1,1,3,1,0,0,0,0,2,5,3,2,2,1,3,10,1,3,3,4,5,2,37,5,21,84,16,1,3,1,2,4
2022-10-06 15:08:39,2022-10-06 15:17:04,0,78,505,0,2022-10-13 15:17:07,R_2QneaKjScCisP4R,anonymous,IT,1,1,1,0,5,0,10,1.5,1,5,5,2,5,5,5,10,1,1,2,1,10,15,10,20,2,4,4,2,2,2,2,1.5,1,3,2,4,,,,,,,,,4,1,3,2
2022-10-13 17:34:43,2022-10-13 17:50:55,0,100,972,1,2022-10-13 17:50:55,R_331CuJAGWHjjPI3,anonymous,IT,1,1,1,2,10,2,20,6,1,5,5,2,2,6,5,15,1,1,2,2,10,20,10,20,1,4,4,2,2,2,3,4,1,3,2,4,5,1,33,5,18,84,16,1,4,1,3,2
2022-10-07 04:00:29,2022-10-07 04:04:47,0,36,257,0,2022-10-14 04:04:50,R_3PRLfHU1rsEkYRI,anonymous,IT,1,1,,,,,,,,,,,5,10,10,20,1,2,2,2,,,,,,,,,2,2,2,2,,,,,,,,,,,,,4,2,3,1
2022-10-07 08:10:45,2022-10-07 08:49:09,0,67,2304,0,2022-10-14 08:49:12,R_33CmHFz7RluDXJG,anonymous,IT,1,1,3,5,5,10,10,5,1,4,1,1,5,5,10,10,3,1,3,2,5,5,5,5,1,1,5,5,1,2,2,5,,,,,,,,,,,,,2,1,3,4
2022-10-08 13:00:41,2022-10-08 13:06:07,0,50,326,0,2022-10-15 13:06:15,R_2ymcAPm5iRZpNqP,anonymous,IT,0.8999999761581421,1,1,,,,,,,,,,10,20,10,25,2,2,2,2,15,30,15,40,1,2,4,3,2,2,2,5,,,,,,,,,,,,,4,3,2,1
2022-10-14 11:46:15,2022-10-14 11:46:35,8,3,20,0,2022-10-17 10:10:18,R_1qdP7cHkwckttXt,anonymous,IT,0.8999999761581421,1,,,,,,,,,,,,,,,,,,,,,,,,,,,,,,,,,,,,,,,,,,,,,,
2022-10-11 17:46:55,2022-10-11 17:57:56,0,81,660,0,2022-10-17 10:10:22,R_2DZvtt7kvErXnwV,anonymous,IT,1,1,1,0,5,0,5,5,1,5,4,1,0,5,0,10,1,1,3,1,0,5,0,10,2,3,4,2,2,2,3,3,1,4,3,4,4,,,,,,,,4,2,1,3
2022-10-21 09:32:30,2022-10-21 09:52:06,0,100,1175,1,2022-10-21 09:52:06,R_10SO2bCNEOX75Fq,anonymous,IT,1,1,1,0,0,0,10,5,1,2,2,2,0,0,0,10,1,1,1,1,0,0,0,10,2,5,1,5,2,1,1,5,1,3,2,2,5,1,69,4,13,84,16,1,2,1,3,4
2022-10-22 13:13:02,2022-10-22 13:38:00,0,100,1497,1,2022-10-22 13:38:01,R_zSkaPSOAgjEkTWp,anonymous,IT,0.8999999761581421,1,1,0,5,0,10,10,1,5,5,2,5,5,10,10,3,2,2,2,10,15,10,15,2,1,5,5,3,2,2,10,1,3,3,1,3,2,62,2,13,84,16,2,3,4,1,2
2022-10-27 21:23:41,2022-10-27 21:37:27,0,100,825,1,2022-10-27 21:37:27,R_1Qnei62X4cjfukP,anonymous,IT,1,1,1,5,8,10,15,3,1,5,5,1,5,8,10,15,1,2,3,2,10,15,10,15,1,5,3,4,2,2,3,2,1,3,3,4,4,2,33,4,21,84,16,1,1,3,2,4
2022-10-31 13:59:04,2022-10-31 16:39:16,0,8,9612,0,2022-11-02 14:43:28,R_3dKr6xF4BS3GZ6p,anonymous,IT,0.8999999761581421,1,,,,,,,,,,,,,,,,,,,,,,,,,,,,,,,,,,,,,,,,,,,4,1,2,3
2022-11-01 17:21:08,2022-11-01 17:22:10,0,17,61,0,2022-11-02 14:43:31,R_3n0LbQ3Xc0LRDhB,anonymous,IT,0.8999999761581421,1,,,,,,,,,,,,,,,,,,,,,,,,,,,3,2,3,,,,,,,,,,,,,,2,4,3,1
