StartDate,EndDate,Status,Progress,Duration (in seconds),Finished,RecordedDate,ResponseId,DistributionChannel,UserLanguage,Q_RecaptchaScore,Consent,MrAB1,Game1_1_1,Game1_1_2,Game1_2_1,Game1_2_2,Drink1,Gym1 _1,Gym1 _2,Gym1 _3,Jacket1,Game2_1_1,Game2_1_2,Game2_2_1,Game2_2_2,MrAB2,"Play2 ","Plane2 ",MrAB3,Game3_1 _1,Game3_1 _2,Game3_2_1,Game3_2_2,Jacket2,Gym2 _1,Gym2 _2,Gym2 _3,"MrAB4 ","Play1 ","Plane1 ",Drink2,fin_lit1,fin_lit2,fin_lit3,fin_lit4,Att_check,Gender,"Age ",Income,Education,Residence,Native language,Debriefing,FL_5_DO_FL_14,FL_5_DO_FL_15,FL_5_DO_FL_16,FL_5_DO_FL_17
Start Date,End Date,Response Type,Progress,Duration (in seconds),Finished,Recorded Date,Response ID,Distribution Channel,User Language,Q_RecaptchaScore,"Dear Participant,



We invite you to take part in an online study with the purpose of investigating how people make decisions. The duration of the questionnaire is approximately 10 minutes. At the end of the questionnaire, you will be asked some personal demographic information.



Your data will be analyzed anonymously and processed according to the current international legislation for the protection of privacy (D. Lgs 196/2003 and EU GDPR 679/2016 on the protection of personal data and art. 9 of the Deontological Code of Italian Psychologists). Your data will be used solely for the purposes of the research itself. No information regarding you personally will be published or revealed in any way.



You are free to withdraw from the study at any point without giving any explanation. In this case your data will be deleted. You will not receive any payment or reimbursement of any sort for your participation in this study. There are no known risks associated with participating in this study.



Project Manager: Enrico Rubaltelli (Department of Development Psychology and Socialization -DPSS, University of Padua). The person responsible for this research agrees to comply with the obligations of current legislation in terms of collection, processing and storage of sensitive data.



I DECLARE THAT

• I am 18 years old or older

• I take part in this project voluntarily

• I am aware of the objectives and aims of this research project

• I am aware that the data obtained, in absolute anonymity, will be treated exclusively for educational and research purposes

• I am aware that it is not possible to withdraw the data I have provided once it has been submitted.



For any clarification you can contact Prof. Enrico Rubaltelli at jdmlab.multicountry@gmail.com.","Person A was given two tickets to the lottery. They won 130 Dirhams with one ticket and 70 Dirhams with the other ticket.  



Person B was given a ticket to one lottery. They won 200 Dirhams.  


 

Who is happier?","You are going to a sold-out game of your favorite local sports team and you have an extra ticket. The price marked on the ticket is 15 Dirhams but this ticket has been offered to you by a friend for free.   



You want to get rid of the extra ticket and you know the ticket’s face value price is 15 Dirhams. You find someone who wants the ticket. There is no law against charging more than the price marked on the ticket.



What price do you ask for selling the extra ticket if the person you sell it to... ? - Is a friend","You are going to a sold-out game of your favorite local sports team and you have an extra ticket. The price marked on the ticket is 15 Dirhams but this ticket has been offered to you by a friend for free.   



You want to get rid of the extra ticket and you know the ticket’s face value price is 15 Dirhams. You find someone who wants the ticket. There is no law against charging more than the price marked on the ticket.



What price do you ask for selling the extra ticket if the person you sell it to... ? - Is a stranger",What price would you have asked for if you found out that the ticket’s face value price was 30 Dirhams instead? - If they are a friend,What price would you have asked for if you found out that the ticket’s face value price was 30 Dirhams instead? - If they are a stranger,"You are on the beach on a hot day, and you would really like a cold drink. A friend offers to go buy the drink from a fancy resort hotel. They ask how much you are willing to pay for the drink: they will only buy it if it costs as much or less than the price you state. You trust your friend, and there is no possibility of bargaining with the bartender.



What price do you tell them?","Imagine that you go to the gym on a regular basis. Due to your busy working schedule, you can only go on Monday nights. The membership to the gym allows you to pay 30 Dirhams (non-refundable) per session. One Monday, just after you have paid and changed into your gym clothes, you receive a phone call that requires you to leave and forgo your exercise that evening.

How well does
each of the following statements capture your feelings about the cost of the missed
workout? - I feel like I wasted 30 Dirhams","Imagine that you go to the gym on a regular basis. Due to your busy working schedule, you can only go on Monday nights. The membership to the gym allows you to pay 30 Dirhams (non-refundable) per session. One Monday, just after you have paid and changed into your gym clothes, you receive a phone call that requires you to leave and forgo your exercise that evening.

How well does
each of the following statements capture your feelings about the cost of the missed
workout? - I feel like I wasted nothing, since my visit had already been paid for","Imagine that you go to the gym on a regular basis. Due to your busy working schedule, you can only go on Monday nights. The membership to the gym allows you to pay 30 Dirhams (non-refundable) per session. One Monday, just after you have paid and changed into your gym clothes, you receive a phone call that requires you to leave and forgo your exercise that evening.

How well does
each of the following statements capture your feelings about the cost of the missed
workout? - I feel like I wasted something, but no specific amount or measure comes to mind","You are about to purchase a jacket for 400 Dirhams and a Bluetooth speaker for 50 Dirhams. The salesman informs you that the speaker you wish to buy is on sale for 30 Dirhams at the other branch store, located 20 minutes away.



Would you make the trip to the other store?","Imagine you are going to a sold-out game of your favorite local sports team, and you have an extra ticket. The price marked on the ticket is 15 Dirhams which is what you paid for each ticket.



You want to get rid of the extra ticket and you know the ticket's face value price is 15 Dirhams. You find someone who wants the ticket. There is no law against charging more than the price marked on the ticket.


What price do you ask for selling the extra ticket if the person you sell it to...? - Is a friend","Imagine you are going to a sold-out game of your favorite local sports team, and you have an extra ticket. The price marked on the ticket is 15 Dirhams which is what you paid for each ticket.



You want to get rid of the extra ticket and you know the ticket's face value price is 15 Dirhams. You find someone who wants the ticket. There is no law against charging more than the price marked on the ticket.


What price do you ask for selling the extra ticket if the person you sell it to...? - Is a stranger",What price would you have asked for if you found out that the ticket’s face value price was 30 Dirhams instead? - If they are a friend,What price would you have asked for if you found out that the ticket’s face value price was 30 Dirhams instead? - If they are a stranger,"Person A received a fine and owed 250 Dirhams. The same day they received a second fine and owed 150 Dirhams.



Person B received a fine and owed 400 Dirhams.

Who is more upset?","Imagine that you are on your way to a music event and intend to buy a ticket worth 150 Dirhams. On entering the venue, you realise that you have lost 150 Dirhams in cash.


Would you still pay 150 Dirhams for a ticket?","You are flying with a friend who has upgraded their ticket to business class and has two coupons, each worth 50 Dirhams, which could be used to upgrade your ticket from economy to business class. They purchased one coupon for the standard price of 50 Dirhams and received the other one for free. Just one coupon is required to upgrade your class on the current flight and your friend offers you the coupon which they got for free so that you can upgrade your ticket as well.



What do you think is the most appropriate thing to do?","Person A bought a lottery ticket and won 250 Dirhams. Also, they damaged one door in their apartment in an accident and had to pay the landlord 200 Dirhams.  

 

Person B bought a lottery ticket and won 50 Dirhams.  

 

Who is happier?","You are going to a sold-out game of your favorite local sports team and you have an extra ticket. The ticket’s face value price is 15 Dirhams but you paid 30 Dirhams for each ticket when you bought them from another person.



You want to get rid of the extra ticket and you know the ticket’s face value price is 15 Dirhams. You find someone who wants the ticket. There is no law against charging more than the price marked on the ticket.



What price do you ask for selling the extra ticket if the person you sell it to...? - Is a friend","You are going to a sold-out game of your favorite local sports team and you have an extra ticket. The ticket’s face value price is 15 Dirhams but you paid 30 Dirhams for each ticket when you bought them from another person.



You want to get rid of the extra ticket and you know the ticket’s face value price is 15 Dirhams. You find someone who wants the ticket. There is no law against charging more than the price marked on the ticket.



What price do you ask for selling the extra ticket if the person you sell it to...? - Is a stranger",What price would you have asked for if you found out that the ticket’s face value price was 30 Dirhams instead? - If they are a friend,What price would you have asked for if you found out that the ticket’s face value price was 30 Dirhams instead? - If they are a stranger,"You are about to purchase a jacket for 50 Dirhams and a Bluetooth speaker for 400 Dirhams. The salesman informs you that the speaker you wish to buy is on sale for 380 Dirhams at the other branch store, located 20 minutes away.



Would you make the trip to the other store?","Imagine that you go to the gym on a regular basis. Due to your busy working schedule, you can only go on Monday nights. The membership costs you 1300 Dirhams a year (i.e., roughly 30 Dirhams per visit). One Monday, just after you have arrived and changed into your gym clothes, you receive a phone call that requires you to leave and forgo your exercise that evening.



How well does
each of the following statements capture your feelings about the cost of the missed
workout? - I feel like I wasted 30 Dirhams","Imagine that you go to the gym on a regular basis. Due to your busy working schedule, you can only go on Monday nights. The membership costs you 1300 Dirhams a year (i.e., roughly 30 Dirhams per visit). One Monday, just after you have arrived and changed into your gym clothes, you receive a phone call that requires you to leave and forgo your exercise that evening.



How well does
each of the following statements capture your feelings about the cost of the missed
workout? - I feel like I wasted nothing, since my visit had already been paid for","Imagine that you go to the gym on a regular basis. Due to your busy working schedule, you can only go on Monday nights. The membership costs you 1300 Dirhams a year (i.e., roughly 30 Dirhams per visit). One Monday, just after you have arrived and changed into your gym clothes, you receive a phone call that requires you to leave and forgo your exercise that evening.



How well does
each of the following statements capture your feelings about the cost of the missed
workout? - I feel like I wasted something, but no specific amount or measure comes to mind","Person A damaged their car in a parking lot. They had to spend 500 Dirhams  to repair the damage. The same day they damaged the car they won 50 Dirhams in a raffle.  

 

Person B damaged their car in a parking lot. They had to spend 450 Dirhams to repair the damage.  

 

Who is more upset?","Imagine that you are on your way to a music event with a ticket for which you have paid 150 Dirhams. On entering the venue, you discover that you have lost the ticket.



Would you pay 150 Dirhams for another ticket?","You are flying with a friend who has upgraded their ticket to business class and has two coupons, each worth 50 Dirhams, which could be used to upgrade your ticket from economy to business class. They purchased one coupon for the standard price of 50 Dirhams and received the other one for free. Just one coupon is required to upgrade your class on the current flight, and your friend offers you the coupon which they purchased so that you can upgrade as well.



What do you think is the most appropriate thing to do?","You are on the beach on a hot day, and you would really like a cold drink. A friend offers to go buy the drink from a small, run-down grocery store. They ask how much you are willing to pay for the drink: they will only buy it if it costs as much or less than the price you state. You trust your friend, and there is no possibility of bargaining with the store owner.



What price do you tell them?","Suppose that you have 1000 Dirhams in a savings account and the interest rate is 2% per year. After 5 years, how much do you think you would have in the account if you let the money grow?","Imagine that the interest rate on your savings account was 1% per year and inflation was 2% per year. After 1 year,
how much would you be able to buy with the money in this account?",Buying a single company's stock usually provides a safer return than a stock mutual fund.,"If interest rates rise, what would typically happen to bond prices?","To ensure the quality of our data we need to know if participants paid attention during the survey. Please tell us honestly how serious you were in completing the survey.


How serious have you been about filling in the survey?",What gender do you identify as?,What is your age (in numbers)?,Which of the following best describes your annual household income last year?,How many years of schooling have you completed? (from elementary school to doctoral degree or specialization if you have one),List of Countries,Which of the following is your native language?,"The survey you have completed aims to replicate the mental accounting effect. According to this phenomenon a person attributes different values to the same amount of money based on subjective criteria. Specifically, people tend to subjectively organize economic resources into different mental accounts. In addition, in this study, we measured some individual differences that might have an influence on mental accounting. In particular:   	
 	
 
●	Scale to measure financial literacy (Lusardi and Mitchell, 2014).  	 	 	
 ●	Demographic data (e.g. gender, age or income level)	

 
Finally, we inform you that we have also used an attentional check to measure respondent engagement. The purpose of this study could not be fully revealed at the beginning of the study to avoid influencing your answers. Now that you have received this information, we ask you to confirm your consent to participate in this study or to withdraw it. In the latter case your data will not be used and will be deleted.",FL_5 - Block Randomizer - Display Order - FL_14,FL_5 - Block Randomizer - Display Order - FL_15,FL_5 - Block Randomizer - Display Order - FL_16,FL_5 - Block Randomizer - Display Order - FL_17
"{""ImportId"":""startDate"",""timeZone"":""Europe/Berlin""}","{""ImportId"":""endDate"",""timeZone"":""Europe/Berlin""}","{""ImportId"":""status""}","{""ImportId"":""progress""}","{""ImportId"":""duration""}","{""ImportId"":""finished""}","{""ImportId"":""recordedDate"",""timeZone"":""Europe/Berlin""}","{""ImportId"":""_recordId""}","{""ImportId"":""distributionChannel""}","{""ImportId"":""userLanguage""}","{""ImportId"":""Q_RecaptchaScore""}","{""ImportId"":""QID1""}","{""ImportId"":""QID8""}","{""ImportId"":""QID14_1""}","{""ImportId"":""QID14_2""}","{""ImportId"":""QID15_1""}","{""ImportId"":""QID15_2""}","{""ImportId"":""QID23_TEXT""}","{""ImportId"":""QID44_1""}","{""ImportId"":""QID44_2""}","{""ImportId"":""QID44_3""}","{""ImportId"":""QID34""}","{""ImportId"":""QID17_1""}","{""ImportId"":""QID17_2""}","{""ImportId"":""QID18_1""}","{""ImportId"":""QID18_2""}","{""ImportId"":""QID12""}","{""ImportId"":""QID78""}","{""ImportId"":""QID86""}","{""ImportId"":""QID10""}","{""ImportId"":""QID20_1""}","{""ImportId"":""QID20_2""}","{""ImportId"":""QID21_1""}","{""ImportId"":""QID21_2""}","{""ImportId"":""QID74""}","{""ImportId"":""QID82_1""}","{""ImportId"":""QID82_2""}","{""ImportId"":""QID82_3""}","{""ImportId"":""QID11""}","{""ImportId"":""QID40""}","{""ImportId"":""QID48""}","{""ImportId"":""QID70_TEXT""}","{""ImportId"":""QID59""}","{""ImportId"":""QID60""}","{""ImportId"":""QID61""}","{""ImportId"":""QID62""}","{""ImportId"":""QID51""}","{""ImportId"":""QID52""}","{""ImportId"":""QID53_TEXT""}","{""ImportId"":""QID54""}","{""ImportId"":""QID55_TEXT""}","{""ImportId"":""QID114""}","{""ImportId"":""QID57""}","{""ImportId"":""QID63""}","{""ImportId"":""FL_5_DO"",""choiceId"":""FL_14""}","{""ImportId"":""FL_5_DO"",""choiceId"":""FL_15""}","{""ImportId"":""FL_5_DO"",""choiceId"":""FL_16""}","{""ImportId"":""FL_5_DO"",""choiceId"":""FL_17""}"
2022-09-13 14:34:11,2022-09-13 14:46:17,0,100,726,1,2022-09-13 14:46:18,R_2YfEuZCXi8Rrp1t,anonymous,AR,0.8999999761581421,1,1,0,15,0,30,30,1,5,1,1,0,15,0,30,1,1,2,2,0,15,0,30,2,1,1,1,2,2,2,10,2,3,3,4,5,1,27,2,9,116,2,1,3,2,4,1
2022-09-13 14:35:51,2022-09-13 14:52:05,0,100,974,1,2022-09-13 14:52:06,R_3Jydzfu209MtNZV,anonymous,AR,1,1,3,15,15,30,30,50,3,3,3,1,15,15,30,30,3,1,1,2,15,15,30,30,1,3,3,3,1,1,1,20,1,4,3,4,5,2,23,2,14,116,2,1,1,2,3,4
2022-09-13 14:33:09,2022-09-13 14:52:46,0,100,1177,1,2022-09-13 14:52:47,R_2D8lkToHKP6duKJ,anonymous,AR,0.8999999761581421,1,2,0,0,0,0,40,1,5,5,1,0,0,0,0,3,2,3,3,0,30,0,30,2,5,1,5,3,2,3,15,4,4,3,4,5,2,30,5,27,116,2,1,1,3,4,2
2022-09-13 14:43:45,2022-09-13 14:58:04,0,100,858,1,2022-09-13 14:58:04,R_27wivzbeZMm444P,anonymous,AR,1,1,3,15,15,30,30,20,1,1,1,2,15,15,30,30,3,2,1,3,15,15,30,30,2,2,1,1,3,2,1,10,1,4,3,4,4,1,51,6,15,116,2,1,4,3,1,2
2022-09-13 14:43:41,2022-09-13 15:00:07,0,100,986,1,2022-09-13 15:00:08,R_1H7soNt0GkyRlrr,anonymous,AR,0.8999999761581421,1,1,0,15,0,20,15,5,3,3,1,0,15,0,25,3,1,2,1,0,15,0,15,2,4,3,2,1,1,2,15,3,4,1,4,5,1,40,6,25,116,2,1,1,4,3,2
2022-09-13 14:51:52,2022-09-13 15:02:37,0,100,644,1,2022-09-13 15:02:37,R_2QE7vWKjFgprQhA,anonymous,AR,1,1,3,0,15,0,30,50,5,3,5,2,15,15,15,15,3,2,1,3,15,15,15,15,2,5,3,5,3,2,2,50,1,1,1,2,4,2,38,4,18,116,2,1,2,1,3,4
2022-09-13 14:39:40,2022-09-13 15:08:24,0,100,1724,1,2022-09-13 15:08:25,R_0ClDYcl60aJClfH,anonymous,AR,1,1,1,0,15,0,15,50,1,3,3,1,15,15,15,30,1,2,1,2,15,30,30,30,1,3,3,3,1,2,1,15,1,4,2,4,5,1,22,7,16,116,2,1,4,2,1,3
2022-09-13 14:53:40,2022-09-13 15:10:08,0,100,988,1,2022-09-13 15:10:09,R_u9e9IVtRtANXawx,anonymous,AR,0.8999999761581421,1,1,10,15,10,20,15,1,5,4,1,10,15,10,20,1,2,3,2,15,30,15,30,2,1,5,4,2,2,3,10,1,3,3,1,5,1,30,1,17,116,2,1,2,3,4,1
2022-09-13 14:54:50,2022-09-13 15:11:20,0,100,989,1,2022-09-13 15:11:20,R_331s9DoJYaNlJ7x,anonymous,AR,1,1,1,0,15,0,30,50,4,2,1,2,0,15,0,15,1,1,2,1,15,25,30,30,2,5,1,1,1,1,2,10,1,4,3,3,4,2,54,6,23,116,2,1,1,3,2,4
2022-09-13 15:01:29,2022-09-13 15:14:26,0,100,776,1,2022-09-13 15:14:26,R_277LCg1tbt7qmeq,anonymous,AR,0.800000011920929,1,3,0,0,0,0,20,3,1,2,2,0,0,0,0,1,1,2,2,30,30,30,30,2,3,2,2,2,1,2,20,4,4,3,4,4,1,34,3,18,116,2,1,2,4,3,1
2022-09-13 14:53:55,2022-09-13 15:15:58,0,100,1323,1,2022-09-13 15:15:58,R_xsGHEFGXmXaM0w1,anonymous,AR,1,1,1,0,15,15,15,10,2,4,4,2,15,15,30,30,1,1,2,2,30,30,15,15,2,2,3,3,3,2,2,10,4,4,1,3,4,1,21,1,15,116,2,1,2,3,1,4
2022-09-13 15:00:23,2022-09-13 15:22:18,0,100,1314,1,2022-09-13 15:22:18,R_3iPvYzMLIPXKW7k,anonymous,AR,0.8999999761581421,1,1,15,15,20,20,100,3,1,5,1,15,15,25,25,1,2,3,1,15,15,20,20,2,3,5,1,2,2,3,20,1,3,2,3,4,1,44,2,15,116,26,1,2,1,4,3
2022-09-13 14:47:24,2022-09-13 15:26:13,0,100,2329,1,2022-09-13 15:26:14,R_22R0vnh4LQiu0qF,anonymous,AR,1,1,1,15,15,30,30,50,5,1,5,2,15,15,30,30,1,1,2,1,15,15,30,30,2,5,1,5,3,1,2,20,1,3,1,4,5,1,49,6,18,116,26,1,2,3,4,1
2022-09-13 15:23:37,2022-09-13 15:43:18,0,100,1181,1,2022-09-13 15:43:19,R_31njgFjyH4RBoqa,anonymous,AR,0.8999999761581421,1,1,15,15,30,30,30,2,5,5,2,15,15,30,30,1,2,1,1,15,15,30,30,1,5,1,5,2,2,1,20,1,4,2,1,4,2,20,7,13,116,2,1,2,3,4,1
2022-09-13 15:31:47,2022-09-13 15:46:52,0,100,904,1,2022-09-13 15:46:52,R_1rBmSbRpnkts4YN,anonymous,AR,0.8999999761581421,1,2,0,0,0,0,30,3,2,5,2,15,15,30,30,1,2,2,3,15,40,30,50,2,5,1,5,2,2,1,20,1,3,3,4,4,2,36,7,17,116,2,1,3,4,1,2
2022-09-13 15:28:49,2022-09-13 15:48:08,0,100,1159,1,2022-09-13 15:48:09,R_2rV2PHD3iKPrgMy,anonymous,AR,1,1,3,0,15,0,30,50,5,1,5,2,0,15,0,15,3,1,3,2,0,15,0,30,2,5,1,5,3,1,3,15,1,2,1,4,4,1,24,2,17,116,2,1,4,2,1,3
2022-09-13 15:30:00,2022-09-13 15:49:55,0,100,1195,1,2022-09-13 15:49:56,R_2TAHy4JZsNp65jk,anonymous,AR,1,1,3,15,20,30,50,15,1,5,3,1,15,20,30,50,3,2,3,3,15,30,40,60,1,3,2,2,3,2,3,100,1,4,3,2,4,2,19,7,14,116,2,1,3,4,2,1
2022-09-13 14:52:11,2022-09-13 15:59:01,0,100,4009,1,2022-09-13 15:59:01,R_2AKKwhNBTPBV9yt,anonymous,AR,1,1,2,0,0,0,0,50,5,1,1,1,15,15,30,30,3,2,2,2,15,15,30,30,1,5,1,5,3,2,2,20,1,4,3,4,4,1,24,1,17,116,2,1,3,2,4,1
2022-09-13 15:50:28,2022-09-13 16:03:47,0,100,798,1,2022-09-13 16:03:47,R_27P9SwsRO6pF9fr,anonymous,AR,1,1,1,10,15,20,30,200,1,5,5,2,10,15,20,30,2,2,2,2,15,15,20,30,2,4,4,2,1,1,2,15,3,4,3,4,4,2,38,7,19,116,2,1,1,4,3,2
2022-09-13 15:50:55,2022-09-13 16:09:18,0,100,1102,1,2022-09-13 16:09:18,R_3NEBceASPkoEk8Z,anonymous,AR,0.8999999761581421,1,3,15,15,15,15,30,5,3,3,1,30,30,30,45,3,1,2,3,30,60,30,40,1,5,3,3,3,1,2,30,1,2,2,3,4,2,40,7,20,116,26,1,4,2,1,3
2022-09-13 15:58:50,2022-09-13 16:15:11,0,100,980,1,2022-09-13 16:15:11,R_1OMODs3Yma5ribq,anonymous,AR,0.8999999761581421,1,3,15,15,30,30,10,2,4,5,1,15,15,30,30,1,2,3,3,15,15,30,30,1,1,1,1,3,1,3,10,1,4,1,1,3,1,22,7,18,116,26,1,3,1,4,2
2022-09-13 15:45:48,2022-09-13 16:15:29,0,100,1781,1,2022-09-13 16:15:30,R_1mmCFPiucEe38C2,anonymous,AR,1,1,2,0,10,0,25,10,1,1,1,2,15,15,30,30,1,2,2,2,15,30,25,30,2,4,1,2,2,2,2,10,4,4,1,4,5,1,24,1,13,116,2,1,1,2,3,4
2022-09-13 16:07:56,2022-09-13 16:22:12,0,100,856,1,2022-09-13 16:22:12,R_3iRvqyPLHUICvVC,anonymous,AR,1,1,3,0,15,0,30,10,4,2,2,1,0,15,0,30,3,2,2,3,0,15,0,30,2,4,1,2,1,2,2,5,2,4,3,4,5,1,21,1,15,116,2,1,1,2,3,4
2022-09-13 16:15:54,2022-09-13 16:36:23,0,100,1229,1,2022-09-13 16:36:23,R_3hapG4AbT17s3TO,anonymous,AR,0.8999999761581421,1,3,15,15,30,30,20,5,5,1,1,15,15,30,30,3,2,2,2,15,20,30,35,1,1,4,1,2,2,2,10,1,3,3,1,3,1,25,3,17,116,26,1,1,2,3,4
2022-09-13 15:17:26,2022-09-13 16:40:30,0,100,4984,1,2022-09-13 16:40:32,R_2atvhPli4q4TG3X,anonymous,AR,0.800000011920929,1,1,0,15,0,15,30,1,5,4,1,15,15,15,30,1,2,2,2,20,30,30,30,1,1,5,5,2,2,3,20,3,4,2,4,4,2,21,7,17,116,2,1,4,1,3,2
2022-09-13 16:33:06,2022-09-13 16:50:15,0,100,1028,1,2022-09-13 16:50:15,R_2ROl3PcLoZqJtWz,anonymous,AR,1,1,2,15,15,30,30,20,2,3,1,2,15,15,30,30,1,1,2,2,15,15,30,30,2,2,3,1,2,1,2,20,1,4,1,4,5,1,40,5,18,116,2,1,2,3,1,4
2022-09-13 15:56:39,2022-09-13 16:56:26,0,100,3587,1,2022-09-13 16:56:27,R_3O354W5H60sJLU7,anonymous,AR,1,1,1,0,15,0,15,20,1,5,3,1,20,30,20,30,3,2,3,2,30,50,30,50,1,5,3,2,3,2,3,7,1,3,3,4,5,1,22,1,16,116,2,1,3,4,2,1
2022-09-13 17:07:26,2022-09-13 17:23:36,0,100,969,1,2022-09-13 17:23:36,R_3kbM4wfDO4ckZtG,anonymous,AR,1,1,3,0,0,0,0,20,1,1,1,1,0,0,0,0,3,2,1,3,0,0,0,0,1,1,1,1,3,2,1,20,4,4,3,4,5,1,30,1,16,116,2,1,2,3,4,1
2022-09-13 17:14:50,2022-09-13 17:31:54,0,100,1024,1,2022-09-13 17:31:56,R_BPtXA6At7vE7TsR,anonymous,AR,1,1,2,15,15,30,30,15,1,5,1,2,15,15,30,30,3,2,1,1,15,15,30,30,2,1,5,5,3,2,1,10,2,4,1,3,4,2,35,7,17,116,2,1,3,1,4,2
2022-09-13 15:46:57,2022-09-13 18:22:00,0,100,9303,1,2022-09-13 18:22:02,R_1C8fYkRR2KGblt3,anonymous,AR,1,1,1,0,15,0,30,40,5,1,1,1,0,30,0,30,1,1,2,2,0,30,0,30,1,5,1,1,3,1,2,20,1,3,1,2,5,1,69,6,23,116,2,1,1,2,3,4
2022-09-13 18:47:07,2022-09-13 19:02:32,0,100,925,1,2022-09-13 19:02:32,R_2ePUIC9Fkwi06Q8,anonymous,AR,0.8999999761581421,1,2,0,0,0,0,20,5,5,5,1,0,0,0,0,1,2,2,1,0,0,0,0,1,4,4,4,3,2,2,20,2,4,1,2,5,1,29,7,20,116,2,1,1,2,4,3
2022-09-13 19:22:35,2022-09-13 19:39:11,0,100,996,1,2022-09-13 19:39:12,R_22lTkW8v5O7dXpx,anonymous,EN,1,1,3,0,15,0,30,200,2,4,3,2,0,15,0,30,1,2,2,2,0,15,0,30,2,2,4,3,2,2,2,200,1,3,2,1,3,1,25,4,15,116,26,1,1,4,3,2
2022-09-13 20:11:57,2022-09-13 20:25:50,0,100,832,1,2022-09-13 20:25:52,R_30lcOb7ivo6XT0s,anonymous,AR,1,1,3,15,15,30,30,100,3,3,1,1,15,15,30,30,3,1,2,3,30,30,30,30,1,5,1,1,3,1,2,20,1,1,3,4,5,2,31,2,16,116,2,1,1,4,3,2
2022-09-13 20:02:13,2022-09-13 20:43:32,0,100,2479,1,2022-09-13 20:43:32,R_3P5M36LZgr2mKCD,anonymous,AR,1,1,1,0,0,0,0,50,2,4,3,1,0,0,0,0,1,1,3,2,0,0,0,0,1,2,3,4,3,1,3,10,1,2,2,4,4,1,29,1,15,116,2,1,3,2,4,1
2022-09-13 21:14:52,2022-09-13 21:38:33,0,100,1420,1,2022-09-13 21:38:33,R_1gGvoO5eJQticpi,anonymous,AR,1,1,1,15,20,30,30,30,3,3,4,1,15,20,30,30,1,1,3,2,15,20,30,30,1,3,4,4,2,1,3,30,1,3,3,4,4,1,42,6,17,116,2,1,2,1,3,4
2022-09-13 21:48:57,2022-09-13 22:13:28,0,100,1471,1,2022-09-13 22:13:29,R_2BxKFpZ9TYHcqh4,anonymous,AR,1,1,3,0,0,0,0,30,1,5,5,1,30,30,30,30,3,2,2,1,30,30,30,30,1,5,1,1,3,2,2,20,4,3,3,1,3,1,27,7,16,116,2,2,4,3,1,2
2022-09-13 22:40:39,2022-09-13 22:59:38,0,100,1139,1,2022-09-13 22:59:39,R_1Kevqa7kz5RCfiK,anonymous,AR,0.8999999761581421,1,2,15,20,30,35,50,5,1,2,2,15,20,30,35,2,1,2,2,30,35,30,35,2,1,2,5,2,1,2,50,1,4,3,1,4,1,30,4,20,116,2,1,1,4,3,2
2022-09-13 23:18:50,2022-09-13 23:35:30,0,100,1000,1,2022-09-13 23:35:30,R_22zYLGVmFaWggi8,anonymous,AR,1,1,2,0,0,0,0,10,1,5,5,1,15,15,15,15,1,2,2,2,30,30,30,30,1,5,1,1,1,2,2,5,2,4,1,3,4,2,23,2,17,116,2,1,2,3,1,4
2022-09-13 23:18:14,2022-09-13 23:41:02,0,100,1367,1,2022-09-13 23:41:02,R_231PPoPuUpD053p,anonymous,AR,0.800000011920929,1,1,0,15,0,15,20,1,4,3,1,15,15,15,30,1,1,1,2,30,30,30,30,1,5,4,3,2,2,3,15,3,4,3,4,5,2,42,6,22,116,2,1,4,3,2,1
2022-09-14 01:17:00,2022-09-14 01:50:34,0,100,2014,1,2022-09-14 01:50:34,R_ZDLV0RNfdj2TzWx,anonymous,AR,1,1,1,15,15,30,30,20,2,4,4,1,15,15,30,30,1,2,2,2,30,30,30,30,1,2,4,4,3,2,2,10,1,3,2,4,5,2,23,7,16,116,2,1,4,2,3,1
2022-09-14 08:55:23,2022-09-14 09:10:36,0,100,912,1,2022-09-14 09:10:36,R_3R2ylx3ngZrs8OX,anonymous,AR,1,1,3,15,15,20,20,15,2,1,5,1,15,15,20,20,1,2,2,3,15,15,20,20,1,2,1,5,1,2,2,15,1,4,3,4,5,2,29,7,15,116,2,1,3,2,4,1
2022-09-14 14:49:15,2022-09-14 15:04:34,0,100,919,1,2022-09-14 15:04:35,R_3NXa3oXf5vT8WC3,anonymous,AR,1,1,1,0,0,0,0,25,2,5,4,2,15,15,30,30,1,1,2,3,30,30,30,30,2,4,3,2,3,2,2,25,1,1,3,4,5,2,36,6,22,116,2,1,2,4,1,3
2022-09-14 18:33:09,2022-09-14 19:20:53,0,100,2863,1,2022-09-14 19:20:53,R_2TzoLbac6K52Aw0,anonymous,AR,1,1,1,0,0,0,0,30,5,3,2,2,0,0,0,30,2,1,1,2,30,30,0,30,2,4,3,3,2,2,1,10,1,4,2,1,5,1,32,1,16,116,2,1,1,4,3,2
2022-09-15 19:49:41,2022-09-15 20:36:19,0,100,2798,1,2022-09-15 20:36:20,R_sO1QbTszW0dq6Pf,anonymous,AR,0.8999999761581421,1,3,15,15,15,30,20,5,5,1,2,15,15,15,30,3,2,1,2,15,15,15,30,1,1,5,1,3,2,1,15,1,4,2,1,4,2,55,1,15,116,2,1,2,3,1,4
2022-09-16 03:04:10,2022-09-16 03:25:09,0,100,1258,1,2022-09-16 03:25:09,R_ThH3mKonxITZYIx,anonymous,AR,1,1,2,20,20,35,35,35,2,1,3,1,20,20,35,35,1,2,2,2,35,35,40,40,1,1,4,4,3,2,2,15,2,3,1,4,4,1,26,3,17,116,2,1,1,4,2,3
2022-09-16 13:17:46,2022-09-16 13:18:05,0,100,19,1,2022-09-16 13:18:05,R_1KiCKPJAHljP8oA,anonymous,AR,0.8999999761581421,2,,,,,,,,,,,,,,,,,,,,,,,,,,,,,,,,,,,,,,,,,,,,,,
2022-09-16 13:18:20,2022-09-16 13:57:38,0,100,2358,1,2022-09-16 13:57:39,R_uxf9PX4c3YBXwhH,anonymous,AR,0.8999999761581421,1,2,15,30,30,60,20,1,5,5,2,15,30,30,60,3,1,2,2,30,60,30,60,2,5,1,1,3,2,2,10,4,4,3,4,5,1,25,7,17,116,2,1,3,4,2,1
2022-09-16 17:20:04,2022-09-16 17:40:13,0,100,1208,1,2022-09-16 17:40:14,R_QiW60S6tj8RZHWx,anonymous,AR,1,1,3,15,15,30,30,100,1,1,5,1,15,15,30,30,3,2,1,3,15,30,15,30,1,5,1,3,3,2,1,15,1,4,3,4,3,1,24,7,15,116,2,1,3,4,2,1
2022-09-16 23:42:54,2022-09-16 23:58:23,0,100,929,1,2022-09-16 23:58:24,R_3p9BSGXnkUQEmfw,anonymous,AR,0.8999999761581421,1,1,15,15,15,15,25,3,3,3,2,15,15,15,15,1,1,2,2,15,15,30,30,2,3,3,3,2,1,2,25,1,3,3,4,5,1,45,6,15,116,2,1,3,2,4,1
2022-09-18 23:53:17,2022-09-19 00:22:28,0,100,1751,1,2022-09-19 00:22:30,R_AKDVFcZ2GIOLLWh,anonymous,AR,0.8999999761581421,1,3,15,16,15,16,100,5,1,4,2,15,16,15,16,3,2,1,2,30,30,30,30,1,5,1,5,3,2,2,50,2,4,3,4,3,1,46,2,18,116,26,1,2,3,4,1
2022-09-19 18:21:56,2022-09-19 18:43:23,0,100,1286,1,2022-09-19 18:43:24,R_3peR6mTR2iWTti1,anonymous,AR,0.8999999761581421,1,1,15,15,30,30,30,1,5,2,1,15,15,30,30,1,2,1,1,30,30,30,30,1,1,5,2,2,2,1,15,1,4,3,4,5,2,37,6,21,116,2,1,4,1,2,3
2022-09-19 19:26:43,2022-09-19 19:44:32,0,100,1068,1,2022-09-19 19:44:32,R_1f7oZJtqRlY70Wk,anonymous,AR,1,1,1,15,100,30,120,50,2,4,3,1,15,100,30,120,2,1,1,1,15,60,30,100,2,4,2,2,2,2,1,50,1,1,3,4,4,2,39,3,15,116,2,1,3,1,2,4
2022-09-19 19:34:04,2022-09-19 19:53:52,0,100,1187,1,2022-09-19 19:53:53,R_10r4ZYjs9PTCB2E,anonymous,AR,0.8999999761581421,1,3,0,0,0,0,20,3,5,5,2,0,0,0,0,3,1,1,3,15,30,30,30,2,5,5,5,3,1,1,10,1,3,3,4,5,2,53,6,12,17,9,1,3,4,1,2
2022-09-12 23:49:37,2022-09-12 23:51:05,8,3,87,0,2022-09-19 23:51:08,R_3nxDgVkRQRR0D8o,anonymous,AR,1,1,,,,,,,,,,,,,,,,,,,,,,,,,,,,,,,,,,,,,,,,,,,,,,
2022-09-19 18:52:05,2022-09-20 12:12:38,0,100,62432,1,2022-09-20 12:12:39,R_3jTcACLZAj4pR3q,anonymous,EN,0.8999999761581421,1,1,0,20,0,40,20,5,5,1,1,15,20,30,40,1,2,2,2,30,45,30,50,2,5,5,1,2,2,1,10,1,3,2,4,5,1,29,6,20,116,2,1,3,1,2,4
2022-09-13 14:22:01,2022-09-13 14:23:30,0,11,89,0,2022-09-20 14:23:34,R_AuKOapargxF4CNX,anonymous,AR,0.800000011920929,1,,,,,,,,,,,,,,,,,,2,,,,,,,,,,,,,,,,,,,,,,,,,2,3,1,4
2022-09-13 14:21:10,2022-09-13 14:23:46,0,3,155,0,2022-09-20 14:23:53,R_2CB9lsdHZLzBHod,anonymous,AR,1,1,,,,,,,,,,,,,,,,,,,,,,,,,,,,,,,,,,,,,,,,,,,,,,
2022-09-13 14:21:42,2022-09-13 14:28:13,0,19,391,0,2022-09-20 14:28:17,R_24OXOx59gOv8BkC,anonymous,AR,1,1,,,,,,,,,,,,,,,,,,3,15,15,15,15,2,,,,,,,,,,,,,,,,,,,,2,4,1,3
2022-09-13 12:00:46,2022-09-13 14:28:46,0,11,8880,0,2022-09-20 14:28:48,R_2wtrU0oawQ4n5GW,anonymous,AR,1,1,,,,,,,,,,,,,,,,,,,,,,,,,,,1,,,,,,,,,,,,,,,,4,2,3,1
2022-09-13 14:33:35,2022-09-13 14:35:16,0,8,100,0,2022-09-20 14:35:19,R_2axEA3NXirrvSGt,anonymous,AR,1,1,,,,,,,,,,,,,,,,,,,,,,,,,,,,,,,,,,,,,,,,,,,2,4,3,1
2022-09-13 14:34:08,2022-09-13 14:35:24,0,3,75,0,2022-09-20 14:35:26,R_2V90ltSIPjpStZV,anonymous,AR,0.8999999761581421,1,,,,,,,,,,,,,,,,,,,,,,,,,,,,,,,,,,,,,,,,,,,,,,
2022-09-13 14:36:52,2022-09-13 14:42:26,0,25,333,0,2022-09-20 14:42:29,R_3kKoomidevr5tPb,anonymous,AR,1,1,2,,,,,,,,,,,,,,,,,3,30,30,30,30,1,5,3,3,,,,,,,,,,,,,,,,,2,3,1,4
2022-09-13 14:36:28,2022-09-13 14:43:57,0,53,448,0,2022-09-20 14:43:58,R_1FFcFiSHLAkcNoJ,anonymous,AR,0.8999999761581421,1,3,0,15,0,30,20,4,5,1,1,0,15,0,30,3,1,2,2,,,,,,,,,3,1,2,10,,,,,,,,,,,,,3,1,4,2
2022-09-13 14:41:28,2022-09-13 14:51:13,0,56,584,0,2022-09-20 14:51:17,R_3MRqHCTmJupoOhi,anonymous,AR,0.8999999761581421,1,3,15,15,30,30,15,5,5,1,1,15,15,30,30,,,,3,15,30,30,30,1,5,5,1,3,2,1,15,,,,,,,,,,,,,3,4,1,2
2022-09-13 14:50:10,2022-09-13 14:51:34,0,3,84,0,2022-09-20 14:51:39,R_3D1uUhBWqYNvhSy,anonymous,AR,,1,,,,,,,,,,,,,,,,,,,,,,,,,,,,,,,,,,,,,,,,,,,,,,
2022-09-13 14:53:32,2022-09-13 14:57:11,0,8,219,0,2022-09-20 14:57:15,R_3lFapqBbiXo8B5q,anonymous,AR,1,1,,,,,,,,,,,,,,,,,,,,,,,,,,,,,,,,,,,,,,,,,,,2,4,3,1
2022-09-13 14:37:04,2022-09-13 15:00:05,0,11,1380,0,2022-09-20 15:00:09,R_2BhSRiyXijkNxdc,anonymous,AR,0.8999999761581421,1,,,,,,,,,,,,,,,,,,1,,,,,,,,,,,,,,,,,,,,,,,,,4,3,1,2
2022-09-13 14:59:32,2022-09-13 15:01:51,0,8,138,0,2022-09-20 15:01:54,R_1inGzLLGkou4oYs,anonymous,AR,1,1,,,,,,,,,,,,,,,,,,,,,,,,,,,,,,,,,,,,,,,,,,,3,1,2,4
2022-09-13 14:59:39,2022-09-13 15:04:23,0,11,283,0,2022-09-20 15:04:23,R_2SiOuENFZLQlPgj,anonymous,AR,0.800000011920929,1,2,,,,,,,,,,,,,,,,,,,,,,,,,,,,,,,,,,,,,,,,,,1,4,2,3
2022-09-13 15:04:05,2022-09-13 15:04:21,0,8,16,0,2022-09-20 15:04:27,R_26g6KogxzCdbyWe,anonymous,AR,1,1,,,,,,,,,,,,,,,,,,,,,,,,,,,,,,,,,,,,,,,,,,,2,1,4,3
2022-09-13 14:58:39,2022-09-13 15:05:19,0,3,399,0,2022-09-20 15:05:26,R_3NIqd1dPaUKMbnp,anonymous,EN,1,1,,,,,,,,,,,,,,,,,,,,,,,,,,,,,,,,,,,,,,,,,,,,,,
2022-09-13 15:05:17,2022-09-13 15:06:43,0,11,86,0,2022-09-20 15:06:52,R_WvZOWFrTWMSDnkB,anonymous,AR,0.8999999761581421,1,1,,,,,,,,,,,,,,,,,,,,,,,,,,,,,,,,,,,,,,,,,,1,4,3,2
2022-09-13 15:11:15,2022-09-13 15:13:30,8,3,135,0,2022-09-20 15:13:34,R_D00fOmjyULIMHa9,anonymous,AR,1,1,,,,,,,,,,,,,,,,,,,,,,,,,,,,,,,,,,,,,,,,,,,,,,
2022-09-13 14:39:18,2022-09-13 15:14:14,0,33,2096,0,2022-09-20 15:14:17,R_31pGr6s9IuTxtiT,anonymous,AR,0.8999999761581421,1,1,15,15,30,30,100,5,5,1,,,,,,,,,,,,,,,,,,3,1,2,20,,,,,,,,,,,,,2,3,4,1
2022-09-13 15:14:08,2022-09-13 15:16:24,0,19,136,0,2022-09-20 15:16:36,R_1jfucPojEbmIw9v,anonymous,AR,1,1,,,,,,,,,,,0,0,0,0,3,1,,,,,,,,,,,,,,,,,,,,,,,,,,,3,1,4,2
2022-09-13 15:00:14,2022-09-13 15:20:16,0,61,1201,0,2022-09-20 15:20:26,R_2Bg4p0mrAc7Smcu,anonymous,AR,0.8999999761581421,1,1,15,15,30,30,10,4,2,2,,15,15,30,30,1,2,2,2,30,30,30,30,2,4,4,1,2,2,2,10,,,,,,,,,,,,,4,2,3,1
2022-09-13 15:14:11,2022-09-13 15:27:20,0,67,788,0,2022-09-20 15:27:24,R_3QXdmHdbmOYzE52,anonymous,AR,0.8999999761581421,1,2,0,0,0,0,40,5,1,1,1,0,15,0,15,1,1,1,2,0,15,0,15,2,5,1,1,3,2,1,3.5,,,,,,,,,,,,,2,3,4,1
2022-09-13 15:21:33,2022-09-13 15:31:31,0,42,597,0,2022-09-20 15:31:32,R_eV7EZzVXjNahpRf,anonymous,AR,0.8999999761581421,1,,,,,,,,,,,0,15,0,15,2,2,2,2,15,15,30,30,1,2,2,2,2,2,,,,,,,,,,,,,,,4,1,2,3
2022-09-13 15:22:56,2022-09-13 15:33:09,0,31,612,0,2022-09-20 15:33:12,R_2ysFmwzpDIEtEUi,anonymous,AR,1,1,,,,,,,,,,,,,,,,,,2,30,30,40,40,1,,,,3,2,3,3,,,,,,,,,,,,,4,3,2,1
2022-09-13 14:33:42,2022-09-13 15:34:14,0,67,3632,0,2022-09-20 15:34:19,R_2CIhzi5UPmX10Vk,anonymous,AR,1,1,2,30,35,30,35,50,5,5,5,2,15,20,30,35,2,1,2,3,30,35,30,35,2,2,2,5,2,1,2,50,,,,,,,,,,,,,3,4,1,2
2022-09-13 15:41:00,2022-09-13 15:42:11,8,8,70,0,2022-09-20 15:42:11,R_xtO8WEJKTwZiZr3,anonymous,AR,1,1,,,,,,,,,,,,,,,,,,,,,,,,,,,,,,,,,,,,,,,,,,,3,1,2,4
2022-09-13 15:51:18,2022-09-13 15:58:53,0,78,455,0,2022-09-20 15:59:02,R_57RXNMbHibrGDbX,anonymous,AR,0.8999999761581421,1,3,15,200,30,200,15,1,2,5,2,15,200,30,200,2,1,1,1,15,200,15,200,2,1,5,3,1,2,1,10,4,3,3,3,,,,,,,,,1,3,2,4
2022-09-13 16:08:17,2022-09-13 16:08:44,0,3,27,0,2022-09-20 16:08:48,R_1dAGPo2olh8URVo,anonymous,AR,0.8999999761581421,1,,,,,,,,,,,,,,,,,,,,,,,,,,,,,,,,,,,,,,,,,,,,,,
2022-09-13 16:36:20,2022-09-13 16:37:18,0,8,57,0,2022-09-20 16:37:20,R_2AEcXBG5UcLQPMV,anonymous,AR,0.8999999761581421,1,,,,,,,,,,,,,,,,,,,,,,,,,,,,,,,,,,,,,,,,,,,3,2,1,4
2022-09-13 16:23:09,2022-09-13 16:38:50,0,56,941,0,2022-09-20 16:38:57,R_2eQYewMxe5wKb6Y,anonymous,AR,,1,1,0,20,0,10,30,1,5,1,1,0,20,0,30,1,2,1,2,30,50,30,50,2,5,2,1,1,,,,,,,,,,,,,,,,3,1,2,4
2022-09-13 15:25:33,2022-09-13 16:46:03,0,33,4829,0,2022-09-20 16:46:04,R_3ilFBdaac6OtgxL,anonymous,AR,1,1,2,15,20,30,40,10,,,,,15,25,30,40,3,1,3,,,,,,,,,,,,,,,,,,,,,,,,,,2,1,3,4
2022-09-13 16:56:46,2022-09-13 17:03:24,0,17,398,0,2022-09-20 17:03:30,R_bfPrN7LN5NZtQ4N,anonymous,AR,1,1,3,15,15,30,30,,,,,,,,,,,,,,,,,,,,,,,,,,,,,,,,,,,,,,1,2,4,3
2022-09-13 17:01:41,2022-09-13 17:05:34,0,19,233,0,2022-09-20 17:05:42,R_1rPKahQkuzSWtFt,anonymous,AR,0.8999999761581421,1,,,,,,,,,,,15,15,30,30,2,2,,,,,,,,,,,,,,,,,,,,,,,,,,,3,1,2,4
2022-09-13 17:09:44,2022-09-13 17:11:41,0,8,116,0,2022-09-20 17:11:43,R_1hWkcT1tZnnlV72,anonymous,AR,1,1,,,,,,,,,,,,,,,,,,,,,,,,,,,,,,,,,,,,,,,,,,,4,1,2,3
2022-09-13 17:22:51,2022-09-13 17:24:37,0,11,106,0,2022-09-20 17:24:41,R_2ck1hDHe7mcBju7,anonymous,AR,1,1,,,,,,,,,,,,,,,,,,,,,,,,,,,3,,,,,,,,,,,,,,,,4,2,3,1
2022-09-13 17:56:32,2022-09-13 18:05:03,0,31,510,0,2022-09-20 18:05:13,R_2dMjY4cF3A2qpsc,anonymous,AR,1,1,1,15,15,30,30,35,,,,,,,,,,,,,,,,,,,,,2,2,2,5,,,,,,,,,,,,,2,4,3,1
2022-09-13 17:53:36,2022-09-13 18:23:01,0,97,1765,0,2022-09-20 18:23:02,R_2Yhu1uN8AIl9913,anonymous,AR,0.8999999761581421,1,2,15,15,15,30,10,3,3,4,2,15,15,15,30,1,2,2,2,15,15,15,30,2,4,4,4,3,2,2,10,1,1,1,1,3,2,52,6,23,116,2,,3,1,4,2
2022-09-13 18:28:53,2022-09-13 18:32:44,0,19,230,0,2022-09-20 18:32:46,R_231SJKJYpihbsfH,anonymous,AR,1,1,,,,,,,,,,,,,,,,,,2,0,15,0,30,2,,,,,,,,,,,,,,,,,,,,4,2,1,3
2022-09-13 19:11:25,2022-09-13 19:20:15,0,33,530,0,2022-09-20 19:20:17,R_1o8d7REx5rPR2C3,anonymous,AR,1,1,,,,,,,,,,,15,20,30,50,1,1,2,3,0,30,0,30,2,,,,,,,,,,,,,,,,,,,,4,1,2,3
2022-09-13 19:13:19,2022-09-13 19:26:12,0,44,772,0,2022-09-20 19:26:12,R_3JCNByOnjI3Qs0R,anonymous,AR,0.8999999761581421,1,3,0,15,0,30,50,1,1,1,2,,,,,,,,3,15,15,15,30,2,1,1,1,3,1,,,,,,,,,,,,,,,2,4,1,3
2022-09-13 15:26:10,2022-09-13 19:51:28,0,8,15918,0,2022-09-20 19:51:34,R_1Qa2m60lZgMeffy,anonymous,AR,0.8999999761581421,1,,,,,,,,,,,,,,,,,,,,,,,,,,,,,,,,,,,,,,,,,,,4,2,3,1
2022-09-13 20:06:25,2022-09-13 20:06:57,0,8,32,0,2022-09-20 20:06:59,R_XMyz31UcP50kinD,anonymous,AR,1,1,,,,,,,,,,,,,,,,,,,,,,,,,,,,,,,,,,,,,,,,,,,3,4,1,2
2022-09-13 20:03:18,2022-09-13 20:13:31,0,39,612,0,2022-09-20 20:13:34,R_OjoJGlVhPWeeRC9,anonymous,AR,1,1,3,15,15,30,30,30,2,1,3,1,,,,,,,,3,30,30,30,30,1,2,3,2,,,,,,,,,,,,,,,,,1,3,2,4
2022-09-13 20:26:26,2022-09-13 20:32:59,0,33,392,0,2022-09-20 20:32:59,R_yki4LnugFA5UsrT,anonymous,AR,1,1,,,,,,,,,,,15,15,30,30,2,2,1,,,,,,,,,,3,2,1,7,,,,,,,,,,,,,3,2,4,1
2022-09-13 20:47:20,2022-09-13 21:18:15,0,58,1854,0,2022-09-20 21:18:19,R_25L8rwqgLcWbPxf,anonymous,AR,1,1,2,0,0,60,70,5000,,,,,15,15,30,30,1,1,2,3,50,50,30,30,1,5,1,5,2,2,1,10,,,,,,,,,,,,,4,3,2,1
2022-09-13 21:03:56,2022-09-13 21:19:41,0,47,944,0,2022-09-20 21:19:44,R_3fDfKilrKQUCiNg,anonymous,AR,1,1,1,0,15,0,30,15,1,5,5,,,,,,,,,1,15,15,30,30,1,1,5,5,2,2,2,10,,,,,,,,,,,,,3,4,1,2
2022-09-13 21:03:08,2022-09-13 21:26:37,0,61,1409,0,2022-09-20 21:26:42,R_29cXAuzIS4FPl8Z,anonymous,AR,1,1,2,15,20,30,40,20,4,1,2,2,15,30,30,40,1,1,2,2,20,30,30,40,2,5,1,2,2,1,2,,,,,,,,,,,,,,1,3,2,4
2022-09-13 21:34:02,2022-09-13 21:36:48,0,6,165,0,2022-09-20 21:36:49,R_27xLs5ocJ6q5Ofn,anonymous,AR,0.8999999761581421,1,,,,,,,,,,,,,,,,,,,,,,,,,,,,,,,,,,,,,,,,,,,,,,
2022-09-13 15:43:02,2022-09-13 22:06:25,0,8,23002,0,2022-09-20 22:06:26,R_1dKTdmJSaLx5XJn,anonymous,AR,1,1,,,,,,,,,,,,,,,,,,,,,,,,,,,,,,,,,,,,,,,,,,,4,2,3,1
2022-09-13 22:36:17,2022-09-13 22:44:20,0,44,483,0,2022-09-20 22:44:24,R_PIFP1yZRHU2GF3j,anonymous,AR,1,1,3,0,15,0,30,30,,,,,0,15,0,30,3,1,2,,,,,,,,,,3,2,2,20,,,,,,,,,,,,,3,1,4,2
2022-09-13 22:27:47,2022-09-13 22:52:11,0,81,1463,0,2022-09-20 22:52:18,R_sjUQhJizJZ9UPjH,anonymous,AR,0.8999999761581421,1,3,15,15,15,15,200,1,5,1,1,15,15,15,15,2,1,1,1,15,15,15,15,1,1,4,4,3,1,2,20,1,1,1,1,1,,,,,,,,2,3,4,1
2022-09-13 23:26:26,2022-09-13 23:28:01,0,11,94,0,2022-09-20 23:28:04,R_rjz2wczNIGeVNCN,anonymous,AR,1,1,2,,,,,,,,,,,,,,,,,,,,,,,,,,,,,,,,,,,,,,,,,,1,4,2,3
2022-09-13 23:31:46,2022-09-13 23:37:55,0,36,368,0,2022-09-20 23:37:56,R_2TH8MovlpKU9bgJ,anonymous,AR,1,1,,,,,,,,,,,15,15,15,15,1,1,2,2,,,,,,,,,2,2,2,50,,,,,,,,,,,,,4,1,3,2
2022-09-13 23:39:58,2022-09-13 23:55:47,0,39,949,0,2022-09-20 23:55:53,R_28zxUtkfH3BTARM,anonymous,AR,0.8999999761581421,1,1,15,15,15,30,45,4,5,1,2,,,,,,,,2,30,30,25,30,2,4,1,2,,,,,,,,,,,,,,,,,1,3,2,4
2022-09-14 00:14:11,2022-09-14 00:21:24,0,3,432,0,2022-09-21 00:21:26,R_3NzhAWkAnBg1uzk,anonymous,AR,,1,,,,,,,,,,,,,,,,,,,,,,,,,,,,,,,,,,,,,,,,,,,,,,
2022-09-14 00:15:23,2022-09-14 00:25:41,0,25,618,0,2022-09-21 00:25:47,R_svSd04d0WtHQEF3,anonymous,AR,1,1,1,10,15,10,30,15,1,1,3,1,,,,,,,,,,,,,,,,,,,,,,,,,,,,,,,,,1,2,3,4
2022-09-14 04:25:56,2022-09-14 04:29:49,0,22,232,0,2022-09-21 04:29:59,R_3lrWFjnEaAermzb,anonymous,AR,0.8999999761581421,1,1,,,,,,,,,,,,,,,,,,,,,,,,,,2,1,2,30,,,,,,,,,,,,,2,4,3,1
2022-09-14 03:58:44,2022-09-14 05:02:12,0,6,3808,0,2022-09-21 05:02:14,R_1j7lok8nAIKPO2e,anonymous,AR,1,1,,,,,,,,,,,,,,,,,,,,,,,,,,,,,,,,,,,,,,,,,,,,,,
2022-09-21 11:03:53,2022-09-21 11:16:41,0,100,767,1,2022-09-21 11:16:41,R_3JFbbkaSFKE8qtq,anonymous,AR,1,1,2,15,20,20,30,30,3,4,3,1,15,15,20,30,1,2,1,2,15,15,20,30,1,3,3,3,3,1,1,30,1,4,3,4,4,2,32,1,9,116,26,1,1,2,3,4
2022-09-21 11:20:41,2022-09-21 11:30:48,0,100,607,1,2022-09-21 11:30:49,R_3RyEKxm9kkvc45v,anonymous,AR,0.8999999761581421,1,1,15,30,15,50,20,1,1,1,1,15,30,15,40,1,2,1,2,15,30,15,40,1,1,1,1,2,2,1,20,1,4,3,1,3,2,29,1,17,116,2,1,1,2,3,4
2022-09-21 11:20:58,2022-09-21 11:41:29,0,100,1230,1,2022-09-21 11:41:29,R_2D5lSQxQSgLNLGl,anonymous,AR,1,1,3,0,15,0,30,150,4,4,4,2,15,15,30,30,3,1,1,3,15,15,30,30,2,4,4,4,3,2,1,50,2,2,3,4,4,2,27,1,20,116,2,1,3,4,1,2
2022-09-21 11:42:01,2022-09-21 11:59:38,0,100,1057,1,2022-09-21 11:59:38,R_bIvAYA8W5CwPM7D,anonymous,EN,1,1,3,15,15,30,30,200,4,2,2,2,15,15,30,30,3,1,2,2,15,15,30,30,1,5,4,5,1,1,2,49,2,1,3,1,5,1,43,2,16,116,2,1,3,2,4,1
2022-09-21 11:49:26,2022-09-21 12:00:40,0,100,673,1,2022-09-21 12:00:40,R_bHI1fQrWcpVXPS9,anonymous,AR,1,1,3,0,0,0,0,10,2,2,2,2,0,0,0,0,3,1,1,2,0,0,0,0,2,2,2,2,3,1,1,10,2,3,3,4,3,1,25,3,18,116,2,1,3,2,4,1
2022-09-21 12:49:20,2022-09-21 13:05:09,0,100,949,1,2022-09-21 13:05:09,R_eX2yUvj1UR8kQJb,anonymous,AR,1,1,3,0,0,0,0,20,1,5,5,2,0,0,0,0,3,1,1,3,15,50,30,100,2,5,1,5,3,1,1,20,1,1,1,1,2,1,38,4,14,116,2,1,2,3,1,4
2022-09-21 14:14:57,2022-09-21 14:40:56,0,100,1559,1,2022-09-21 14:40:57,R_bJVtXpVHg3UO4GR,anonymous,AR,1,1,1,0,15,0,15,50,1,5,3,2,15,15,15,15,3,1,1,2,30,30,30,30,2,3,3,1,2,1,1,20,2,4,3,4,5,2,31,7,15,116,2,1,3,2,1,4
2022-09-21 14:24:02,2022-09-21 14:45:17,0,100,1275,1,2022-09-21 14:45:18,R_2v35idnjs3ZZmFr,anonymous,AR,1,1,3,15,20,30,40,80,5,1,1,2,15,20,30,40,1,1,2,2,15,20,30,40,2,5,1,1,2,2,2,40,2,4,2,2,3,1,30,1,15,116,2,1,1,4,2,3
2022-09-21 14:43:01,2022-09-21 15:35:29,0,100,3147,1,2022-09-21 15:35:30,R_3gSFL6vSFuuKKlT,anonymous,AR,0.8999999761581421,1,2,15,15,15,15,50,1,1,1,1,15,15,15,15,3,1,2,3,30,30,30,30,1,1,1,1,3,1,1,50,1,4,3,4,4,1,32,2,12,116,2,1,1,3,2,4
2022-09-14 10:43:43,2022-09-14 17:02:15,0,25,22712,0,2022-09-21 17:02:18,R_3qOtqfDpI6cUumL,anonymous,AR,1,1,,,,,,,,,,,15,15,15,15,3,1,2,1,,,,,,,,,,,,,,,,,,,,,,,,,4,1,2,3
2022-09-21 16:29:08,2022-09-21 17:23:39,0,100,3270,1,2022-09-21 17:23:39,R_1irl6fCFlfQH0Gq,anonymous,AR,0.8999999761581421,1,2,0,15,0,15,15,2,5,4,1,15,30,15,30,2,1,2,1,30,300,30,300,1,1,2,2,2,1,2,15,3,4,1,1,5,1,29,1,20,116,2,1,2,4,1,3
2022-09-21 17:19:01,2022-09-21 17:32:52,0,100,830,1,2022-09-21 17:32:53,R_cRQXCoZxTaO8q53,anonymous,AR,1,1,2,15,15,30,30,20,4,4,2,1,15,15,30,30,2,2,2,2,30,30,30,30,1,2,2,2,2,2,2,20,1,4,1,4,3,1,27,3,18,116,26,1,3,4,2,1
2022-09-21 18:31:01,2022-09-21 18:31:17,0,100,16,1,2022-09-21 18:31:17,R_3PbDYMjhSvKBxeJ,anonymous,AR,1,2,,,,,,,,,,,,,,,,,,,,,,,,,,,,,,,,,,,,,,,,,,,,,,
2022-09-14 18:58:18,2022-09-14 19:38:43,0,78,2424,0,2022-09-21 19:38:53,R_1PdG2doBzuHpjhQ,anonymous,AR,1,1,1,15,15,15,30,20,3,2,3,1,15,15,15,30,1,2,2,2,30,30,30,30,1,3,3,3,2,2,2,10,2,2,3,4,,,,,,,,,4,3,2,1
2022-09-21 22:11:54,2022-09-21 22:34:52,0,100,1378,1,2022-09-21 22:34:52,R_DvpyJeG08zHN2Ux,anonymous,AR,0.8999999761581421,1,3,15,15,15,15,30,1,5,5,1,15,15,15,15,3,2,2,3,30,30,30,30,2,5,5,5,1,2,2,10,1,4,3,1,5,2,39,7,16,116,2,2,4,3,1,2
2022-09-21 22:44:19,2022-09-21 22:44:46,0,100,27,1,2022-09-21 22:44:46,R_1BRuqW2miwPYeem,anonymous,AR,0.8999999761581421,2,,,,,,,,,,,,,,,,,,,,,,,,,,,,,,,,,,,,,,,,,,,,,,
2022-09-21 22:39:06,2022-09-21 22:54:50,0,100,944,1,2022-09-21 22:54:50,R_2vc8xdHP7ibknCY,anonymous,EN,1,1,1,0,0,0,0,10,1,1,1,2,0,0,0,0,3,2,3,3,0,0,0,0,2,1,1,1,3,2,3,10,1,4,1,4,4,1,26,1,20,116,2,1,1,2,3,4
2022-09-21 22:52:59,2022-09-21 23:04:40,0,100,701,1,2022-09-21 23:04:42,R_1DG1Ke7kZKshYWE,anonymous,AR,0.8999999761581421,1,3,15,15,15,15,10,5,5,1,2,15,15,15,15,3,1,3,3,15,15,15,15,2,3,3,3,3,1,3,10,1,1,1,1,4,1,31,4,37,116,26,1,3,1,2,4
2022-09-21 22:45:51,2022-09-21 23:08:08,0,100,1337,1,2022-09-21 23:08:09,R_3CPNbtXNuUmZ97z,anonymous,AR,0.4000000059604645,1,2,15,15,30,30,30,1,1,1,1,15,15,30,30,2,2,2,2,15,51,30,30,1,1,1,1,1,2,2,30,1,3,3,4,3,1,22,7,16,116,2,1,1,2,4,3
2022-09-21 22:45:33,2022-09-21 23:09:09,0,100,1416,1,2022-09-21 23:09:09,R_2tEHuyiQtt3wk1I,anonymous,AR,1,1,2,15,15,30,30,20,1,5,5,1,15,30,30,60,2,1,2,2,15,30,30,60,1,5,5,5,1,1,2,5,1,4,1,1,5,1,21,7,15,116,2,1,1,4,2,3
2022-09-21 22:41:05,2022-09-21 23:10:04,0,100,1738,1,2022-09-21 23:10:04,R_bPmmPkkRwF4uURr,anonymous,AR,1,1,1,0,15,30,30,9,3,5,1,1,0,15,30,30,2,1,3,1,15,15,30,30,2,3,5,1,2,1,3,9,2,3,3,4,4,1,22,1,16,116,26,1,3,2,4,1
2022-09-21 23:22:26,2022-09-21 23:35:31,0,100,785,1,2022-09-21 23:35:32,R_301TzJeCps171u5,anonymous,AR,0.8999999761581421,1,3,15,30,30,40,30,3,4,5,2,30,40,30,40,3,2,2,2,30,40,30,40,2,4,4,3,3,2,2,30,4,4,3,4,3,2,22,7,17,116,2,1,3,2,1,4
2022-09-14 23:33:23,2022-09-14 23:40:05,0,17,401,0,2022-09-21 23:40:07,R_3L6XPjx7wVIZIgc,anonymous,AR,1,1,2,0,15,0,30,,,,,,,,,,,,,,,,,,,,,,,,,,,,,,,,,,,,,,1,2,4,3
2022-09-14 23:28:23,2022-09-14 23:41:36,0,67,792,0,2022-09-21 23:41:39,R_2E64jHSSlxtH46r,anonymous,AR,0.8999999761581421,1,3,90,130,30,40,14,5,3,4,1,9,100,39,76,3,1,3,3,16,13,34,7,1,5,3,4,3,1,1,7,,,,,,,,,,,,,2,3,4,1
2022-09-21 23:37:56,2022-09-22 00:06:16,0,100,1699,1,2022-09-22 00:06:16,R_3h5sA24AOp39mfL,anonymous,AR,1,1,1,0,15,0,30,20,3,5,3,1,15,15,15,15,2,2,2,3,30,30,30,30,2,3,5,3,2,2,3,15,1,4,3,4,4,1,23,7,17,116,2,1,2,4,1,3
2022-09-21 23:43:20,2022-09-22 00:12:46,0,100,1766,1,2022-09-22 00:12:47,R_32Vo99ZwxjUAOnh,anonymous,AR,1,1,1,15,15,30,30,15,3,5,3,2,15,15,30,30,3,1,3,3,15,15,30,30,2,3,4,2,2,2,3,10,3,3,1,4,4,1,20,1,15,116,2,1,1,3,4,2
2022-09-22 00:40:10,2022-09-22 01:02:24,0,100,1333,1,2022-09-22 01:02:24,R_2U61CRF9YsjPkWy,anonymous,AR,1,1,3,0,30,0,50,50,5,1,3,2,0,30,30,50,1,1,2,1,30,50,30,50,2,1,1,1,3,2,2,20,1,4,2,3,5,2,30,2,17,116,2,1,3,1,2,4
2022-09-22 00:48:57,2022-09-22 01:06:10,0,100,1033,1,2022-09-22 01:06:11,R_2e9zUdELGawGlY4,anonymous,AR,1,1,3,15,15,30,30,10,1,5,5,1,15,15,30,30,3,2,3,3,30,40,30,40,1,5,1,5,3,2,3,10,1,4,3,4,5,2,38,4,22,116,2,1,4,3,2,1
2022-09-22 01:00:31,2022-09-22 01:25:27,0,100,1496,1,2022-09-22 01:25:28,R_3fwu3dCdA2FSHKd,anonymous,AR,1,1,2,0,15,0,30,10,1,5,3,1,15,15,30,30,1,1,2,2,30,30,30,30,1,5,1,3,2,1,1,10,1,3,3,1,4,2,42,1,15,116,2,1,1,3,2,4
2022-09-22 01:02:02,2022-09-22 01:34:24,0,100,1941,1,2022-09-22 01:34:26,R_RgIw58CbFbtXibT,anonymous,AR,0.8999999761581421,1,3,15,15,15,15,20,3,5,1,2,15,15,20,20,3,1,3,2,30,30,30,30,2,5,1,3,3,2,3,10,1,3,2,2,4,1,27,1,15,116,2,1,3,1,4,2
2022-09-22 01:51:20,2022-09-22 02:14:55,0,100,1415,1,2022-09-22 02:14:56,R_sCh8ySYe7oCZB2V,anonymous,EN,0.8999999761581421,1,1,0,15,0,30,100,3,3,3,2,15,15,15,15,2,1,1,2,15,15,30,30,2,3,3,3,2,1,1,10,2,3,2,1,5,1,27,5,18,116,2,1,2,3,1,4
2022-09-15 02:16:10,2022-09-15 02:20:46,0,19,276,0,2022-09-22 02:20:47,R_1NEvuVOCcJqNnMe,anonymous,AR,1,1,,,,,,,,,,,,,,,,,,2,30,30,30,30,2,,,,,,,,,,,,,,,,,,,,4,3,1,2
2022-09-15 10:41:46,2022-09-15 10:57:03,0,97,916,0,2022-09-22 11:07:02,R_3KYKSujBzsq02PX,anonymous,AR,1,1,3,20,20,35,35,45,5,3,5,1,20,20,35,35,3,1,2,3,30,30,30,30,2,5,3,5,2,1,2,5,1,1,2,4,4,2,21,7,14,116,2,,4,3,2,1
2022-09-22 12:05:19,2022-09-22 12:28:29,0,100,1389,1,2022-09-22 12:28:29,R_2pM06Mqb0DVuufE,anonymous,EN,0.8999999761581421,1,3,0,50,0,100,80,4,2,2,2,0,50,0,100,2,1,2,2,0,30,0,50,2,4,2,2,2,1,1,25,1,3,3,3,5,2,20,1,15,116,2,1,1,3,2,4
2022-09-21 11:19:15,2022-09-22 17:11:16,0,100,107520,1,2022-09-22 17:11:16,R_6sTUNIPIws1aLXX,anonymous,AR,0.8999999761581421,1,1,0,15,0,30,50,3,3,3,1,0,15,0,30,1,2,2,2,0,15,0,30,1,3,3,3,2,2,2,30,4,4,3,4,4,1,38,7,14,116,2,1,1,2,4,3
2022-09-22 18:28:19,2022-09-22 18:49:24,0,100,1265,1,2022-09-22 18:49:26,R_3nMXdvIjYu2U9gj,anonymous,EN,0.8999999761581421,1,3,15,15,30,30,30,2,4,1,1,15,15,30,30,1,2,3,3,15,15,30,30,2,5,1,3,2,2,3,10,2,1,2,1,4,2,24,7,12,116,2,1,1,3,2,4
2022-09-22 20:45:50,2022-09-22 21:10:02,0,100,1451,1,2022-09-22 21:10:02,R_2EFzLi4FoJXKJ8V,anonymous,AR,0.8999999761581421,1,2,0,15,0,30,30,1,4,4,1,15,15,15,30,2,2,3,1,30,30,30,30,2,3,3,4,3,2,3,15,1,4,3,4,4,2,57,5,15,116,2,1,2,4,1,3
2022-09-22 21:32:18,2022-09-22 21:42:07,0,100,589,1,2022-09-22 21:42:07,R_2e4fnuRexAUNYZR,anonymous,AR,1,1,2,0,15,0,30,120,5,1,4,2,0,15,0,15,1,2,2,2,0,15,0,15,2,5,4,2,3,1,2,100,1,3,3,4,5,2,39,3,16,116,2,1,1,2,4,3
2022-09-15 21:48:13,2022-09-15 22:01:36,0,61,802,0,2022-09-22 22:01:41,R_1n0dRnqvrGytB68,anonymous,AR,1,1,3,15,15,15,15,5,5,1,3,,15,15,15,15,3,2,1,3,15,15,15,15,2,5,3,1,3,2,1,5,,,,,,,,,,,,,4,3,2,1
2022-09-22 21:48:42,2022-09-22 22:05:01,0,100,979,1,2022-09-22 22:05:02,R_bdpBw8LhbFR2HPr,anonymous,AR,0.8999999761581421,1,3,15,20,30,40,50,4,4,3,1,15,20,30,40,3,1,2,3,30,40,30,40,1,3,4,4,1,2,2,20,4,4,3,4,4,1,34,1,21,116,2,1,1,3,2,4
2022-09-22 21:46:05,2022-09-22 22:14:35,0,100,1709,1,2022-09-22 22:14:35,R_2aymOPj2p1ybojr,anonymous,AR,0.800000011920929,1,1,0,15,0,30,50,3,3,3,2,15,15,15,30,1,2,1,1,30,30,30,30,2,3,2,3,1,2,1,20,4,3,1,4,3,2,24,7,17,116,26,1,1,3,4,2
2022-09-22 22:12:05,2022-09-22 22:46:35,0,100,2069,1,2022-09-22 22:46:36,R_3p2PQL7TU3yl6Yo,anonymous,AR,1,1,3,15,15,15,15,20,1,1,2,1,15,15,15,15,1,1,3,3,15,15,15,15,2,1,5,5,1,1,3,10,1,4,2,1,5,1,42,1,26,116,2,1,4,2,1,3
2022-09-22 22:29:21,2022-09-22 22:50:05,0,100,1243,1,2022-09-22 22:50:05,R_3OEGbtq1gC6mShr,anonymous,AR,1,1,3,0,15,0,30,30,5,5,1,1,0,15,0,30,1,1,2,1,0,15,0,30,1,5,5,1,2,1,2,30,1,4,3,1,4,1,30,3,18,116,2,1,1,2,4,3
2022-09-22 22:50:23,2022-09-22 23:08:06,0,100,1063,1,2022-09-22 23:08:07,R_uh6YC3x8tcJfW25,anonymous,AR,1,1,1,15,15,30,30,50,1,5,4,1,15,15,30,30,1,2,2,2,30,30,30,30,2,4,2,2,2,2,2,10,1,4,2,4,4,2,38,7,17,116,2,1,3,2,1,4
2022-09-22 22:30:06,2022-09-22 23:12:54,0,100,2567,1,2022-09-22 23:12:54,R_1KpO6awVj5HMv8R,anonymous,AR,1,1,1,0,15,0,15,30,5,1,3,1,15,20,20,20,1,2,3,2,30,30,30,30,1,5,1,3,1,2,3,10,1,1,1,1,4,1,37,3,2015,116,2,1,3,1,2,4
2022-09-22 22:18:32,2022-09-22 23:21:24,0,100,3771,1,2022-09-22 23:21:24,R_1inuGaXVnEP642F,anonymous,AR,0.8999999761581421,1,3,15,15,30,30,20,1,5,5,1,15,15,30,30,3,2,2,3,30,30,30,30,1,4,2,1,3,2,1,10,4,4,3,4,4,2,58,6,14,116,11,1,2,4,1,3
2022-09-22 23:16:10,2022-09-22 23:29:21,0,100,791,1,2022-09-22 23:29:21,R_1NgI3ORrmhOq3MO,anonymous,AR,0.8999999761581421,1,3,0,15,0,15,20,3,3,3,2,0,15,0,15,3,2,1,3,0,15,0,15,2,4,4,3,3,2,1,20,1,4,1,4,4,1,27,6,19,116,2,1,4,2,3,1
2022-09-22 23:23:53,2022-09-22 23:43:34,0,100,1181,1,2022-09-22 23:43:34,R_1gbRtCfFnBx0cRL,anonymous,AR,1,1,3,0,0,0,0,30,4,2,2,2,15,15,15,15,1,2,2,3,30,30,30,30,2,3,3,3,3,2,2,30,2,4,3,4,4,2,50,7,20,116,2,1,4,2,1,3
2022-09-22 23:33:55,2022-09-23 00:01:35,0,100,1660,1,2022-09-23 00:01:36,R_qV1BxHpybph22k1,anonymous,AR,0.8999999761581421,1,2,0,150,0,130,30,5,4,1,1,15,15,30,30,1,2,1,1,30,30,30,30,1,5,1,1,2,1,1,20,1,3,2,4,5,1,55,6,22,116,2,1,1,3,4,2
2022-09-23 00:39:58,2022-09-23 00:59:35,0,100,1176,1,2022-09-23 00:59:35,R_26mOdbm99QgQiQq,anonymous,EN,0.8999999761581421,1,3,15,15,30,30,20,2,4,3,1,15,15,30,30,3,2,2,2,15,15,30,30,1,1,2,4,1,2,3,15,1,4,1,2,4,2,21,7,15,116,2,1,1,3,2,4
2022-09-23 01:36:57,2022-09-23 01:49:55,0,100,777,1,2022-09-23 01:49:55,R_2cCWmFtoWaTglwt,anonymous,EN,1,1,3,0,15,0,20,10,1,5,5,1,15,20,15,25,2,2,3,1,30,35,30,30,2,1,5,5,2,2,3,10,1,3,2,4,4,1,28,6,17,61,2,1,2,4,1,3
2022-09-23 01:41:47,2022-09-23 01:56:01,0,100,853,1,2022-09-23 01:56:01,R_3NLfXU5I75XuLGc,anonymous,AR,1,1,3,15,15,30,30,10,1,4,5,1,15,15,30,30,3,2,2,2,30,30,30,30,1,1,1,4,3,2,2,10,4,4,1,4,5,1,24,7,13,116,2,1,2,1,4,3
2022-09-23 01:54:27,2022-09-23 02:09:11,0,100,883,1,2022-09-23 02:09:12,R_2bWqV4RcgFZjwcX,anonymous,AR,1,1,1,0,15,0,30,20,1,5,3,1,15,15,30,30,2,2,2,1,30,30,30,30,1,4,2,4,2,2,2,10,3,4,3,4,5,2,28,1,17,116,2,1,3,1,4,2
2022-09-16 04:04:14,2022-09-16 04:19:12,0,44,897,0,2022-09-23 04:19:17,R_9ueVXzD4YUtMzaV,anonymous,AR,1,1,1,15,15,30,30,5,5,1,5,2,,,,,,,,1,15,15,30,30,1,5,1,5,3,2,,,,,,,,,,,,,,,1,4,2,3
2022-09-23 12:25:47,2022-09-23 12:45:13,0,100,1165,1,2022-09-23 12:45:13,R_31sibKfvenJQsVt,anonymous,AR,1,1,1,15,15,15,30,15,3,4,4,1,15,20,15,30,1,1,2,2,30,30,30,30,1,3,4,3,3,1,1,15,1,1,2,1,5,1,30,3,16,116,26,1,3,2,4,1
2022-09-23 13:13:26,2022-09-23 13:32:37,0,100,1150,1,2022-09-23 13:32:37,R_27s5AOfoZkPCU2Y,anonymous,AR,1,1,3,0,15,0,30,10,5,3,5,2,0,15,0,30,1,1,2,2,0,15,0,30,2,5,1,5,3,2,2,10,1,3,2,2,4,2,18,1,13,116,2,1,4,3,1,2
2022-09-23 13:21:45,2022-09-23 13:45:04,0,100,1398,1,2022-09-23 13:45:04,R_cvuIO4zRGOOfcJ3,anonymous,AR,1,1,2,20,30,40,50,22,1,4,4,1,20,30,40,50,2,2,3,2,30,50,40,60,2,2,1,1,2,2,3,6,3,1,2,1,4,2,19,1,14,84,2,1,1,4,2,3
2022-09-16 14:21:23,2022-09-16 14:26:55,0,25,332,0,2022-09-23 14:26:59,R_2tuiCJ0fX63RAGg,anonymous,AR,0.8999999761581421,1,3,15,15,15,15,50,3,2,2,1,,,,,,,,,,,,,,,,,,,,,,,,,,,,,,,,,1,2,4,3
2022-09-16 14:30:33,2022-09-16 14:44:13,0,50,819,0,2022-09-23 14:44:15,R_1rNCegV1bHG4ya4,anonymous,AR,1,1,3,0,0,0,0,30,5,1,5,1,15,15,15,15,3,1,,3,30,30,30,30,1,5,5,5,,,,,,,,,,,,,,,,,2,3,1,4
2022-09-16 15:57:15,2022-09-16 16:02:40,0,36,324,0,2022-09-23 16:02:46,R_2s5bhDpEhv32q9G,anonymous,AR,0.8999999761581421,1,2,,,,,,,,,,10,15,10,30,2,2,2,,,,,,,,,,2,2,2,10,,,,,,,,,,,,,3,1,4,2
2022-09-16 17:13:14,2022-09-16 17:16:09,0,8,175,0,2022-09-23 17:16:15,R_sAIsesHs9TgUuml,anonymous,AR,1,1,,,,,,,,,,,,,,,,,,,,,,,,,,,,,,,,,,,,,,,,,,,2,1,4,3
2022-09-23 17:04:32,2022-09-23 17:23:41,0,100,1148,1,2022-09-23 17:23:41,R_qJCUfVA3RugW94R,anonymous,AR,0.8999999761581421,1,1,15,30,30,60,70,4,3,2,1,15,30,30,60,1,1,2,3,30,60,30,60,1,3,3,2,3,1,2,10,1,3,2,4,4,2,21,1,15,116,2,1,1,3,2,4
2022-09-22 21:24:15,2022-09-23 17:59:24,0,100,74109,1,2022-09-23 17:59:24,R_1LFhSRNHnG7FLjB,anonymous,AR,1,1,2,15,30,30,50,20,5,5,5,1,15,30,30,60,1,1,2,2,30,30,30,50,1,5,5,5,2,1,2,10,1,1,1,2,4,1,30,2,6,116,2,1,2,3,1,4
2022-09-16 18:48:51,2022-09-16 18:50:03,8,3,72,0,2022-09-23 18:50:04,R_3oNOsoloptUBD1j,anonymous,AR,1,1,,,,,,,,,,,,,,,,,,,,,,,,,,,,,,,,,,,,,,,,,,,,,,
2022-09-23 17:01:34,2022-09-23 18:50:17,0,100,6522,1,2022-09-23 18:50:17,R_2VJbzWizuNcBz4H,anonymous,AR,1,1,1,15,15,30,30,10,2,4,3,1,15,15,30,30,1,2,2,2,15,15,30,30,1,2,4,4,2,2,2,10,2,1,2,1,5,1,25,3,18,116,2,1,2,4,1,3
2022-09-16 14:11:42,2022-09-16 18:51:55,0,81,16813,0,2022-09-23 18:51:59,R_bk2bHMemc2MGjjH,anonymous,AR,1,1,3,15,15,30,30,50,4,4,1,1,20,20,35,35,1,2,1,2,20,20,35,35,1,5,3,5,3,2,1,20,4,4,3,4,4,,,,,,,,4,2,1,3
2022-09-23 18:39:10,2022-09-23 19:00:27,0,100,1277,1,2022-09-23 19:00:27,R_1LZMoYBMyDTNGNx,anonymous,AR,1,1,2,0,0,0,0,25,4,2,5,1,0,15,0,15,1,2,2,2,0,15,0,15,1,5,1,3,3,2,2,15,1,4,3,4,4,1,40,5,15,116,2,2,2,4,3,1
2022-09-23 19:20:28,2022-09-23 19:35:20,0,100,892,1,2022-09-23 19:35:20,R_CjEUP7ymKIchyrT,anonymous,AR,1,1,1,15,15,30,30,0,4,4,3,2,0,50,30,50,1,1,2,2,30,30,30,30,1,5,1,4,1,2,2,10,1,3,3,4,3,2,23,3,16,116,2,1,4,1,2,3
2022-09-23 21:37:42,2022-09-23 21:56:59,0,100,1156,1,2022-09-23 21:56:59,R_3oHZ2J1813TZnRx,anonymous,AR,0.8999999761581421,1,1,15,15,30,30,100,2,2,5,2,15,15,30,30,1,1,3,1,30,30,30,30,1,2,5,4,3,1,2,100,1,3,1,4,5,1,46,6,16,116,2,1,3,2,1,4
2022-09-23 23:15:31,2022-09-23 23:34:11,0,100,1120,1,2022-09-23 23:34:12,R_YYpmjdcfmRPCeNb,anonymous,AR,1,1,1,20,20,30,30,50,2,2,5,1,20,20,30,30,1,2,1,2,20,20,30,30,2,3,3,5,1,2,1,10,1,4,3,3,4,1,47,3,15,116,2,1,1,2,3,4
2022-09-23 23:13:44,2022-09-23 23:47:17,0,100,2013,1,2022-09-23 23:47:17,R_1K26vK1PmWAoI4d,anonymous,AR,0.8999999761581421,1,1,0,20,30,40,60,5,1,5,1,0,20,0,40,1,1,2,1,15,15,30,30,1,5,1,5,2,1,2,10,1,1,2,1,5,2,51,6,27,116,2,1,1,3,4,2
2022-09-24 00:58:28,2022-09-24 01:17:46,0,100,1158,1,2022-09-24 01:17:46,R_1LnEgJ1eU7bjPJZ,anonymous,AR,0.8999999761581421,1,2,0,0,0,0,10,5,1,5,2,15,15,15,15,2,1,1,2,15,15,15,15,2,5,1,1,2,1,1,10,1,3,1,4,4,1,30,7,15,116,2,1,3,4,1,2
2022-09-23 20:48:18,2022-09-24 02:05:53,0,100,19054,1,2022-09-24 02:05:53,R_2v6a5nMDbxqoZPQ,anonymous,AR,0.8999999761581421,1,1,15,15,30,30,20,3,3,3,1,15,15,15,15,1,1,2,2,15,15,15,15,1,3,3,3,2,2,2,20,4,4,2,4,5,2,28,1,17,116,26,1,1,2,3,4
2022-09-24 01:51:54,2022-09-24 02:12:27,0,100,1233,1,2022-09-24 02:12:27,R_AN9FEq16LYFNVCx,anonymous,AR,0.8999999761581421,1,2,15,15,15,15,20,5,5,5,1,15,15,30,30,1,2,1,2,30,30,30,30,2,5,5,5,3,2,1,20,1,4,3,4,4,1,30,7,3,116,2,1,4,1,2,3
2022-09-24 01:39:13,2022-09-24 02:12:34,0,100,2001,1,2022-09-24 02:12:35,R_1Fys2FsoBSoX3Sx,anonymous,AR,0.800000011920929,1,3,15,15,30,30,20,1,3,3,1,15,15,30,30,3,1,1,3,30,30,30,30,1,3,2,2,3,1,1,20,1,1,3,1,5,1,34,1,16,116,2,1,3,2,1,4
2022-09-17 02:10:07,2022-09-17 02:12:48,0,11,160,0,2022-09-24 02:12:52,R_AdMKrimUscZhwSB,anonymous,AR,1,1,2,,,,,,,,,,,,,,,,,,,,,,,,,,,,,,,,,,,,,,,,,,1,4,3,2
2022-09-17 10:08:21,2022-09-17 10:17:30,0,44,549,0,2022-09-24 10:17:31,R_1nNh2dtuxAfdvAu,anonymous,AR,1,1,2,0,0,0,0,,,,,,15,15,15,15,2,1,2,2,30,30,30,30,2,4,4,3,,,,,,,,,,,,,,,,,3,2,1,4
2022-09-24 10:56:35,2022-09-24 11:19:03,0,100,1348,1,2022-09-24 11:19:04,R_DLUTCk7B7JMfwsh,anonymous,AR,1,1,3,15,15,30,30,20,4,2,4,1,15,15,30,30,1,2,2,2,15,15,30,30,1,4,2,2,3,2,2,10,2,4,3,4,4,1,30,1,22,116,2,1,3,2,1,4
2022-09-24 11:21:58,2022-09-24 11:44:57,0,100,1379,1,2022-09-24 11:44:58,R_vqrkx3c7eOpxXq1,anonymous,AR,1,1,3,0,0,0,0,50,3,1,1,1,15,15,15,15,1,2,1,1,15,15,15,15,1,3,1,3,3,2,1,20,1,3,3,1,4,1,43,5,14,116,11,1,1,2,3,4
2022-09-24 11:50:12,2022-09-24 12:10:47,0,100,1234,1,2022-09-24 12:10:47,R_1difJtUseGdYpNw,anonymous,AR,0.8999999761581421,1,1,15,15,15,15,20,2,3,3,1,15,15,15,15,1,2,1,2,15,15,15,15,1,3,3,3,2,2,1,7,1,4,3,4,3,1,37,4,18,116,2,1,4,2,1,3
2022-09-24 12:14:08,2022-09-24 12:37:56,0,100,1427,1,2022-09-24 12:37:56,R_2tlLAYnBMNkeuUw,anonymous,AR,1,1,1,0,15,0,30,25,5,1,5,1,0,15,0,30,1,1,2,2,0,30,0,30,1,5,1,5,2,1,2,10,4,4,3,4,5,2,24,7,16,116,2,1,1,3,4,2
2022-09-24 12:55:46,2022-09-24 13:20:49,0,100,1503,1,2022-09-24 13:20:51,R_1CxQ7QnlXQYjsIL,anonymous,AR,1,1,2,15,15,30,30,10,4,5,2,1,15,15,30,30,3,1,1,3,30,30,30,30,1,4,2,1,3,1,1,10,2,4,3,1,4,1,34,4,24,116,2,1,1,3,2,4
2022-09-24 12:53:13,2022-09-24 13:26:15,0,100,1982,1,2022-09-24 13:26:17,R_3gLekPDKOD6szc6,anonymous,AR,1,1,2,15,15,30,30,50,1,4,4,1,15,15,15,30,1,2,1,2,15,15,15,30,2,1,4,4,2,2,1,20,1,4,3,4,5,1,43,1,19,116,26,1,1,3,2,4
2022-09-17 15:13:12,2022-09-17 15:15:39,0,11,147,0,2022-09-24 15:15:42,R_22s2Oi7ojoxjF4p,anonymous,AR,1,1,3,,,,,,,,,,,,,,,,,,,,,,,,,,,,,,,,,,,,,,,,,,1,3,2,4
2022-09-17 18:47:09,2022-09-17 18:49:14,0,14,125,0,2022-09-24 18:49:22,R_3Ooa9IHtDpUXOHc,anonymous,AR,1,1,,,,,,,,,,,,,,,,,,,,,,,,,,,3,2,,,,,,,,,,,,,,,4,2,3,1
2022-09-24 19:05:26,2022-09-24 19:45:18,0,100,2392,1,2022-09-24 19:45:18,R_2BrIsr3W2TtDLCo,anonymous,AR,1,1,2,20,30,40,60,20,1,1,5,2,15,20,35,40,1,1,2,1,40,50,60,80,2,1,5,1,1,1,1,30,4,4,2,4,5,1,42,7,20,116,2,1,3,1,2,4
2022-09-24 20:00:48,2022-09-24 20:37:25,0,100,2197,1,2022-09-24 20:37:27,R_2zpcdLDVD1KUTFt,anonymous,AR,1,1,3,0,15,0,20,30,2,5,3,1,0,15,0,30,3,2,3,3,30,30,30,30,2,5,1,3,3,2,3,15,2,4,3,4,4,1,44,7,18,116,2,1,4,1,2,3
2022-09-24 22:27:14,2022-09-24 22:39:24,0,100,730,1,2022-09-24 22:39:25,R_1BPEtjVHhQ9HxrR,anonymous,AR,1,1,2,0,15,0,15,15,5,2,3,1,0,15,0,15,1,2,2,2,15,30,15,30,1,4,2,2,3,2,2,15,2,4,1,4,4,1,30,1,19,116,11,1,3,4,2,1
2022-09-25 11:18:25,2022-09-25 11:38:35,0,100,1210,1,2022-09-25 11:38:35,R_scZOwpLP6uAzEuR,anonymous,AR,0.699999988079071,1,2,15,15,15,30,30,2,4,4,1,15,15,15,30,1,1,3,1,15,15,15,30,1,2,2,4,2,2,3,30,2,3,2,4,4,1,25,3,19,116,2,1,2,3,1,4
2022-09-25 14:38:09,2022-09-25 14:58:11,0,100,1201,1,2022-09-25 14:58:11,R_ByyYcJKEh2xAjlL,anonymous,AR,0.8999999761581421,1,1,15,15,30,30,20,1,5,5,1,15,15,30,30,1,2,2,2,15,15,30,30,1,2,2,5,2,2,2,15,1,3,3,1,5,1,52,4,17,116,2,1,1,2,4,3
2022-09-25 14:53:19,2022-09-25 15:19:55,0,100,1595,1,2022-09-25 15:19:55,R_25Z9k5hWIjmoEWh,anonymous,AR,1,1,3,10,15,15,30,20,5,2,1,2,10,15,15,30,3,2,3,3,10,15,15,30,2,4,2,1,3,2,3,10,2,2,3,2,4,1,27,7,15,116,2,1,1,4,3,2
2022-09-25 17:53:40,2022-09-25 18:21:17,0,100,1657,1,2022-09-25 18:21:18,R_8GrrKLtmy4SnRgB,anonymous,AR,0.8999999761581421,1,3,0,15,0,30,5,1,1,1,1,0,15,0,30,1,1,2,2,0,15,0,15,2,1,1,1,3,1,2,5,2,4,3,4,3,1,30,7,24,116,2,1,2,1,3,4
2022-09-26 13:06:02,2022-09-26 13:26:21,0,100,1218,1,2022-09-26 13:26:21,R_2EyPP6SHIkITJGd,anonymous,AR,1,1,2,15,15,30,40,10,2,2,2,2,15,15,30,40,2,1,1,3,15,15,30,40,2,2,2,2,3,1,1,10,1,1,1,4,5,1,25,7,15,116,2,1,3,4,2,1
2022-09-26 13:18:08,2022-09-26 13:29:44,0,100,695,1,2022-09-26 13:29:45,R_d0grtMdGBkfxfQ5,anonymous,AR,1,1,1,0,15,0,15,100,3,3,3,2,0,15,0,15,1,1,2,1,0,15,0,15,2,3,3,3,2,2,2,10,1,3,2,1,3,1,38,7,15,116,2,1,3,1,4,2
2022-09-19 18:17:03,2022-09-19 18:18:08,0,11,64,0,2022-09-26 18:18:11,R_27jwArbjwaHfTWW,anonymous,AR,1,1,,,,,,,,,,,,,,,,,,,,,,,,,,,2,,,,,,,,,,,,,,,,4,3,2,1
2022-09-19 19:08:33,2022-09-19 19:09:11,8,3,37,0,2022-09-26 19:09:14,R_1j9Z4ThGctfPMNI,anonymous,AR,0.8999999761581421,1,,,,,,,,,,,,,,,,,,,,,,,,,,,,,,,,,,,,,,,,,,,,,,
2022-09-26 19:43:40,2022-09-26 19:57:10,0,100,809,1,2022-09-26 19:57:11,R_2fH9HpvoTWaPOSC,anonymous,AR,1,1,2,15,20,30,50,20,1,3,3,1,15,20,30,50,2,2,3,3,15,15,30,30,2,1,1,1,3,2,2,20,1,4,3,3,3,2,43,3,13,116,2,1,4,3,1,2
2022-09-26 21:12:43,2022-09-26 21:41:54,0,100,1751,1,2022-09-26 21:41:56,R_30kqFnrqJeg0Gjq,anonymous,AR,1,1,1,0,15,0,15,20,1,5,5,1,15,15,15,15,1,1,2,2,30,30,30,30,1,1,5,5,1,2,2,5,1,3,3,3,5,2,40,6,22,116,2,1,4,3,1,2
2022-09-19 23:13:05,2022-09-19 23:19:48,0,42,402,0,2022-09-26 23:19:52,R_SH2gcBhYEuzTO01,anonymous,AR,1,1,3,15,15,30,39,20,5,1,2,1,15,15,30,30,,,,,,,,,,,,,3,1,3,10,,,,,,,,,,,,,2,3,4,1
2022-09-19 23:12:20,2022-09-19 23:21:13,0,39,532,0,2022-09-26 23:21:20,R_2QnhabXlVwnZdEA,anonymous,AR,0.8999999761581421,1,3,0,15,0,15,20,5,1,1,1,0,15,0,15,2,2,1,,,,,,,,,,,,,,,,,,,,,,,,,,2,1,4,3
2022-09-19 23:19:16,2022-09-19 23:21:46,0,11,150,0,2022-09-26 23:21:54,R_2fBAf7WMqJWfiRG,anonymous,AR,1,1,,,,,,,,,,,,,,,,,,2,,,,,,,,,,,,,,,,,,,,,,,,,4,2,1,3
2022-09-19 23:14:41,2022-09-19 23:23:56,0,50,555,0,2022-09-26 23:24:03,R_RKzpnsdUkcksWvT,anonymous,AR,1,1,3,15,15,30,30,50,1,2,2,2,15,15,30,30,3,1,2,,,,,,,,,,3,1,2,50,,,,,,,,,,,,,2,3,4,1
2022-09-26 23:12:33,2022-09-27 00:22:57,0,100,4224,1,2022-09-27 00:22:57,R_1E4LL14XobNfoli,anonymous,AR,1,1,1,15,15,15,15,40,3,3,1,2,15,15,15,15,1,1,2,1,15,15,15,15,2,3,3,1,3,1,2,20,1,1,1,2,4,2,57,6,14,116,2,1,3,2,1,4
2022-09-27 13:42:47,2022-09-27 14:06:24,0,100,1416,1,2022-09-27 14:06:24,R_BrngOQPiYKchnMd,anonymous,EN,0.8999999761581421,1,1,0,15,0,30,40,1,5,2,1,15,25,15,50,1,1,1,2,30,60,30,60,1,2,5,2,2,2,1,20,1,1,3,4,5,1,28,7,19,116,7,1,2,3,1,4
2022-09-27 14:48:53,2022-09-27 15:13:35,0,100,1482,1,2022-09-27 15:13:36,R_3PXGDulm9ZInRhO,anonymous,AR,1,1,3,15,15,30,30,70,2,2,3,2,30,30,30,30,3,2,2,2,30,30,30,30,1,5,5,1,2,1,2,20,1,4,3,4,4,1,40,2,14,116,2,1,4,2,1,3
2022-09-27 12:37:19,2022-09-27 15:36:50,0,100,10771,1,2022-09-27 15:36:51,R_1IKphxWW10VpSNL,anonymous,AR,0.8999999761581421,1,3,0,0,0,16,20,1,2,1,1,0,15,15,30,3,1,2,2,0,15,15,30,2,5,1,1,3,2,2,100,2,2,1,1,3,1,45,2,11,116,2,1,2,3,4,1
2022-09-27 14:56:21,2022-09-27 16:25:06,0,100,5325,1,2022-09-27 16:25:06,R_2Egc8Dkhv5xjxVE,anonymous,AR,1,1,1,0,15,0,30,40,2,2,2,1,15,15,15,30,1,1,3,1,30,30,30,30,1,3,3,2,1,1,3,20,1,3,3,4,5,1,64,7,15,116,2,1,4,2,3,1
2022-09-27 19:47:20,2022-09-27 20:46:27,0,100,3547,1,2022-09-27 20:46:28,R_10BHZO8wrcZBaPM,anonymous,AR,1,1,1,0,15,0,30,12,5,5,1,2,0,15,0,30,1,2,3,2,15,30,15,30,2,5,5,5,2,2,3,25,4,4,3,1,3,1,30,2,25,116,2,1,3,2,4,1
2022-09-19 15:33:10,2022-09-21 03:55:20,0,39,130930,0,2022-09-28 03:55:26,R_2V3j0iNYVuJYNM8,anonymous,AR,0.8999999761581421,1,2,15,15,30,30,20,1,5,3,1,,,,,,,,2,30,40,30,40,1,3,4,4,,,,,,,,,,,,,,,,,2,3,1,4
2022-09-21 10:53:41,2022-09-21 10:59:36,0,25,355,0,2022-09-28 11:00:15,R_1GDg6ZIOypojaUe,anonymous,AR,1,1,3,,,,,,,,,,15,15,30,30,3,2,1,,,,,,,,,,,,,,,,,,,,,,,,,,2,1,4,3
2022-09-21 11:23:37,2022-09-21 11:23:44,8,3,6,0,2022-09-28 11:27:20,R_3qrL27DsyvFvumq,anonymous,EN,0.8999999761581421,1,,,,,,,,,,,,,,,,,,,,,,,,,,,,,,,,,,,,,,,,,,,,,,
2022-09-21 11:06:19,2022-09-21 11:46:52,0,11,2432,0,2022-09-28 12:07:48,R_1Nk0lIikiy9s3Vr,anonymous,AR,1,1,2,,,,,,,,,,,,,,,,,,,,,,,,,,,,,,,,,,,,,,,,,,1,4,2,3
2022-09-21 11:40:48,2022-09-21 12:39:24,0,42,3516,0,2022-09-28 12:39:29,R_1oHn76HisQxGPk9,anonymous,AR,1,1,2,15,20,15,30,50,1,5,1,1,15,20,15,30,2,1,1,,,,,,,,,,2,,,,,,,,,,,,,,,,1,2,4,3
2022-09-21 13:48:02,2022-09-21 13:51:40,0,19,217,0,2022-09-28 13:51:49,R_0N6UPETg0rKhJsd,anonymous,AR,1,1,,,,,,,,,,,,,,,,,,,,,,,,,,,2,1,1,5,,,,,,,,,,,,,3,2,4,1
2022-09-21 14:01:20,2022-09-21 14:05:18,0,22,238,0,2022-09-28 14:05:19,R_3LXeyB6XC1sXhDZ,anonymous,AR,1,1,,,,,,,,,,,,,,,,,,2,,,,,,,,,1,2,2,10,,,,,,,,,,,,,4,3,2,1
2022-09-28 15:34:28,2022-09-28 15:35:21,0,100,53,1,2022-09-28 15:35:22,R_2SHo1m2QUPHYmq2,anonymous,EN,0.8999999761581421,2,,,,,,,,,,,,,,,,,,,,,,,,,,,,,,,,,,,,,,,,,,,,,,
2022-09-21 15:52:41,2022-09-21 15:53:20,0,3,38,0,2022-09-28 15:53:25,R_2uxja27htH6miGv,anonymous,AR,1,1,,,,,,,,,,,,,,,,,,,,,,,,,,,,,,,,,,,,,,,,,,,,,,
2022-09-21 14:20:34,2022-09-21 15:59:56,0,67,5961,0,2022-09-28 15:59:58,R_PwisI5ZiqWvxAEp,anonymous,AR,1,1,1,15,15,30,30,100,1,1,1,1,15,15,15,30,1,1,1,2,30,30,30,30,1,4,1,5,2,1,1,40,,,,,,,,,,,,,4,1,2,3
2022-09-28 15:25:05,2022-09-28 16:01:55,0,100,2210,1,2022-09-28 16:01:56,R_2CH80Mt8fpOr1PH,anonymous,EN,1,1,1,0,15,0,30,30,1,5,3,1,0,25,0,25,1,1,2,2,0,40,0,40,2,5,1,1,3,2,2,15,2,3,3,4,5,1,30,6,5,116,2,1,4,1,3,2
2022-09-28 15:46:23,2022-09-28 16:17:32,0,100,1868,1,2022-09-28 16:17:32,R_1K1NMSaWw8unTyg,anonymous,EN,0.8999999761581421,1,3,0,60,0,15,50,5,5,1,2,0,60,0,15,3,1,2,3,0,60,30,15,2,5,5,1,2,1,2,50,1,3,3,4,3,2,27,7,5,116,2,1,3,4,2,1
2022-09-21 16:01:14,2022-09-21 16:22:06,0,78,1252,0,2022-09-28 16:22:08,R_2w1sjsS2vSJKPeQ,anonymous,AR,1,1,1,0,15,0,30,60,3,3,3,2,0,15,0,30,1,1,2,3,0,15,0,30,2,3,3,3,3,1,2,10,1,4,1,3,,,,,,,,,1,3,4,2
2022-09-28 15:35:37,2022-09-28 16:22:15,0,100,2798,1,2022-09-28 16:22:17,R_27J5X8guBcoxYVN,anonymous,AR,,1,3,0,15,0,30,80,1,3,1,1,15,20,30,40,1,1,3,2,30,40,30,50,2,5,1,5,3,1,3,10,1,4,3,3,4,2,26,7,18,116,2,1,2,4,3,1
2022-09-21 11:31:04,2022-09-21 17:25:19,0,8,21255,0,2022-09-28 17:25:23,R_1ml1Cm4KDNnwRSC,anonymous,EN,1,1,,,,,,,,,,,,,,,,,,,,,,,,,,,,,,,,,,,,,,,,,,,3,4,2,1
2022-09-28 17:18:47,2022-09-28 17:33:42,0,100,895,1,2022-09-28 17:33:43,R_1LTDCwzJW170acO,anonymous,EN,0.8999999761581421,1,2,0,15,0,30,50,1,5,2,1,15,15,15,30,2,1,2,2,30,30,30,30,1,4,3,3,2,1,3,20,1,3,3,4,5,1,28,7,18,116,2,1,1,4,3,2
2022-09-21 18:00:09,2022-09-21 18:01:50,0,3,101,0,2022-09-28 18:01:58,R_3kMOsNpLfaVHUcm,anonymous,AR,0.8999999761581421,1,,,,,,,,,,,,,,,,,,,,,,,,,,,,,,,,,,,,,,,,,,,,,,
2022-09-21 18:48:16,2022-09-21 19:23:14,0,11,2098,0,2022-09-28 19:23:19,R_3kANTWfQrdzKTbj,anonymous,EN,1,1,,,,,,,,,,,,,,,,,,1,,,,,,,,,,,,,,,,,,,,,,,,,2,3,1,4
2022-09-21 19:26:04,2022-09-21 19:32:09,0,22,365,0,2022-09-28 19:32:13,R_1DIGeqv0hNMQGoe,anonymous,AR,1,1,,,,,,,,,,,,,,,,,,3,,,,,,,,,3,2,1,5,,,,,,,,,,,,,3,4,2,1
2022-09-21 19:08:07,2022-09-21 20:00:38,0,25,3151,0,2022-09-28 20:00:39,R_3QLR8hRvBXMctHv,anonymous,AR,0.8999999761581421,1,3,,,,,,,,,,15,15,30,30,3,1,2,,,,,,,,,,,,,,,,,,,,,,,,,,2,1,3,4
2022-09-21 20:27:50,2022-09-21 20:33:03,0,17,312,0,2022-09-28 20:33:07,R_oYIEv16cTbZT3kB,anonymous,AR,1,1,,,,,,,,,,,,,,,,,,,,,,,,,,,3,2,1,,,,,,,,,,,,,,4,3,2,1
2022-09-21 20:38:25,2022-09-21 20:49:47,0,14,681,0,2022-09-28 20:49:49,R_1dGImnSQScXzwHg,anonymous,AR,0.8999999761581421,1,,,,,,,,,,,,,,,,,,,,,,,,,,,3,2,,,,,,,,,,,,,,,3,2,4,1
2022-09-21 20:53:52,2022-09-21 20:56:47,0,11,174,0,2022-09-28 20:56:53,R_PAnAhWk0L2h9V1n,anonymous,AR,1,1,,,,,,,,,,,,,,,,,,3,,,,,,,,,,,,,,,,,,,,,,,,,2,3,1,4
2022-09-28 22:14:15,2022-09-28 22:22:18,0,100,483,1,2022-09-28 22:22:18,R_22nvH5LFUMkrq80,anonymous,AR,1,1,3,20,20,30,30,10,3,3,3,1,20,20,30,30,3,1,2,3,20,20,30,30,1,3,3,3,3,1,2,10,2,3,3,4,3,1,18,7,13,116,2,1,3,2,1,4
2022-09-28 21:53:01,2022-09-28 22:22:36,0,100,1775,1,2022-09-28 22:22:36,R_9sD7mqSO4iaNVEl,anonymous,AR,1,1,1,0,15,0,30,300,4,2,1,1,15,15,15,30,1,1,2,1,30,30,30,30,1,4,2,3,2,2,2,50,1,4,3,4,5,2,22,1,14,116,2,1,3,2,1,4
2022-09-28 22:14:08,2022-09-28 22:40:09,0,100,1561,1,2022-09-28 22:40:10,R_2VF4UJOFsImgmc7,anonymous,AR,0.8999999761581421,1,1,10,15,15,20,50,2,3,3,1,15,20,30,35,3,2,2,2,30,30,30,30,1,2,4,4,3,2,2,5,1,4,1,4,4,2,24,1,17,116,2,1,4,2,3,1
2022-09-21 22:39:54,2022-09-21 22:40:40,0,8,45,0,2022-09-28 22:40:45,R_32QMKzsleuelzBs,anonymous,EN,0.8999999761581421,1,,,,,,,,,,,,,,,,,,,,,,,,,,,,,,,,,,,,,,,,,,,2,4,3,1
2022-09-21 22:38:38,2022-09-21 22:41:19,0,14,161,0,2022-09-28 22:41:24,R_svXm9Lgi0Vf6qyZ,anonymous,EN,1,1,,,,,,,,,,,,,,,,,,,,,,,,,,,3,2,,,,,,,,,,,,,,,3,2,4,1
2022-09-21 22:39:29,2022-09-21 22:44:31,0,11,301,0,2022-09-28 22:44:32,R_6zo9pYCKSO0h5fj,anonymous,AR,1,1,3,,,,,,,,,,,,,,,,,,,,,,,,,,,,,,,,,,,,,,,,,,1,3,2,4
2022-09-21 22:45:49,2022-09-21 22:48:38,0,8,168,0,2022-09-28 22:48:39,R_3HGKxGIGmQZ32ua,anonymous,AR,1,1,,,,,,,,,,,,,,,,,,,,,,,,,,,,,,,,,,,,,,,,,,,2,1,3,4
2022-09-21 22:44:45,2022-09-21 22:53:15,0,19,509,0,2022-09-28 22:53:16,R_2wMFP7yLdjfNuYc,anonymous,AR,0.8999999761581421,1,1,0,0,0,30,50,,,,,,,,,,,,,,,,,,,,,,,,,,,,,,,,,,,,,1,4,2,3
2022-09-28 22:29:09,2022-09-28 22:57:45,0,100,1716,1,2022-09-28 22:57:45,R_1NfFdSVGrHDPBon,anonymous,AR,1,1,1,0,15,0,30,50,1,5,5,2,15,15,30,30,1,1,2,2,30,30,30,30,2,4,2,5,2,1,2,20,1,4,2,4,4,1,30,6,20,116,2,1,3,4,2,1
2022-09-21 22:38:52,2022-09-21 23:05:05,0,19,1572,0,2022-09-28 23:05:08,R_2X4l1Pn4UKakqxl,anonymous,AR,0.8999999761581421,1,,,,,,,,,,,,,,,,,,2,30,40,30,40,2,,,,,,,,,,,,,,,,,,,,2,3,1,4
2022-09-28 22:57:10,2022-09-28 23:09:10,0,100,719,1,2022-09-28 23:09:10,R_3IRfcujbcztbinN,anonymous,AR,1,1,2,15,30,30,50,6,5,5,5,1,15,30,30,50,1,2,2,3,15,30,30,50,1,5,5,5,2,2,2,6,1,4,3,4,5,1,21,7,18,116,2,1,2,4,1,3
2022-09-21 23:09:52,2022-09-21 23:10:27,0,8,34,0,2022-09-28 23:10:29,R_3QQwGh0OGNx95Rc,anonymous,EN,1,1,,,,,,,,,,,,,,,,,,,,,,,,,,,,,,,,,,,,,,,,,,,3,4,2,1
2022-09-21 23:09:26,2022-09-21 23:10:26,0,8,59,0,2022-09-28 23:10:31,R_1EiMau8yMGahkVg,anonymous,AR,1,1,,,,,,,,,,,,,,,,,,,,,,,,,,,,,,,,,,,,,,,,,,,3,2,4,1
2022-09-21 22:43:38,2022-09-21 23:13:05,0,19,1766,0,2022-09-28 23:13:05,R_2A0gqI3cjtQDTHb,anonymous,AR,1,1,1,15,15,15,15,50,,,,,,,,,,,,,,,,,,,,,,,,,,,,,,,,,,,,,1,3,2,4
2022-09-21 23:10:22,2022-09-21 23:13:51,0,14,209,0,2022-09-28 23:13:58,R_29s19cGvX4EangR,anonymous,AR,1,1,,,,,,,,,,,,,,,,,,,,,,,,,,,3,1,,,,,,,,,,,,,,,3,4,2,1
2022-09-21 23:20:12,2022-09-21 23:22:00,0,11,108,0,2022-09-28 23:22:03,R_2WT2bskQUfZOWuD,anonymous,AR,1,1,3,,,,,,,,,,,,,,,,,,,,,,,,,,,,,,,,,,,,,,,,,,1,3,4,2
2022-09-28 20:32:04,2022-09-28 23:24:44,0,100,10360,1,2022-09-28 23:24:45,R_2WD1oycinRsp0yK,anonymous,EN,1,1,1,0,15,0,30,100,1,4,2,1,15,30,15,30,1,2,1,1,30,30,30,30,2,3,3,3,2,1,1,20,1,1,2,4,5,1,30,5,18,116,2,1,3,2,4,1
2022-09-21 11:22:38,2022-09-21 23:30:15,0,11,43656,0,2022-09-28 23:30:17,R_3P6JiwZNQM01CKZ,anonymous,AR,1,1,,,,,,,,,,,,,,,,,,2,,,,,,,,,,,,,,,,,,,,,,,,,3,2,1,4
2022-09-21 22:39:27,2022-09-21 23:49:47,0,8,4219,0,2022-09-28 23:49:51,R_1BQQFLGLZGwvLW0,anonymous,AR,1,1,,,,,,,,,,,,,,,,,,,,,,,,,,,,,,,,,,,,,,,,,,,3,1,4,2
2022-09-21 23:38:32,2022-09-21 23:57:57,0,53,1164,0,2022-09-28 23:57:57,R_2PiNNHkOf4TdjnO,anonymous,AR,1,1,3,0,0,0,0,25,5,2,3,2,0,15,30,30,3,2,3,3,,,,,,,,,3,2,3,25,,,,,,,,,,,,,3,2,4,1
2022-09-28 23:41:38,2022-09-28 23:58:51,0,100,1033,1,2022-09-28 23:58:51,R_2ZQAqaf0u99NUv2,anonymous,AR,1,1,3,15,15,15,15,50,1,1,1,1,15,15,15,30,1,1,1,3,30,30,30,30,1,5,5,5,3,1,2,10,1,1,1,1,1,1,18,1,13,116,11,1,4,3,1,2
2022-09-28 23:47:03,2022-09-29 00:04:43,0,100,1059,1,2022-09-29 00:04:43,R_1dAK2c4lnaqPEJl,anonymous,AR,1,1,3,0,20,0,40,20,1,5,1,1,0,20,0,30,3,2,2,2,20,20,20,20,1,5,1,5,3,2,2,10,1,3,2,4,5,1,32,2,5,116,2,1,1,3,2,4
2022-09-29 00:20:25,2022-09-29 00:34:04,0,100,818,1,2022-09-29 00:34:04,R_8xnSPN0Na1NKnYt,anonymous,AR,1,1,1,0,15,0,30,15,4,5,1,2,15,15,15,30,1,1,2,1,15,30,30,30,2,3,5,1,2,1,2,10,1,3,2,4,5,1,26,5,18,116,2,1,4,1,2,3
2022-09-22 00:51:45,2022-09-22 00:56:27,0,33,282,0,2022-09-29 00:56:33,R_Y5DvjctjnLuhbYl,anonymous,AR,0.8999999761581421,1,,,,,,,,,,,0,15,0,30,3,2,,2,0,30,0,30,2,5,1,4,,,,,,,,,,,,,,,,,3,2,1,4
2022-09-22 00:49:17,2022-09-22 00:56:56,0,19,458,0,2022-09-29 00:56:57,R_3KxU14LxckKdlO5,anonymous,AR,1,1,2,15,20,30,50,50,,,,,,,,,,,,,,,,,,,,,,,,,,,,,,,,,,,,,1,4,3,2
2022-09-22 01:02:21,2022-09-22 01:23:31,0,8,1269,0,2022-09-29 01:23:34,R_2ru2zoL2BpvIQP2,anonymous,EN,1,1,,,,,,,,,,,,,,,,,,,,,,,,,,,,,,,,,,,,,,,,,,,3,1,4,2
2022-09-29 01:16:46,2022-09-29 01:33:20,0,100,994,1,2022-09-29 01:33:21,R_339zNDy4DNVvWAt,anonymous,AR,0.800000011920929,1,3,0,15,0,15,30,5,1,2,2,15,15,15,15,3,1,2,3,30,30,30,30,2,5,1,2,3,1,2,10,3,4,3,4,4,1,45,6,16,116,2,1,2,3,1,4
2022-09-21 22:39:20,2022-09-22 01:48:04,0,47,11323,0,2022-09-29 01:48:12,R_STRQVhnevDIVcad,anonymous,AR,1,1,,,,,,,,,,,3000,10000,3000,10000,1,2,1,2,3000,10000,3000,10000,2,2,5,1,2,2,1,20,,,,,,,,,,,,,4,1,3,2
2022-09-29 01:30:47,2022-09-29 01:57:45,0,100,1617,1,2022-09-29 01:57:45,R_1mV5E2k7QwEY3Mp,anonymous,AR,1,1,3,0,0,0,0,12,5,1,1,2,15,15,15,15,1,2,2,2,15,15,15,15,1,5,1,5,2,2,2,12,1,1,3,2,5,2,34,1,14,116,2,1,1,2,4,3
2022-09-29 01:30:09,2022-09-29 01:59:53,0,100,1784,1,2022-09-29 01:59:54,R_1F5vAedlucbmJpe,anonymous,EN,0.8999999761581421,1,3,0,15,0,30,0,3,3,5,2,15,15,15,15,3,1,2,3,0,30,30,30,2,5,4,2,3,1,2,0,1,1,1,3,2,1,30,7,17,116,2,1,2,3,1,4
2022-09-29 01:32:31,2022-09-29 02:03:43,0,100,1871,1,2022-09-29 02:03:43,R_1eWY3C3Dr9zObVH,anonymous,AR,1,1,3,0,0,0,0,15,5,1,1,2,0,15,0,15,3,1,2,3,0,30,0,30,2,5,1,1,3,1,2,10,3,4,3,4,4,2,49,1,14,116,2,1,1,3,2,4
2022-09-22 02:43:52,2022-09-22 02:44:27,0,8,34,0,2022-09-29 02:44:33,R_32PCbkfzIiLFlab,anonymous,AR,1,1,,,,,,,,,,,,,,,,,,,,,,,,,,,,,,,,,,,,,,,,,,,3,2,1,4
2022-09-29 02:28:45,2022-09-29 03:04:35,0,100,2150,1,2022-09-29 03:04:35,R_1q3slE5vGt9J1GR,anonymous,AR,1,1,3,15,15,15,15,30,1,5,5,1,15,15,15,15,3,1,2,2,30,30,30,30,1,5,5,1,3,1,2,15,1,4,3,1,5,1,41,2,12,116,2,1,3,2,1,4
2022-09-29 03:13:41,2022-09-29 03:36:53,0,100,1391,1,2022-09-29 03:36:53,R_2EHmfmIHblNkPU5,anonymous,AR,1,1,3,15,15,30,30,10,1,1,5,1,15,15,30,30,1,2,2,1,15,15,15,30,1,1,1,1,1,2,2,10,4,2,2,4,4,1,32,4,17,116,26,1,4,2,1,3
2022-09-29 05:13:11,2022-09-29 05:32:36,0,100,1164,1,2022-09-29 05:32:36,R_3hi2WaBI0QAii75,anonymous,AR,1,1,1,15,15,15,30,200,2,2,2,1,15,15,15,15,1,1,2,2,30,30,30,30,2,5,2,2,2,1,2,10,1,4,1,3,5,2,39,6,15,116,2,1,1,3,2,4
2022-09-29 06:00:54,2022-09-29 06:33:23,0,100,1949,1,2022-09-29 06:33:24,R_3dGS8jXmMxkVTjU,anonymous,AR,1,1,2,0,0,0,0,12,5,5,1,1,0,15,0,30,1,1,1,2,30,30,30,100,2,5,5,1,2,1,1,45,1,3,2,1,5,2,26,7,15,116,2,1,2,1,3,4
2022-09-29 07:25:42,2022-09-29 07:45:15,0,100,1173,1,2022-09-29 07:45:15,R_1E4MmcwTgrKKPXK,anonymous,AR,1,1,1,15,20,30,35,100,1,5,5,1,15,20,30,35,1,1,2,3,15,30,30,35,1,1,4,1,2,2,2,15,4,4,3,4,5,2,19,7,13,116,2,1,3,4,1,2
2022-09-22 08:12:43,2022-09-22 08:15:49,0,8,186,0,2022-09-29 08:15:53,R_ver7MFPkRvDzTc5,anonymous,EN,1,1,,,,,,,,,,,,,,,,,,,,,,,,,,,,,,,,,,,,,,,,,,,2,4,3,1
2022-09-29 09:09:37,2022-09-29 09:33:21,0,100,1424,1,2022-09-29 09:33:21,R_1FP2slbQbVaDHzG,anonymous,AR,1,1,2,15,30,30,40,50,1,5,5,2,15,30,30,40,3,2,2,2,30,45,30,45,2,5,5,1,2,2,2,10,1,3,2,1,4,2,55,6,17,116,2,1,4,2,1,3
2022-09-28 17:38:16,2022-09-29 09:45:57,0,100,58060,1,2022-09-29 09:45:57,R_YQPu1dmivw8x3C9,anonymous,AR,1,1,1,0,15,0,30,20,1,5,5,2,15,30,15,30,1,1,2,2,15,30,15,30,2,4,4,1,2,1,2,20,1,3,2,1,4,1,27,2,17,116,11,1,4,1,3,2
2022-09-29 09:21:38,2022-09-29 09:48:01,0,100,1582,1,2022-09-29 09:48:01,R_3EYeiTHbD9lDy0c,anonymous,AR,1,1,3,0,15,0,30,50,5,5,5,2,0,15,0,15,3,1,2,3,0,15,0,30,2,5,5,5,3,1,2,50,4,4,1,4,4,1,49,3,12,116,2,1,1,3,2,4
2022-09-29 09:35:28,2022-09-29 09:51:38,0,100,969,1,2022-09-29 09:51:38,R_3JsXoYLm49xuZ6G,anonymous,AR,1,1,3,0,15,0,15,20,4,4,1,2,15,15,15,15,1,2,2,2,15,15,30,30,2,4,4,1,3,2,1,20,1,1,3,4,5,2,32,1,17,116,2,1,4,3,2,1
2022-09-29 09:41:40,2022-09-29 09:55:54,0,100,854,1,2022-09-29 09:55:55,R_28zZS206iNv196S,anonymous,AR,1,1,2,0,15,0,30,80,3,3,3,2,15,30,30,50,1,2,1,2,30,50,30,50,2,4,1,5,2,1,1,10,3,4,1,4,4,2,21,1,15,116,2,1,4,3,2,1
2022-09-22 10:12:05,2022-09-22 10:16:05,0,19,239,0,2022-09-29 10:16:10,R_1FllhDTXEpqn0tY,anonymous,AR,0.8999999761581421,1,1,15,15,30,30,20,,,,,,,,,,,,,,,,,,,,,,,,,,,,,,,,,,,,,1,4,2,3
2022-09-29 10:10:33,2022-09-29 10:27:53,0,100,1040,1,2022-09-29 10:27:54,R_2aKUecWV7Z20z2k,anonymous,AR,1,1,3,0,15,0,30,8,5,5,5,1,0,15,0,30,3,2,2,3,0,15,0,30,1,5,5,5,3,2,2,3,1,3,1,1,5,1,36,7,15,116,26,1,2,4,1,3
2022-09-29 10:00:44,2022-09-29 10:28:31,0,100,1667,1,2022-09-29 10:28:33,R_1EbMExOHaT9Oll0,anonymous,AR,0.8999999761581421,1,2,0,15,0,30,60,1,5,1,1,15,15,30,30,1,1,2,2,30,30,30,30,2,2,2,5,2,1,2,30,4,4,3,4,4,2,26,1,17,116,2,1,3,1,2,4
2022-09-29 10:22:49,2022-09-29 10:40:03,0,100,1033,1,2022-09-29 10:40:04,R_2WvEN02KFFvEnTc,anonymous,AR,1,1,3,15,15,15,15,50,1,1,5,1,15,15,15,30,3,1,2,2,15,30,30,30,1,1,5,5,3,1,2,15,2,4,3,4,4,2,34,5,15,116,2,1,2,4,3,1
2022-09-29 09:50:46,2022-09-29 10:52:55,0,100,3729,1,2022-09-29 10:52:56,R_3rV7P9J6RXOQFyF,anonymous,AR,1,1,2,100,200,0,0,20,1,5,1,1,30,30,30,30,1,2,2,1,30,30,30,30,1,5,1,5,1,1,2,20,1,3,3,1,4,2,42,6,17,116,2,1,1,4,3,2
2022-09-22 10:53:14,2022-09-22 10:56:18,0,11,183,0,2022-09-29 10:56:19,R_2wbDr1ai0RCsdBk,anonymous,AR,0.8999999761581421,1,3,,,,,,,,,,,,,,,,,,,,,,,,,,,,,,,,,,,,,,,,,,1,3,4,2
2022-09-29 10:43:57,2022-09-29 11:02:24,0,100,1107,1,2022-09-29 11:02:25,R_2VklOBLIn1MKVoW,anonymous,AR,1,1,2,0,15,0,30,100,4,3,3,2,15,15,15,15,3,1,2,3,30,30,30,30,2,4,2,1,3,1,2,30,4,2,1,3,4,2,37,1,15,116,2,1,3,4,2,1
2022-09-29 10:49:31,2022-09-29 11:13:18,0,100,1426,1,2022-09-29 11:13:18,R_3PaxbWqOdr9PXZg,anonymous,EN,0.8999999761581421,1,3,0,0,0,0,70,1,5,5,1,0,15,0,30,1,1,2,1,15,30,0,30,2,4,3,3,2,2,1,30,1,4,3,4,5,2,20,6,14,116,2,1,4,2,3,1
2022-09-29 10:52:02,2022-09-29 11:17:58,0,100,1555,1,2022-09-29 11:17:59,R_0pu5I7dDPcJqWo9,anonymous,AR,1,1,3,0,15,0,30,50,3,3,2,2,15,15,30,30,3,2,3,3,15,30,30,30,2,2,2,4,2,2,3,50,1,4,3,4,4,2,35,2,17,116,2,1,4,2,1,3
2022-09-29 11:00:51,2022-09-29 11:29:45,0,100,1733,1,2022-09-29 11:29:45,R_3h0aoK2VQT86Kn6,anonymous,AR,1,1,3,0,0,0,0,50,1,3,3,2,15,15,30,30,3,2,1,2,30,30,30,30,2,4,1,1,1,2,1,10,1,4,3,4,3,2,39,7,18,116,2,1,1,4,3,2
2022-09-21 11:02:07,2022-09-22 11:42:58,0,58,88850,0,2022-09-29 11:50:45,R_xhWUnVcxV11Uk5b,anonymous,AR,1,1,1,30,30,30,30,40,5,1,5,2,15,15,30,30,1,1,2,2,30,30,30,30,2,5,1,5,1,2,,,,,,,,,,,,,,,2,3,1,4
2022-09-29 12:33:15,2022-09-29 12:42:25,0,100,549,1,2022-09-29 12:42:25,R_2UfkOdePmWPZ6L0,anonymous,AR,0.8999999761581421,1,2,6,5,5,5,687,1,1,4,2,20,50,30,60,1,1,3,1,6,7,7,7,2,1,3,4,3,2,3,5,1,4,3,2,1,1,18,7,12,95,11,1,4,1,3,2
2022-09-22 11:15:54,2022-09-22 12:46:47,0,11,5452,0,2022-09-29 12:46:48,R_3IRJ8AwWQXjrQ8Z,anonymous,AR,1,1,,,,,,,,,,,,,,,,,,3,,,,,,,,,,,,,,,,,,,,,,,,,2,3,1,4
2022-09-22 13:03:14,2022-09-22 13:13:42,0,22,628,0,2022-09-29 13:13:44,R_2gZW5U6hCY63H4l,anonymous,AR,1,1,1,0,15,15,30,200,2,1,2,,,,,,,,,,,,,,,,,,,,,,,,,,,,,,,,,,1,2,3,4
2022-09-29 12:51:14,2022-09-29 13:17:37,0,100,1582,1,2022-09-29 13:17:37,R_ylRqbTx7A1stGQ9,anonymous,AR,1,1,2,15,50,30,50,1,3,3,3,2,15,50,30,50,3,1,2,3,30,500,30,500,2,3,3,1,2,1,2,1,4,4,3,4,3,1,23,3,13,116,2,1,4,3,1,2
2022-09-29 12:57:05,2022-09-29 13:27:33,0,100,1828,1,2022-09-29 13:27:34,R_1hSuAWwLR6f16XL,anonymous,AR,1,1,3,15,30,30,60,10,1,5,2,1,15,30,30,60,1,2,2,2,15,30,30,60,1,3,3,1,2,2,2,10,1,3,2,1,4,1,21,1,16,116,2,1,1,4,3,2
2022-09-29 14:13:11,2022-09-29 14:25:47,0,100,756,1,2022-09-29 14:25:47,R_2pXBNTR9iCSdMq4,anonymous,EN,0.8999999761581421,1,3,0,15,0,30,80,1,5,5,2,15,30,30,50,1,1,3,2,30,50,30,50,2,5,1,4,2,2,3,40,1,3,2,1,5,1,29,6,18,116,2,1,2,3,1,4
2022-09-29 14:45:37,2022-09-29 15:03:15,0,100,1058,1,2022-09-29 15:03:16,R_ZwAVR70SodNYyPf,anonymous,AR,0.8999999761581421,1,1,0,20,0,35,20,1,2,1,2,0,20,0,35,1,1,1,2,0,20,0,35,2,1,1,1,2,1,1,20,1,1,3,4,3,1,25,7,15,116,2,1,1,2,4,3
2022-09-29 14:57:25,2022-09-29 15:19:59,0,100,1353,1,2022-09-29 15:19:59,R_2t3z42xWequI5fR,anonymous,AR,1,1,1,15,15,30,30,10,5,2,2,1,0,15,0,30,1,2,2,2,30,30,30,30,1,5,1,5,2,2,2,7,1,3,2,2,5,1,26,7,18,116,2,1,1,3,4,2
2022-09-29 01:38:11,2022-09-29 15:21:14,0,100,49383,1,2022-09-29 15:21:16,R_5vgCzHEsk9SRgI1,anonymous,AR,1,1,1,0,15,20,30,15,2,2,5,1,30,30,30,30,1,1,1,1,30,30,30,30,1,5,5,5,2,1,1,10,1,3,2,1,4,1,26,7,17,116,2,1,1,4,3,2
2022-09-29 15:29:46,2022-09-29 15:39:48,0,100,601,1,2022-09-29 15:39:48,R_3L6C6TxAOOov0xL,anonymous,AR,0.8999999761581421,1,2,15,15,15,30,30,3,3,2,1,15,15,15,30,1,2,3,3,30,30,30,30,1,2,3,3,3,2,3,10,2,4,3,1,4,1,23,7,16,116,2,1,4,3,1,2
2022-09-29 15:14:50,2022-09-29 15:51:30,0,100,2200,1,2022-09-29 15:51:31,R_2QLMuwW1mXPsNwC,anonymous,AR,,1,1,15,15,15,15,20,3,2,1,1,15,15,15,15,1,2,1,1,23,30,30,30,1,1,3,2,2,2,1,10,2,4,1,4,5,2,20,1,15,116,2,1,3,1,4,2
2022-09-29 15:32:24,2022-09-29 15:51:58,0,100,1174,1,2022-09-29 15:52:00,R_1EWl1sssYYOcYPg,anonymous,AR,0.8999999761581421,1,3,15,15,15,15,30,1,5,5,1,15,15,15,15,1,2,3,2,30,30,30,30,1,4,4,3,3,2,3,10,3,4,1,4,5,2,29,7,13,116,2,1,3,4,1,2
2022-09-29 15:52:50,2022-09-29 16:10:05,0,100,1034,1,2022-09-29 16:10:05,R_2bOYzk8H9dMZaKL,anonymous,AR,1,1,1,15,15,15,15,20,1,1,5,2,15,15,15,15,1,2,1,2,15,15,15,15,2,5,2,1,2,1,1,15,2,2,1,4,4,1,60,2,18,116,11,1,3,2,4,1
2022-09-29 16:25:05,2022-09-29 16:44:26,0,100,1161,1,2022-09-29 16:44:26,R_wLCWMwSqrqImAXn,anonymous,AR,1,1,1,15,30,15,60,20,3,3,3,1,15,30,15,60,1,2,2,2,25,60,30,50,2,2,2,2,2,2,2,10,2,2,1,2,4,1,18,1,14,116,2,1,3,1,4,2
2022-09-29 15:39:46,2022-09-29 17:15:48,0,100,5762,1,2022-09-29 17:15:49,R_1JKiwktVdLvxiIc,anonymous,AR,1,1,3,0,15,0,30,50,2,1,5,1,0,15,0,15,3,2,2,3,0,15,0,30,1,1,2,1,3,2,2,50,1,4,2,4,4,1,34,3,20,116,2,1,1,2,3,4
2022-09-29 15:02:31,2022-09-29 18:34:43,0,100,12732,1,2022-09-29 18:34:43,R_27rFt0QW3uMEHzE,anonymous,AR,0.8999999761581421,1,3,15,15,15,30,20,1,4,4,1,15,15,30,30,3,2,2,3,15,15,30,30,1,2,4,4,3,2,2,20,1,1,1,4,5,1,29,1,18,116,2,1,1,3,4,2
2022-09-22 18:37:39,2022-09-22 18:41:14,0,6,215,0,2022-09-29 18:41:17,R_SNuKLoJMXZFEpYB,anonymous,AR,1,1,,,,,,,,,,,,,,,,,,,,,,,,,,,,,,,,,,,,,,,,,,,,,,
2022-09-29 18:21:53,2022-09-29 18:42:42,0,100,1249,1,2022-09-29 18:42:42,R_25zKFXx42JkB0KA,anonymous,AR,1,1,1,20,30,40,50,30,1,5,5,1,20,30,30,50,1,2,2,3,15,30,30,50,1,2,5,4,2,2,2,30,1,3,3,4,4,1,19,1,13,116,2,1,2,3,1,4
2022-09-29 18:23:39,2022-09-29 18:49:37,0,100,1557,1,2022-09-29 18:49:37,R_ODXeogsNcSHhgXf,anonymous,AR,1,1,3,0,15,0,30,10,1,5,1,2,15,15,30,30,1,2,2,2,15,15,30,30,2,1,4,1,2,2,2,10,3,2,1,4,5,1,24,1,15,116,2,1,1,3,2,4
2022-09-29 19:00:01,2022-09-29 19:10:44,0,100,643,1,2022-09-29 19:10:44,R_24BjUoUmahfsm3g,anonymous,AR,1,1,2,15,15,30,30,20,1,2,1,1,15,15,30,30,2,2,1,2,15,15,30,30,1,1,5,1,1,2,2,20,2,4,1,4,5,2,34,1,17,116,2,1,2,4,3,1
2022-09-29 18:46:57,2022-09-29 19:17:40,0,100,1842,1,2022-09-29 19:17:40,R_2TvBllHXAIFvqCA,anonymous,AR,1,1,1,0,15,0,15,30,1,1,1,1,0,15,0,15,1,2,2,2,0,15,0,15,1,5,5,5,2,2,2,30,1,2,2,2,5,1,69,1,18,116,2,1,1,4,2,3
2022-09-29 19:12:22,2022-09-29 19:28:14,0,100,952,1,2022-09-29 19:28:15,R_3MRrsoFrQcg5IW6,anonymous,AR,0.8999999761581421,1,2,20,20,30,30,20,5,5,1,2,15,16,30,30,2,2,2,2,15,15,30,30,1,5,5,1,2,2,2,15,2,1,1,3,4,2,60,1,10,116,2,1,1,4,3,2
2022-09-29 19:16:22,2022-09-29 19:30:15,0,100,833,1,2022-09-29 19:30:16,R_3xDlUbly4IYB5m1,anonymous,AR,0.800000011920929,1,1,20,20,30,35,150,5,5,1,2,15,15,15,15,1,1,1,1,35,30,50,50,2,5,5,1,3,1,1,100,4,4,2,3,2,2,17,2,14,116,2,1,2,3,1,4
2022-09-21 11:06:51,2022-09-22 19:34:40,0,33,116869,0,2022-09-29 19:34:48,R_2ymjjXymouMK7jc,anonymous,AR,1,1,,,,,,,,,,,15,15,15,15,3,1,2,2,15,15,15,15,2,,,,,,,,,,,,,,,,,,,,3,1,2,4
2022-09-29 19:24:52,2022-09-29 19:35:52,0,100,660,1,2022-09-29 19:35:53,R_BQYnK7cLxLE4013,anonymous,AR,1,1,1,15,30,30,50,50,2,2,2,2,50,150,30,50,1,1,2,2,50,150,30,50,2,2,2,2,2,1,1,50,1,1,3,1,4,1,35,3,20,116,2,1,4,2,3,1
2022-09-29 19:26:59,2022-09-29 19:50:54,0,100,1435,1,2022-09-29 19:50:56,R_1nTrE2bbEeKivEZ,anonymous,AR,0.8999999761581421,1,3,0,20,0,40,50,1,5,5,1,0,20,0,40,1,2,3,2,15,20,30,40,2,1,1,1,2,2,3,8,4,4,3,4,4,1,22,7,16,116,2,1,1,3,4,2
2022-09-22 19:40:14,2022-09-22 20:11:32,0,50,1878,0,2022-09-29 20:11:39,R_1mt5VLGrgYfrIeA,anonymous,AR,1,1,3,0,0,0,0,30,2,5,5,2,15,15,30,30,1,2,1,,,,,,,,,,3,2,1,15,,,,,,,,,,,,,2,1,4,3
2022-09-29 20:18:14,2022-09-29 20:34:20,0,100,965,1,2022-09-29 20:34:20,R_3MrgyKXx2Mqxhio,anonymous,AR,1,1,3,0,15,0,30,40,2,3,4,2,15,25,30,50,1,2,3,1,30,30,30,30,2,5,3,1,2,2,3,8,1,3,3,1,5,1,18,7,12,116,2,1,2,4,1,3
2022-09-29 20:39:51,2022-09-29 20:40:21,0,100,29,1,2022-09-29 20:40:22,R_3F3SwYw8gYGmLLc,anonymous,AR,0.8999999761581421,2,,,,,,,,,,,,,,,,,,,,,,,,,,,,,,,,,,,,,,,,,,,,,,
2022-09-20 12:24:27,2022-09-22 20:43:04,0,67,202717,0,2022-09-29 20:43:07,R_1ffla2DEorIRZLF,anonymous,AR,0.8999999761581421,1,3,4,4,4,4,4,1,1,1,2,4,4,4,4,2,2,2,1,4,4,4,4,2,3,3,1,1,2,1,4,,,,,,,,,,,,,2,4,3,1
2022-09-22 20:46:58,2022-09-22 20:54:55,0,8,476,0,2022-09-29 20:54:57,R_O0FIJnEVfisAdzP,anonymous,AR,1,1,,,,,,,,,,,,,,,,,,,,,,,,,,,,,,,,,,,,,,,,,,,2,1,4,3
2022-09-29 18:57:32,2022-09-29 20:56:44,0,100,7151,1,2022-09-29 20:56:46,R_3OjkmtZaWhYbL3X,anonymous,AR,1,1,1,15,15,30,30,50,4,4,1,2,15,20,30,30,2,2,2,1,30,30,30,30,2,5,4,1,3,2,2,20,4,4,3,4,4,2,31,7,6,116,2,1,4,3,1,2
2022-09-29 20:48:06,2022-09-29 21:14:07,0,100,1560,1,2022-09-29 21:14:07,R_1ItrLTbzIebZDNJ,anonymous,EN,0.8999999761581421,1,3,0,15,0,30,35,3,5,1,2,0,15,0,30,3,2,2,3,0,30,0,30,2,3,5,1,3,2,2,35,4,4,3,4,5,2,22,1,17,116,2,1,3,1,4,2
2022-09-22 21:12:24,2022-09-22 21:23:49,0,53,684,0,2022-09-29 21:23:50,R_2YVp2VE5WcQAaQW,anonymous,AR,1,1,3,15,15,15,15,50,3,3,3,1,15,15,15,15,1,1,1,3,,,,,,,,,3,1,1,30,,,,,,,,,,,,,3,1,4,2
2022-09-22 21:23:34,2022-09-22 21:26:16,8,11,162,0,2022-09-29 21:26:19,R_3FWJzp4KVSNyiJu,anonymous,AR,0.8999999761581421,1,,,,,,,,,,,,,,,,,,2,,,,,,,,,,,,,,,,,,,,,,,,,2,3,1,4
2022-09-29 21:13:35,2022-09-29 21:29:31,0,100,955,1,2022-09-29 21:29:31,R_1opDCKdsBSsAiE6,anonymous,AR,0.8999999761581421,1,1,15,30,30,60,30,3,5,1,1,15,30,30,60,1,2,2,2,30,40,30,40,1,5,1,5,2,2,2,10,4,4,1,1,4,2,22,7,4,116,2,1,1,2,3,4
2022-09-29 21:18:17,2022-09-29 21:33:08,0,100,890,1,2022-09-29 21:33:08,R_21uL8lQLtzHbt2I,anonymous,AR,1,1,3,15,15,30,30,20,3,3,3,1,30,30,30,30,2,2,2,2,30,30,30,30,1,3,3,5,1,2,2,20,1,4,3,4,5,1,18,7,13,116,2,1,3,2,1,4
2022-09-29 21:17:42,2022-09-29 21:38:25,0,100,1242,1,2022-09-29 21:38:25,R_vNxRZl9xh1k1R3r,anonymous,AR,0.8999999761581421,1,1,0,15,0,30,50,5,1,1,1,15,15,30,30,1,1,2,2,30,30,30,30,2,5,1,1,3,1,2,20,2,4,2,1,5,2,30,3,17,116,2,1,1,3,2,4
2022-09-29 21:18:00,2022-09-29 21:38:43,0,100,1243,1,2022-09-29 21:38:44,R_3PUpm9LGyHgogC0,anonymous,AR,0.8999999761581421,1,1,15,30,30,60,20,5,4,4,1,15,30,30,30,2,2,2,2,15,30,30,60,1,4,2,4,2,2,2,10,4,3,3,3,5,1,36,4,16,116,2,1,1,2,4,3
2022-09-22 21:27:51,2022-09-22 21:41:10,0,25,798,0,2022-09-29 21:41:11,R_3lYzuym0gCqTrAB,anonymous,AR,1,1,3,0,15,0,30,50,1,1,1,2,,,,,,,,,,,,,,,,,,,,,,,,,,,,,,,,,1,2,4,3
2022-09-22 21:36:21,2022-09-22 21:43:03,0,22,401,0,2022-09-29 21:43:04,R_1row62IFuIfuQTW,anonymous,AR,1,1,,,,,,,,,,,,,,,,,,2,,,,,,,,,3,1,1,10,,,,,,,,,,,,,3,4,2,1
2022-09-22 21:41:58,2022-09-22 21:43:24,0,11,85,0,2022-09-29 21:43:30,R_1d1fodWeuVHwW9G,anonymous,AR,1,1,1,,,,,,,,,,,,,,,,,,,,,,,,,,,,,,,,,,,,,,,,,,1,2,3,4
2022-09-22 21:43:26,2022-09-22 21:44:18,0,8,51,0,2022-09-29 21:44:19,R_41shQ7TKRgkXlap,anonymous,AR,0.8999999761581421,1,,,,,,,,,,,,,,,,,,,,,,,,,,,,,,,,,,,,,,,,,,,3,1,2,4
2022-09-29 21:33:40,2022-09-29 21:47:51,0,100,851,1,2022-09-29 21:47:52,R_e37iyEjvM3q7drX,anonymous,EN,1,1,1,0,15,0,30,30,3,3,2,1,0,25,0,40,1,1,2,1,0,25,0,40,1,3,3,2,1,1,1,10,3,4,1,4,4,1,18,7,18,116,2,1,3,2,1,4
2022-09-29 21:33:51,2022-09-29 21:51:07,0,100,1036,1,2022-09-29 21:51:08,R_3nVNJL386wHO5ZN,anonymous,EN,1,1,3,0,25,0,30,0,4,5,1,1,15,30,30,60,3,2,3,2,15,30,30,60,1,5,1,3,1,1,1,3.50,1,4,2,4,5,2,17,1,14,116,16,1,1,3,4,2
2022-09-22 21:35:17,2022-09-22 21:54:00,0,81,1122,0,2022-09-29 21:54:05,R_3kI1qXi11QxykeX,anonymous,AR,0.8999999761581421,1,1,15,15,15,15,30,5,4,4,1,15,15,15,15,1,2,1,2,30,30,30,30,2,5,3,3,1,2,1,10,3,4,2,1,5,,,,,,,,1,3,4,2
2022-09-22 21:19:42,2022-09-22 21:55:07,0,14,2125,0,2022-09-29 21:55:14,R_1g6Cnmf4T1jGpjk,anonymous,AR,1,1,,,,,,,,,,,,,,,,,,,,,,,,,,,3,1,,,,,,,,,,,,,,,4,3,2,1
2022-09-22 21:56:31,2022-09-22 22:02:10,0,11,338,0,2022-09-29 22:02:14,R_3FLnIJW2UYJGbDd,anonymous,AR,0.8999999761581421,1,,,,,,,,,,,,,,,,,,3,,,,,,,,,,,,,,,,,,,,,,,,,2,4,1,3
2022-09-22 21:25:48,2022-09-22 22:02:46,0,53,2217,0,2022-09-29 22:02:47,R_32WMZJnhNWdVGkv,anonymous,AR,1,1,3,0,0,30,30,50,4,5,5,2,0,0,30,30,3,1,2,3,0,0,30,30,1,5,5,5,,,,,,,,,,,,,,,,,1,2,3,4
2022-09-22 22:00:52,2022-09-22 22:03:50,0,44,178,0,2022-09-29 22:03:51,R_21uJCurFt4jM7d5,anonymous,AR,0.8999999761581421,1,2,30,50,44,5,12,5,1,1,1,,,,,,,,3,12,22,22,32,1,1,2,5,1,2,,,,,,,,,,,,,,,1,4,2,3
2022-09-22 22:04:39,2022-09-22 22:04:51,0,3,12,0,2022-09-29 22:04:52,R_3CI7h2H7299FDqD,anonymous,AR,1,1,,,,,,,,,,,,,,,,,,,,,,,,,,,,,,,,,,,,,,,,,,,,,,
2022-09-22 22:04:43,2022-09-22 22:08:49,0,33,245,0,2022-09-29 22:08:52,R_3fZTeqrYFSpTasW,anonymous,AR,1,1,1,15,20,15,30,20,,,,,15,20,15,30,3,1,1,,,,,,,,,,,,,,,,,,,,,,,,,,2,1,4,3
2022-09-22 22:03:17,2022-09-22 22:11:52,0,44,515,0,2022-09-29 22:11:53,R_25L5fSgdS3r5hk4,anonymous,AR,1,1,,,,,,,,,,,15,15,15,15,2,1,3,2,15,15,15,15,2,,,,1,1,3,25,,,,,,,,,,,,,4,2,3,1
2022-09-22 22:11:56,2022-09-22 22:12:42,0,3,45,0,2022-09-29 22:12:44,R_3nDb7yfpKefiLUO,anonymous,AR,1,1,,,,,,,,,,,,,,,,,,,,,,,,,,,,,,,,,,,,,,,,,,,,,,
2022-09-22 22:12:49,2022-09-22 22:13:16,8,3,27,0,2022-09-29 22:13:25,R_1mWx1ew0r1ME40y,anonymous,AR,,1,,,,,,,,,,,,,,,,,,,,,,,,,,,,,,,,,,,,,,,,,,,,,,
2022-09-22 22:11:59,2022-09-22 22:14:25,8,3,145,0,2022-09-29 22:14:26,R_BRhBTRMFKibA3O9,anonymous,AR,1,1,,,,,,,,,,,,,,,,,,,,,,,,,,,,,,,,,,,,,,,,,,,,,,
2022-09-22 21:57:59,2022-09-22 22:14:44,0,50,1005,0,2022-09-29 22:14:47,R_3ESxzH7JnOa90ow,anonymous,AR,1,1,1,,,,,,,,,,15,30,15,60,1,2,2,2,30,60,30,60,1,5,1,5,1,2,2,20,,,,,,,,,,,,,4,3,1,2
2022-09-29 22:11:25,2022-09-29 22:23:46,0,100,741,1,2022-09-29 22:23:47,R_2OIUm4g5xveQ3Lc,anonymous,EN,1,1,2,0,0,0,0,50,3,3,3,1,0,0,0,0,1,1,2,2,0,0,0,0,1,3,3,3,1,1,2,50,1,3,1,1,3,1,28,7,15,116,2,1,3,1,4,2
2022-09-22 22:23:15,2022-09-22 22:26:20,8,3,185,0,2022-09-29 22:26:21,R_1o5pwYlMr3EIoY1,anonymous,AR,0.800000011920929,1,,,,,,,,,,,,,,,,,,,,,,,,,,,,,,,,,,,,,,,,,,,,,,
2022-09-22 23:06:58,2022-09-22 23:19:35,0,31,757,0,2022-09-29 23:19:37,R_3Jy0PPKyuCKReiD,anonymous,AR,1,1,,,,,,,,,,,0,0,0,0,3,2,,,,,,,,,,,3,2,3,10,,,,,,,,,,,,,3,2,4,1
2022-09-22 23:19:12,2022-09-22 23:21:26,0,3,133,0,2022-09-29 23:21:30,R_2ZJNaiV38W4vs9O,anonymous,AR,1,1,,,,,,,,,,,,,,,,,,,,,,,,,,,,,,,,,,,,,,,,,,,,,,
2022-09-22 23:22:59,2022-09-22 23:24:51,0,11,111,0,2022-09-29 23:24:56,R_0Utw3kA6MeXc8jT,anonymous,AR,0.8999999761581421,1,,,,,,,,,,,,,,,,,,,,,,,,,,,3,,,,,,,,,,,,,,,,3,4,2,1
2022-09-22 23:20:46,2022-09-22 23:26:56,0,19,370,0,2022-09-29 23:26:57,R_27VBVButgs0fw26,anonymous,AR,0.8999999761581421,1,,,,,,,,,,,,,,,,,,3,15,15,30,30,1,,,,,,,,,,,,,,,,,,,,2,3,1,4
2022-09-29 22:09:52,2022-09-29 23:27:09,0,100,4637,1,2022-09-29 23:27:10,R_2dnbf3vp8jT4hEd,anonymous,AR,1,1,1,0,15,0,30,5,4,4,4,2,10,20,15,35,1,1,2,2,0,20,0,30,2,4,4,2,3,1,2,3,4,2,2,1,5,2,21,1,15,116,2,1,2,4,3,1
2022-09-22 23:31:03,2022-09-22 23:34:11,0,11,187,0,2022-09-29 23:34:12,R_2rioSFkuukpWn62,anonymous,AR,1,1,,,,,,,,,,,,,,,,,,2,,,,,,,,,,,,,,,,,,,,,,,,,4,3,1,2
2022-09-22 23:49:14,2022-09-22 23:51:53,0,22,158,0,2022-09-29 23:51:58,R_Qm6lkVLkcineHtf,anonymous,AR,1,1,,,,,,,,,,,,,,,,,,2,15,15,30,30,1,5,3,5,,,,,,,,,,,,,,,,,4,2,1,3
2022-09-22 23:47:00,2022-09-22 23:54:30,0,19,449,0,2022-09-29 23:54:35,R_9FYq9iRS1DByCyd,anonymous,AR,0.8999999761581421,1,,,,,,,,,,,,,,,,,,2,15,15,30,30,1,,,,,,,,,,,,,,,,,,,,4,3,1,2
2022-09-23 00:14:20,2022-09-23 00:36:11,0,81,1310,0,2022-09-30 00:36:14,R_OE7SNCZpLnPuPgR,anonymous,AR,0.8999999761581421,1,1,20,30,40,50,20,1,1,1,1,20,30,30,40,2,2,1,2,50,70,40,50,1,1,1,1,2,2,2,10,1,4,3,4,4,,,,,,,,3,1,2,4
2022-09-23 00:53:57,2022-09-23 00:54:59,0,8,61,0,2022-09-30 00:55:01,R_yOvy4lTlbyqhRHH,anonymous,AR,1,1,,,,,,,,,,,,,,,,,,,,,,,,,,,,,,,,,,,,,,,,,,,4,2,3,1
2022-09-29 17:21:12,2022-09-30 00:58:47,0,100,27454,1,2022-09-30 00:58:47,R_AnUGzEiChFMhP8J,anonymous,AR,0.8999999761581421,1,2,0,20,0,20,20,4,2,4,2,0,20,0,20,3,1,2,2,50,60,40,50,2,4,2,4,3,1,2,20,4,4,1,1,5,2,21,1,15,116,2,1,4,3,1,2
2022-09-23 00:58:42,2022-09-23 00:59:55,0,6,73,0,2022-09-30 00:59:59,R_2TvNlyJ14kJWUms,anonymous,AR,1,1,,,,,,,,,,,,,,,,,,,,,,,,,,,,,,,,,,,,,,,,,,,,,,
2022-09-22 21:11:39,2022-09-23 01:42:00,0,17,16221,0,2022-09-30 01:42:04,R_1FCBwWaxZ1g2uOs,anonymous,AR,1,1,,,,,,,,,,,0,0,0,0,1,,,,,,,,,,,,,,,,,,,,,,,,,,,,2,1,4,3
2022-09-30 01:31:24,2022-09-30 01:51:32,0,100,1208,1,2022-09-30 01:51:33,R_2aLlXbvNXwu2m9l,anonymous,AR,1,1,3,0,0,0,0,100,4,2,2,1,15,15,15,15,3,1,1,1,30,30,30,30,1,4,2,2,3,1,1,20,1,4,1,2,5,1,33,7,17,116,2,1,4,2,1,3
2022-09-30 01:52:42,2022-09-30 02:10:09,0,100,1046,1,2022-09-30 02:10:09,R_2RacoDdDweRbiHo,anonymous,AR,1,1,3,15,20,30,40,5,1,1,1,1,15,25,30,40,3,2,2,2,15,20,30,40,1,1,1,1,3,2,2,5,2,1,2,4,4,2,30,4,18,116,2,1,3,2,4,1
2022-09-30 02:33:31,2022-09-30 02:46:59,0,100,807,1,2022-09-30 02:46:59,R_WcyNoYVwqUiX62B,anonymous,AR,1,1,1,15,40,30,50,100,3,3,2,2,100,200,20,30,1,1,2,1,15,40,30,50,2,3,3,3,2,1,2,20,2,3,1,4,4,1,19,7,14,116,2,1,2,1,3,4
2022-09-29 17:19:53,2022-09-30 02:56:20,0,100,34586,1,2022-09-30 02:56:22,R_1ddeXbxX3HxeVCz,anonymous,AR,0.8999999761581421,1,3,15,20,35,40,7,3,3,1,1,20,20,20,20,3,2,2,3,35,40,40,45,1,5,4,5,3,2,2,7,1,4,3,4,2,4,19,1,15,116,26,1,1,3,2,4
2022-09-23 03:21:42,2022-09-23 03:25:49,0,22,247,0,2022-09-30 03:25:50,R_1EWKlqiSSuZSBnW,anonymous,AR,0.8999999761581421,1,3,,,,,,,,,,,,,,,,,,,,,,,,,,3,2,3,25,,,,,,,,,,,,,2,4,3,1
2022-09-23 08:34:38,2022-09-23 08:39:56,0,17,318,0,2022-09-30 08:40:00,R_33xbqd7LOHw2I1Z,anonymous,AR,1,1,,,,,,,,,,,,,,,,,,,,,,,,,,,1,1,1,,,,,,,,,,,,,,4,2,3,1
2022-09-23 10:01:08,2022-09-23 11:22:23,0,53,4874,0,2022-09-30 11:25:49,R_3kGpPgfOcETulID,anonymous,AR,0.8999999761581421,1,3,0,0,0,0,20,1,1,1,2,15,15,15,15,3,1,2,3,,,,,,,,,3,1,2,20,,,,,,,,,,,,,2,1,4,3
2022-09-29 12:14:05,2022-09-30 12:03:55,0,100,85789,1,2022-09-30 12:03:56,R_pcxlZmKTiF4SMOR,anonymous,AR,0.8999999761581421,1,1,0,15,0,15,10,1,4,5,1,15,15,15,30,2,2,3,3,15,15,30,30,1,4,2,5,1,2,3,10,3,4,3,4,5,1,19,7,13,116,2,1,3,4,1,2
2022-09-30 12:10:16,2022-09-30 12:26:44,0,100,987,1,2022-09-30 12:26:44,R_2dFO9n6ay5h48q4,anonymous,AR,1,1,1,0,15,0,30,50,5,2,1,1,15,15,30,30,1,1,2,2,15,30,30,30,1,3,1,4,2,1,2,10,1,4,2,1,5,1,18,1,10,116,26,1,2,3,1,4
2022-09-30 12:39:20,2022-09-30 13:07:05,0,100,1665,1,2022-09-30 13:07:06,R_1o6D1635u6KSmbo,anonymous,AR,1,1,3,0,0,0,0,20,1,5,5,2,0,0,0,0,1,1,2,2,0,0,0,0,2,5,1,5,2,1,2,10,1,2,3,4,4,1,22,1,16,116,2,1,2,4,3,1
2022-09-23 13:47:17,2022-09-23 13:48:36,0,8,78,0,2022-09-30 13:48:43,R_1rojpKBTIv501Wu,anonymous,AR,0.8999999761581421,1,,,,,,,,,,,,,,,,,,,,,,,,,,,,,,,,,,,,,,,,,,,2,1,3,4
2022-09-30 13:40:04,2022-09-30 13:57:21,0,100,1036,1,2022-09-30 13:57:22,R_1QhpjI2tP69sCua,anonymous,AR,1,1,3,15,15,30,30,10,1,5,3,1,15,20,30,45,3,1,2,2,30,45,30,45,1,5,3,1,2,1,2,10,1,4,3,4,4,1,22,1,15,116,2,1,4,3,1,2
2022-09-23 13:39:31,2022-09-23 13:59:07,0,81,1175,0,2022-09-30 13:59:11,R_1CedVN8ZrNWyx1w,anonymous,AR,1,1,2,15,15,30,30,30,1,5,3,1,15,20,30,40,1,2,3,2,15,15,30,30,1,5,1,1,2,2,3,5,1,4,3,4,3,,,,,,,,1,4,2,3
2022-09-30 13:46:06,2022-09-30 13:59:32,0,100,805,1,2022-09-30 13:59:32,R_3HZdyfxErs57SjY,anonymous,AR,1,1,1,0,15,0,30,30,4,1,1,2,0,15,0,30,1,1,1,1,0,30,0,30,2,1,5,1,2,1,2,30,1,4,1,1,5,2,40,2,15,116,2,1,4,1,2,3
2022-09-30 13:58:01,2022-09-30 14:08:41,0,100,639,1,2022-09-30 14:08:42,R_3sczq5Q3p33bGP6,anonymous,AR,0.8999999761581421,1,3,15,20,30,35,30,3,2,5,2,15,20,30,35,2,2,3,2,15,20,30,35,2,3,5,2,2,2,3,15,1,1,3,4,4,2,21,1,16,116,2,1,2,3,1,4
2022-09-30 14:25:09,2022-09-30 14:51:33,0,100,1583,1,2022-09-30 14:51:33,R_2rq023ENArxiJeA,anonymous,AR,1,1,3,15,15,30,30,20,1,1,5,1,15,15,15,15,3,1,1,3,15,15,30,30,1,5,1,5,3,1,1,20,4,4,3,4,5,2,21,7,14,116,2,1,4,2,3,1
2022-09-23 15:28:00,2022-09-23 15:31:41,0,11,220,0,2022-09-30 15:31:43,R_3kBBnHwDwDUcON3,anonymous,AR,1,1,,,,,,,,,,,,,,,,,,3,,,,,,,,,,,,,,,,,,,,,,,,,4,2,1,3
2022-09-30 15:19:42,2022-09-30 15:32:51,0,100,788,1,2022-09-30 15:32:51,R_3KoSJhOr7YRiC7P,anonymous,AR,0.8999999761581421,1,1,15,15,30,30,70,5,5,2,2,15,15,30,30,1,2,2,2,30,30,30,30,2,4,4,2,2,1,2,20,4,4,3,4,4,1,23,7,10,116,26,1,2,3,4,1
2022-09-30 17:11:55,2022-09-30 17:23:41,0,100,705,1,2022-09-30 17:23:41,R_2xXIHhNXEhujeoZ,anonymous,AR,1,1,1,15,30,30,40,20,1,5,2,1,15,30,30,40,1,1,2,1,15,30,30,40,1,1,1,2,2,1,2,20,2,3,2,1,5,1,45,3,15,116,2,1,3,2,4,1
2022-09-23 17:19:51,2022-09-23 17:27:27,0,19,456,0,2022-09-30 17:27:28,R_6VHR4eEp7eXLR3X,anonymous,AR,,1,1,15,20,30,30,30,,,,,,,,,,,,,,,,,,,,,,,,,,,,,,,,,,,,,1,4,2,3
2022-09-30 17:26:26,2022-09-30 17:32:29,0,100,363,1,2022-09-30 17:32:31,R_2RagAtifHpk3q3f,anonymous,AR,0.8999999761581421,1,1,10,20,20,35,20,1,5,2,1,10,20,20,35,2,1,3,1,10,20,20,35,1,1,5,2,1,1,3,15,2,3,2,1,4,1,35,2,13,116,2,1,4,1,3,2
2022-09-30 17:12:32,2022-09-30 17:36:55,0,100,1463,1,2022-09-30 17:36:56,R_2WItwnb5EArXn9f,anonymous,AR,1,1,3,15,15,30,30,20,5,1,5,1,15,15,30,30,3,2,2,3,30,30,30,30,2,5,1,5,3,2,2,20,2,4,1,4,5,2,25,1,15,116,2,1,3,1,4,2
2022-09-30 17:45:11,2022-09-30 17:53:55,0,100,523,1,2022-09-30 17:53:55,R_xGgCNtPSdsFxBDP,anonymous,AR,1,1,3,15,15,30,30,50,4,4,4,1,15,15,30,30,3,2,1,3,15,15,30,30,1,3,3,2,3,2,1,50,1,1,1,1,5,2,38,3,14,116,2,1,4,2,1,3
2022-09-23 17:54:07,2022-09-23 17:55:43,0,3,96,0,2022-09-30 17:55:44,R_2EjdNG1zQSBZ69I,anonymous,AR,0.800000011920929,1,,,,,,,,,,,,,,,,,,,,,,,,,,,,,,,,,,,,,,,,,,,,,,
2022-09-23 17:47:26,2022-09-23 18:03:53,0,50,987,0,2022-09-30 18:03:59,R_3JsnEoTEKEexiXI,anonymous,AR,1,1,3,0,0,0,0,15,5,5,1,1,0,0,15,15,3,2,,1,15,15,30,30,2,4,5,1,,,,,,,,,,,,,,,,,1,3,2,4
2022-09-30 17:47:13,2022-09-30 18:07:09,0,100,1196,1,2022-09-30 18:07:10,R_yl6KonsQP9K5hZv,anonymous,AR,0.8999999761581421,1,1,30,30,50,50,20,5,1,5,1,30,30,50,50,2,2,2,2,30,30,30,30,1,5,1,5,1,2,2,10,4,4,3,4,5,1,26,1,14,116,2,1,2,3,1,4
2022-09-23 18:08:58,2022-09-23 18:09:34,0,3,35,0,2022-09-30 18:09:40,R_2fr5fqaiJHKLnAB,anonymous,EN,1,1,,,,,,,,,,,,,,,,,,,,,,,,,,,,,,,,,,,,,,,,,,,,,,
2022-09-30 18:22:17,2022-09-30 18:30:25,0,100,488,1,2022-09-30 18:30:25,R_3egGZnwL5dPzdiJ,anonymous,AR,1,1,1,0,20,30,40,10,5,5,5,1,0,20,30,40,1,2,2,2,0,20,30,40,1,1,5,3,2,1,2,10,2,3,1,2,3,1,20,7,12,116,2,1,3,1,4,2
2022-09-30 17:34:01,2022-09-30 18:37:08,0,100,3786,1,2022-09-30 18:37:08,R_3M38l6dNKELPFMU,anonymous,AR,1,1,1,15,15,15,15,20,1,1,1,1,15,15,15,15,1,2,2,2,15,15,15,15,1,1,1,1,2,2,2,10,2,4,1,1,5,2,27,1,18,116,2,1,1,2,3,4
2022-09-30 14:43:40,2022-09-30 19:01:41,0,100,15480,1,2022-09-30 19:01:41,R_3CV4r2R2WuxbOjr,anonymous,AR,1,1,3,15,20,15,20,100,4,4,5,1,15,20,15,20,3,2,2,3,15,20,15,20,2,5,5,5,3,2,2,50,2,4,3,4,4,2,53,7,20,116,2,1,2,3,4,1
2022-09-30 19:04:46,2022-09-30 19:16:39,0,100,712,1,2022-09-30 19:16:39,R_3KxzAo5MKIcd93H,anonymous,AR,1,1,3,15,20,30,35,20,5,5,3,1,15,20,30,35,1,2,2,1,15,30,30,30,1,1,5,3,2,2,2,10,1,4,3,1,5,1,42,6,23,116,2,1,1,4,2,3
2022-09-23 19:22:17,2022-09-23 19:23:02,0,8,45,0,2022-09-30 19:23:09,R_XnMZm2vwq6Hg9CV,anonymous,AR,1,1,,,,,,,,,,,,,,,,,,,,,,,,,,,,,,,,,,,,,,,,,,,2,3,4,1
2022-09-30 19:12:34,2022-09-30 19:26:37,0,100,843,1,2022-09-30 19:26:39,R_2fiLFlaAvkWtmZ8,anonymous,AR,1,1,2,15,15,30,30,100,5,1,5,2,15,15,30,30,1,2,2,2,15,15,30,30,2,5,1,5,2,2,2,20,2,4,3,4,4,2,20,1,4,116,2,1,4,1,2,3
2022-09-23 19:32:45,2022-09-23 19:41:35,0,42,530,0,2022-09-30 19:41:50,R_3kMohNrrjLYxTex,anonymous,AR,1,1,,,,,,,,,,,15,15,15,15,1,1,1,1,15,15,15,15,,,,,3,1,1,50,,,,,,,,,,,,,4,2,3,1
2022-09-30 19:52:34,2022-09-30 20:14:11,0,100,1296,1,2022-09-30 20:14:11,R_1eISy8flve7o3Cy,anonymous,AR,1,1,1,15,18,30,40,10,3,3,1,1,15,18,30,40,1,2,3,2,15,18,30,40,2,4,3,3,2,2,3,10,1,3,2,4,4,1,20,1,14,116,2,1,4,3,1,2
2022-09-22 22:23:21,2022-09-23 20:38:39,0,11,80118,0,2022-09-30 20:38:41,R_24o6hI9GDFPa0q0,anonymous,AR,1,1,,,,,,,,,,,,,,,,,,1,,,,,,,,,,,,,,,,,,,,,,,,,3,4,1,2
2022-09-30 20:22:17,2022-09-30 20:42:12,0,100,1195,1,2022-09-30 20:42:12,R_1CEGRvpSE8BTowJ,anonymous,AR,0.8999999761581421,1,1,0,15,0,15,100,2,5,1,1,0,15,0,15,1,1,3,1,0,15,0,15,2,3,5,2,3,1,3,20,1,2,2,4,4,1,29,1,17,116,2,1,1,3,4,2
2022-09-23 20:46:29,2022-09-23 20:47:57,8,3,87,0,2022-09-30 20:47:58,R_22F8YSPLKOLfbat,anonymous,AR,0.8999999761581421,1,,,,,,,,,,,,,,,,,,,,,,,,,,,,,,,,,,,,,,,,,,,,,,
2022-09-30 21:06:21,2022-09-30 21:18:27,0,100,726,1,2022-09-30 21:18:27,R_1qaJrVgJ5xnOebE,anonymous,AR,0.8999999761581421,1,2,0,15,30,30,20,2,4,1,1,15,15,30,39,3,2,1,2,15,30,30,30,1,2,1,2,2,2,1,20,3,2,3,4,3,2,40,1,17,116,2,1,2,4,1,3
2022-09-23 21:59:06,2022-09-23 22:13:19,0,67,853,0,2022-09-30 22:13:23,R_11hVe3GIifjPzH9,anonymous,AR,1,1,3,0,0,0,0,50,1,4,1,1,15,15,30,30,3,2,1,1,15,15,30,30,1,1,5,1,3,2,1,10,,,,,,,,,,,,,3,1,2,4
2022-09-30 22:09:42,2022-09-30 22:27:09,0,100,1047,1,2022-09-30 22:27:10,R_1LUoxfy1AeCyIF5,anonymous,AR,1,1,2,15,25,15,30,100,2,4,4,2,15,25,15,35,1,2,2,2,30,35,30,40,2,2,4,4,2,2,2,15,1,1,3,4,4,1,21,7,3,116,2,1,1,4,3,2
2022-09-23 22:28:08,2022-09-23 22:28:45,0,3,36,0,2022-09-30 22:28:48,R_3iyZq8MjPWfYTzQ,anonymous,AR,1,1,,,,,,,,,,,,,,,,,,,,,,,,,,,,,,,,,,,,,,,,,,,,,,
2022-09-30 22:19:33,2022-09-30 22:30:34,0,100,660,1,2022-09-30 22:30:34,R_2BfBtXBUCSXKYeK,anonymous,AR,0.8999999761581421,1,3,15,15,30,30,50,1,1,1,1,15,15,30,30,3,2,1,2,15,15,30,30,1,1,1,1,3,2,1,10,1,4,1,4,4,1,27,1,16,116,2,1,3,1,4,2
2022-09-30 22:15:24,2022-09-30 22:35:16,0,100,1191,1,2022-09-30 22:35:16,R_YXoiSfik2BYvEC5,anonymous,AR,1,1,2,0,20,0,30,50,1,4,2,2,0,15,0,30,1,1,2,2,0,15,0,30,2,2,4,4,1,1,2,10,1,3,3,4,4,2,39,7,15,116,2,1,1,3,4,2
2022-09-30 22:10:28,2022-09-30 22:45:01,0,100,2072,1,2022-09-30 22:45:01,R_2ANLFBLNDOrt6Ki,anonymous,AR,1,1,3,0,15,0,15,50,5,1,5,1,5,15,5,15,1,1,2,2,15,30,15,30,2,5,1,5,3,2,2,50,4,3,1,4,4,2,27,7,18,116,2,1,2,1,4,3
2022-09-30 22:53:38,2022-09-30 23:16:40,0,100,1382,1,2022-09-30 23:16:40,R_2QzUwvYOHbroC0l,anonymous,AR,1,1,1,10,20,15,35,20,1,5,5,1,15,20,30,30,3,1,3,3,30,40,30,50,2,4,1,2,2,1,3,10,1,4,2,4,5,2,29,1,18,116,2,1,3,2,1,4
2022-09-30 22:37:25,2022-09-30 23:19:30,0,100,2525,1,2022-09-30 23:19:30,R_31aWmUVSxAKGZ8k,anonymous,AR,0.699999988079071,1,3,10,15,20,30,10,3,3,3,1,10,15,20,30,2,1,3,1,15,30,20,30,1,3,2,3,1,1,3,10,4,1,1,2,4,2,22,7,15,116,2,1,4,2,3,1
2022-09-23 23:19:19,2022-09-23 23:21:11,0,8,112,0,2022-09-30 23:21:12,R_31yEQwRgGw4eCBU,anonymous,AR,0.8999999761581421,1,,,,,,,,,,,,,,,,,,,,,,,,,,,,,,,,,,,,,,,,,,,4,2,3,1
2022-09-30 23:19:40,2022-09-30 23:33:03,0,100,803,1,2022-09-30 23:33:04,R_Pussqk76sqPeShb,anonymous,AR,1,1,3,15,15,30,30,20,4,5,5,1,15,15,30,30,1,2,2,3,15,15,30,30,1,4,2,5,3,2,2,20,4,4,3,4,5,2,22,7,18,122,2,1,3,2,1,4
2022-09-23 23:47:51,2022-09-23 23:54:48,0,8,416,0,2022-09-30 23:54:49,R_1gBgOGyqKpdl2HZ,anonymous,AR,1,1,,,,,,,,,,,,,,,,,,,,,,,,,,,,,,,,,,,,,,,,,,,4,1,2,3
2022-09-30 23:48:03,2022-10-01 00:03:31,0,100,927,1,2022-10-01 00:03:31,R_1H1olHadOA5Z56h,anonymous,AR,1,1,3,20,20,40,40,50,5,4,1,1,0,20,0,60,3,1,2,2,0,20,0,60,1,2,1,2,3,1,2,60,1,1,2,2,4,2,20,1,15,116,2,1,1,4,3,2
2022-10-01 00:04:26,2022-10-01 00:22:43,0,100,1097,1,2022-10-01 00:22:44,R_3rIHMNh2RJyn3Ko,anonymous,AR,1,1,1,0,0,0,0,50,5,5,1,1,15,15,30,30,1,2,2,2,30,30,30,30,1,5,5,1,3,2,2,50,1,4,3,3,5,2,29,7,15,116,2,1,3,1,2,4
2022-09-30 23:25:02,2022-10-01 00:24:11,0,100,3549,1,2022-10-01 00:24:12,R_1NfVoSHqegrxU3i,anonymous,AR,0.8999999761581421,1,1,10,20,20,35,20,1,5,3,1,10,20,20,35,1,1,2,1,10,20,20,35,1,1,5,2,2,1,3,10,2,3,2,1,5,1,35,2,12,116,2,1,3,2,1,4
2022-10-01 00:08:34,2022-10-01 00:29:13,0,100,1239,1,2022-10-01 00:29:14,R_BtziUJbIZJcUxi1,anonymous,AR,1,1,1,0,20,0,40,20,1,5,5,1,15,20,15,40,1,2,2,2,30,40,30,40,1,5,5,1,2,2,2,15,1,3,3,4,5,2,34,3,16,116,2,1,2,3,1,4
2022-10-01 00:27:29,2022-10-01 00:32:12,0,100,282,1,2022-10-01 00:32:13,R_2hhKDKoyXPK0EQ9,anonymous,AR,0.8999999761581421,1,1,15,20,20,40,25,1,5,3,1,15,20,20,40,2,1,2,1,15,20,20,40,1,1,5,3,2,1,2,15,2,3,2,1,5,2,30,2,10,116,2,1,3,2,4,1
2022-09-23 23:48:11,2022-09-24 00:33:00,0,25,2688,0,2022-10-01 00:33:07,R_1q3sxbIlN02l28N,anonymous,AR,1,1,,,,,,,,,,,15,30,30,50,2,1,3,2,,,,,,,,,,,,,,,,,,,,,,,,,3,1,2,4
2022-09-24 00:55:17,2022-09-24 01:00:17,0,3,299,0,2022-10-01 01:00:20,R_b8TbdUoq7tK3NZf,anonymous,AR,1,1,,,,,,,,,,,,,,,,,,,,,,,,,,,,,,,,,,,,,,,,,,,,,,
2022-09-24 00:54:49,2022-09-24 01:04:29,0,58,579,0,2022-10-01 01:04:35,R_20VEQOrVQQHpjxT,anonymous,AR,1,1,1,0,15,0,15,7,,,,,0,15,0,15,1,2,1,2,0,15,0,15,2,3,1,5,2,1,1,7,,,,,,,,,,,,,4,1,3,2
2022-09-24 01:07:12,2022-09-24 01:09:45,0,8,153,0,2022-10-01 01:09:49,R_4GXC1eZ4XGdO9HP,anonymous,AR,0.8999999761581421,1,,,,,,,,,,,,,,,,,,,,,,,,,,,,,,,,,,,,,,,,,,,2,1,3,4
2022-09-24 01:09:18,2022-09-24 01:10:18,0,8,60,0,2022-10-01 01:10:27,R_3DdMr6txF6lkLJU,anonymous,AR,0.8999999761581421,1,,,,,,,,,,,,,,,,,,,,,,,,,,,,,,,,,,,,,,,,,,,1,2,3,4
2022-09-24 01:14:04,2022-09-24 01:24:03,0,44,599,0,2022-10-01 01:24:06,R_1jlitRbuTNBkapB,anonymous,AR,0.8999999761581421,1,2,15,15,15,15,10,,,,,,,,,,,,1,15,30,15,30,1,3,2,4,2,2,2,10,,,,,,,,,,,,,3,4,2,1
2022-09-24 01:26:29,2022-09-24 01:31:49,0,19,320,0,2022-10-01 01:31:54,R_9FWonK4PoGjB70t,anonymous,AR,0.8999999761581421,1,,,,,,,,,,,,,,,,,,2,30,60,30,60,2,,,,,,,,,,,,,,,,,,,,2,3,1,4
2022-10-01 01:02:33,2022-10-01 01:32:56,0,100,1823,1,2022-10-01 01:32:57,R_1eK9FNMa99OFHwd,anonymous,AR,0.8999999761581421,1,1,30,30,30,30,12,3,4,5,1,30,30,30,30,1,2,2,1,30,30,30,30,1,3,4,5,2,2,2,12,1,4,3,1,5,1,26,1,17,116,2,1,3,2,1,4
2022-10-01 01:23:49,2022-10-01 01:44:27,0,100,1238,1,2022-10-01 01:44:27,R_2zCw2fkpeIDjzV9,anonymous,AR,1,1,2,15,15,15,15,15,1,5,3,1,15,15,15,15,1,2,2,2,15,15,30,30,2,5,5,1,2,2,2,15,4,4,3,4,5,2,19,7,13,116,2,1,3,1,2,4
2022-10-01 01:37:25,2022-10-01 01:54:56,0,100,1051,1,2022-10-01 01:54:57,R_R7SOzLQn1a2rH0d,anonymous,AR,1,1,2,0,0,0,20,40,3,2,4,1,15,15,30,30,1,2,1,1,0,15,0,30,2,3,2,4,3,1,3,10,1,3,1,4,4,2,22,1,15,116,2,1,3,2,1,4
2022-10-01 01:21:20,2022-10-01 01:58:50,0,100,2249,1,2022-10-01 01:58:50,R_1o15NhjCKYlZ52m,anonymous,AR,1,1,3,15,50,30,100,20,1,1,1,1,15,50,30,100,3,1,2,3,15,50,30,100,1,5,5,1,3,1,2,20,4,4,3,4,4,2,28,6,20,116,2,1,4,3,2,1
2022-09-24 02:16:40,2022-09-24 02:22:51,0,28,371,0,2022-10-01 02:22:58,R_1f3lNnrxfOOleez,anonymous,AR,0.8999999761581421,1,3,0,0,0,0,10,2,2,2,1,,,,,,,,3,,,,,,,,,,,,,,,,,,,,,,,,,1,3,2,4
2022-10-01 02:10:02,2022-10-01 03:06:57,0,100,3415,1,2022-10-01 03:06:57,R_W8L2Sa8Bz59SUO5,anonymous,AR,0.800000011920929,1,3,15,25,30,40,80,5,5,1,2,15,25,30,40,1,2,2,2,15,25,30,40,2,5,5,1,3,1,2,80,4,4,3,4,4,2,23,1,17,116,2,1,1,2,3,4
2022-10-01 02:44:28,2022-10-01 03:15:39,0,100,1870,1,2022-10-01 03:15:39,R_29m4u17jxku95rk,anonymous,AR,0.8999999761581421,1,1,0,15,15,30,30,1,5,5,1,15,20,15,30,1,2,2,2,30,30,30,40,1,3,5,5,2,1,2,15,3,4,2,4,5,2,23,2,17,61,2,1,1,2,4,3
2022-10-01 04:42:07,2022-10-01 04:58:12,0,100,965,1,2022-10-01 04:58:14,R_3szj6nRRQH4q3ha,anonymous,AR,0.8999999761581421,1,3,15,15,15,15,25,3,3,1,2,15,15,15,15,3,1,3,3,15,15,15,15,2,3,3,1,1,1,3,15,1,4,2,3,5,1,42,1,30,116,2,1,1,4,3,2
2022-10-01 07:57:34,2022-10-01 08:08:50,0,100,675,1,2022-10-01 08:08:50,R_21jraWC3WzJVcZt,anonymous,AR,0.8999999761581421,1,2,10,25,20,40,20,3,1,2,1,10,20,20,40,1,2,2,2,10,25,20,40,1,2,1,2,2,2,2,10,4,4,3,4,4,1,21,7,14,116,2,1,1,4,3,2
2022-09-24 10:06:13,2022-09-24 10:10:17,0,19,243,0,2022-10-01 10:10:20,R_PtVkQUUJ9mqOipr,anonymous,AR,1,1,,,,,,,,,,,,,,,,,,,,,,,,,,,1,1,3,10,,,,,,,,,,,,,2,3,4,1
2022-10-01 10:02:11,2022-10-01 10:18:33,0,100,981,1,2022-10-01 10:18:33,R_6sqHmcWvh0LuE0x,anonymous,AR,0.8999999761581421,1,1,0,0,0,0,30,4,3,2,1,0,0,0,0,1,2,2,1,15,15,15,15,1,3,4,1,3,1,2,8,4,4,3,4,5,2,35,6,5,116,26,1,2,1,3,4
2022-09-24 11:23:26,2022-09-24 11:24:04,0,8,37,0,2022-10-01 11:26:59,R_3Mll8KOzISr9O4d,anonymous,AR,0.8999999761581421,1,,,,,,,,,,,,,,,,,,,,,,,,,,,,,,,,,,,,,,,,,,,3,1,2,4
2022-09-24 11:26:47,2022-09-24 11:31:08,0,31,261,0,2022-10-01 11:39:37,R_3lPLDuPFTpR4NMo,anonymous,AR,0.8999999761581421,1,,,,,,,,,,,0,15,0,15,1,2,,,,,,,,,,,2,2,1,7,,,,,,,,,,,,,3,2,4,1
2022-09-24 11:33:30,2022-09-24 11:33:56,0,8,25,0,2022-10-01 11:40:50,R_25GWNbccRcrvX2d,anonymous,EN,0.8999999761581421,1,,,,,,,,,,,,,,,,,,,,,,,,,,,,,,,,,,,,,,,,,,,4,1,2,3
2022-09-24 11:50:55,2022-09-24 11:51:06,0,3,11,0,2022-10-01 11:56:02,R_27BcUwJfQhuUaVs,anonymous,AR,1,1,,,,,,,,,,,,,,,,,,,,,,,,,,,,,,,,,,,,,,,,,,,,,,
2022-09-24 12:11:05,2022-09-24 12:11:53,0,6,47,0,2022-10-01 12:11:55,R_aho1PHfRr4oj9E5,anonymous,AR,0.8999999761581421,1,,,,,,,,,,,,,,,,,,,,,,,,,,,,,,,,,,,,,,,,,,,,,,
2022-09-24 12:43:58,2022-09-24 13:01:33,0,81,1055,0,2022-10-01 13:01:38,R_1gTKqNFJRlQq6ZA,anonymous,AR,1,1,3,0,0,0,0,50,1,5,5,2,0,15,15,15,1,1,1,3,30,30,30,30,2,5,5,2,2,1,1,20,1,4,3,4,5,,,,,,,,2,3,1,4
2022-10-01 11:35:54,2022-10-01 13:08:59,0,100,5584,1,2022-10-01 13:08:59,R_9QxLlYZUXK6Zq6J,anonymous,AR,1,1,1,0,15,0,15,20,5,1,5,1,15,15,30,30,1,2,1,2,15,15,30,30,1,2,1,5,3,2,1,20,1,4,2,1,5,2,34,1,20,116,2,1,4,3,2,1
2022-10-01 13:15:01,2022-10-01 13:20:35,0,100,334,1,2022-10-01 13:20:37,R_1KyeJD8ZQHv56Vv,anonymous,AR,0.8999999761581421,1,1,0,30,0,40,20,1,5,3,1,0,20,0,40,2,1,2,2,0,20,0,40,1,1,5,3,2,1,2,10,2,3,2,2,5,2,30,2,12,116,2,1,2,4,3,1
2022-10-01 13:21:57,2022-10-01 13:26:55,0,100,297,1,2022-10-01 13:26:55,R_xzxlyCcHJOmXWiR,anonymous,AR,0.8999999761581421,1,1,10,20,15,40,20,1,5,3,1,10,20,15,40,1,1,1,1,10,20,15,40,1,3,3,3,2,1,1,15,4,2,2,4,5,2,35,3,14,116,2,1,1,2,4,3
2022-10-01 13:27:31,2022-10-01 13:31:57,0,100,265,1,2022-10-01 13:31:57,R_28HVU2A5czbnBGd,anonymous,AR,1,1,1,15,30,25,45,20,3,3,3,1,15,30,15,45,1,2,2,1,15,30,15,45,1,3,3,3,2,2,2,15,2,4,3,1,5,2,32,2,20,116,2,1,2,1,3,4
2022-10-01 13:32:47,2022-10-01 13:36:42,0,100,234,1,2022-10-01 13:36:42,R_TaOPJKcjHM1Se6R,anonymous,AR,1,1,1,0,20,0,20,25,3,3,3,1,0,20,0,40,1,2,2,1,0,20,0,40,1,3,3,3,1,2,2,15,2,4,2,3,5,2,28,2,10,116,2,1,2,4,1,3
2022-10-01 13:36:57,2022-10-01 13:40:23,0,100,205,1,2022-10-01 13:40:23,R_12Sesd7U60B1nru,anonymous,AR,1,1,1,0,25,0,35,25,1,5,3,1,0,25,0,35,1,2,2,1,0,15,0,35,1,1,5,3,2,2,2,10,2,3,2,4,5,2,44,2,14,116,2,1,2,3,4,1
2022-10-01 13:55:47,2022-10-01 13:59:51,0,100,243,1,2022-10-01 13:59:51,R_3Hp1BPD9ZsCogq5,anonymous,AR,1,1,1,15,20,15,40,25,1,5,3,1,15,20,15,40,1,1,2,1,15,20,15,40,1,1,5,3,2,1,2,10,2,3,3,1,5,2,26,3,10,116,2,1,1,4,3,2
2022-10-01 14:11:24,2022-10-01 14:25:09,0,100,824,1,2022-10-01 14:25:09,R_3OdfDt1nbkilmnC,anonymous,AR,1,1,1,15,15,30,30,50,5,1,1,1,15,15,30,30,1,1,1,2,15,30,30,60,1,5,1,1,2,1,1,50,1,3,3,1,5,1,25,4,19,65,26,1,4,3,1,2
2022-10-01 14:04:14,2022-10-01 14:27:58,0,100,1424,1,2022-10-01 14:28:00,R_2foJHWgqdeJVqb0,anonymous,AR,1,1,3,0,15,0,30,100,3,4,3,1,15,15,30,30,1,1,1,2,15,15,30,30,1,2,3,2,2,2,2,50,4,4,3,4,5,2,25,7,15,116,2,1,4,3,2,1
2022-09-24 14:43:21,2022-09-24 14:44:00,0,8,38,0,2022-10-01 14:44:02,R_21B3WQCKalGfKB5,anonymous,AR,1,1,,,,,,,,,,,,,,,,,,,,,,,,,,,,,,,,,,,,,,,,,,,2,1,4,3
2022-09-24 14:52:33,2022-09-24 14:53:50,0,6,77,0,2022-10-01 14:53:55,R_C8mWvsKVYTTXIHL,anonymous,AR,1,1,,,,,,,,,,,,,,,,,,,,,,,,,,,,,,,,,,,,,,,,,,,,,,
2022-09-24 14:30:30,2022-09-24 15:06:41,0,50,2171,0,2022-10-01 15:06:42,R_uyuBTQ0OS7kpFjH,anonymous,AR,0.8999999761581421,1,3,0,0,0,0,50,3,5,1,2,0,15,0,30,1,1,1,,,,,,,,,,2,1,1,50,,,,,,,,,,,,,1,2,4,3
2022-10-01 15:57:10,2022-10-01 16:01:18,0,100,248,1,2022-10-01 16:01:18,R_23gbVtF8JYuLUil,anonymous,AR,1,1,1,15,20,15,40,25,1,5,3,1,15,20,15,40,1,2,2,1,15,20,15,40,1,1,5,3,2,2,2,10,4,3,2,1,5,2,36,2,12,116,2,1,1,3,4,2
2022-10-01 16:02:14,2022-10-01 16:07:04,0,100,289,1,2022-10-01 16:07:04,R_7WZwXEa9BzbKWB3,anonymous,AR,1,1,1,10,20,10,40,20,1,5,3,1,10,20,10,40,2,2,2,1,10,20,10,40,1,1,5,3,2,2,2,10,2,3,2,1,5,2,38,3,10,116,2,1,3,1,4,2
2022-10-01 16:07:19,2022-10-01 16:11:09,0,100,229,1,2022-10-01 16:11:09,R_3oXzDkiFYsrX1DQ,anonymous,AR,1,1,1,15,20,15,40,30,1,5,3,1,15,20,15,40,1,1,2,1,15,20,15,40,1,1,5,3,2,1,2,15,2,3,2,1,5,2,42,4,12,116,2,1,3,1,2,4
2022-10-01 16:12:14,2022-10-01 16:16:11,0,100,237,1,2022-10-01 16:16:11,R_2Byd1UMLlTzv6jz,anonymous,AR,1,1,1,0,20,0,35,30,1,5,3,1,0,20,0,35,1,1,2,3,0,20,0,35,1,1,5,3,2,1,2,10,4,3,2,1,5,2,35,3,9,116,2,1,2,3,1,4
2022-10-01 16:16:18,2022-10-01 16:19:44,0,100,205,1,2022-10-01 16:19:44,R_2urihflTt2OXRud,anonymous,AR,1,1,1,15,25,25,40,30,1,5,3,1,15,25,15,40,1,1,2,1,15,25,15,40,1,1,5,3,2,1,2,10,2,3,2,4,5,1,36,2,10,116,2,1,1,2,3,4
2022-10-01 15:59:20,2022-10-01 16:19:51,0,100,1230,1,2022-10-01 16:19:51,R_brRDNmaXJJHAQJr,anonymous,AR,1,1,1,15,15,15,15,30,1,5,1,2,15,15,30,30,1,1,2,2,30,30,30,30,2,1,5,1,2,1,2,10,4,4,3,4,4,1,52,6,5,116,26,1,3,1,4,2
2022-10-01 16:25:23,2022-10-01 16:29:15,0,100,232,1,2022-10-01 16:29:16,R_3hurnkvpI6WSK94,anonymous,AR,1,1,1,15,20,15,40,30,3,3,3,1,15,20,15,40,1,2,2,1,15,20,15,40,1,3,3,3,2,2,2,15,2,4,2,4,5,2,46,2,12,116,2,1,4,1,2,3
2022-09-24 16:36:56,2022-09-24 16:37:45,0,3,48,0,2022-10-01 16:37:47,R_2ZKYaNdFzwu9KlC,anonymous,EN,1,1,,,,,,,,,,,,,,,,,,,,,,,,,,,,,,,,,,,,,,,,,,,,,,
2022-09-24 16:24:18,2022-09-24 16:48:17,0,56,1438,0,2022-10-01 16:48:22,R_WiyKKi7FyMRW5wJ,anonymous,AR,0.8999999761581421,1,3,0,0,0,0,80,3,3,2,1,0,0,0,0,3,1,1,2,0,15,0,30,1,3,3,3,1,,,,,,,,,,,,,,,,1,2,3,4
2022-10-01 16:46:51,2022-10-01 17:02:29,0,100,938,1,2022-10-01 17:02:30,R_33lE6ZGkrwCx2g6,anonymous,AR,1,1,1,0,15,0,30,10,5,4,4,2,0,15,0,30,1,2,1,3,0,15,0,30,2,5,4,4,3,2,1,10,1,4,1,4,4,1,38,7,18,116,2,1,4,3,1,2
2022-10-01 16:45:53,2022-10-01 17:04:14,0,100,1100,1,2022-10-01 17:04:14,R_27drckzUyrVoU0t,anonymous,AR,1,1,3,0,0,0,0,30,3,1,1,1,15,15,15,15,3,2,2,3,15,15,15,15,2,5,1,1,3,2,2,30,4,4,3,4,5,1,35,5,12,116,2,1,2,4,3,1
2022-09-24 17:53:02,2022-09-24 17:59:06,0,22,364,0,2022-10-01 17:59:07,R_30jbxkUSGfPyZ5Z,anonymous,AR,0.8999999761581421,1,3,,,,,,,,,,,,,,,,,,,,,,,,,,3,2,2,5,,,,,,,,,,,,,2,3,4,1
2022-09-24 18:08:39,2022-09-24 18:19:33,0,42,653,0,2022-10-01 18:19:37,R_0jRMgC3TJafBIHv,anonymous,AR,1,1,1,0,15,0,15,30,2,1,1,1,0,15,0,30,1,2,2,1,,,,,,,,,,,,,,,,,,,,,,,,,2,1,3,4
2022-09-24 18:10:38,2022-09-24 18:26:40,0,22,961,0,2022-10-01 18:26:44,R_3scXUuJyxPTn9nj,anonymous,AR,0.800000011920929,1,,,,,,,,,,,15,15,15,15,1,1,1,,,,,,,,,,,,,,,,,,,,,,,,,,2,1,4,3
2022-09-24 19:42:02,2022-09-24 19:42:51,0,8,49,0,2022-10-01 19:42:59,R_1mkMuliAz2DkBT1,anonymous,AR,0.800000011920929,1,,,,,,,,,,,,,,,,,,,,,,,,,,,,,,,,,,,,,,,,,,,3,1,2,4
2022-09-24 19:58:43,2022-09-24 20:03:41,0,19,298,0,2022-10-01 20:03:46,R_3e2jKkZBRyJY3Fw,anonymous,AR,1,1,1,0,0,0,0,30,,,,,,,,,,,,,,,,,,,,,,,,,,,,,,,,,,,,,1,3,4,2
2022-10-01 21:05:55,2022-10-01 21:20:08,0,100,852,1,2022-10-01 21:20:09,R_OeyIRednPMpIMq5,anonymous,AR,1,1,1,15,15,15,15,50,5,1,3,1,15,15,30,30,3,1,3,2,30,30,30,30,1,5,1,2,3,1,3,50,4,4,3,4,5,1,32,3,20,116,2,1,3,1,2,4
2022-10-01 21:20:59,2022-10-01 21:26:54,0,100,355,1,2022-10-01 21:26:55,R_24Mo16yJSehp0b5,anonymous,AR,0.8999999761581421,1,1,0,25,0,40,25,1,5,3,1,0,25,0,40,1,1,2,1,0,25,0,40,1,1,5,3,2,1,2,10,2,4,2,1,5,2,43,2,10,116,2,1,3,1,2,4
2022-10-01 21:27:00,2022-10-01 21:31:07,0,100,246,1,2022-10-01 21:31:07,R_25HHM1FttukQTG3,anonymous,AR,0.8999999761581421,1,1,15,20,15,40,30,1,5,3,1,15,20,15,40,1,1,2,3,15,20,15,40,1,1,5,3,3,1,2,10,2,3,2,1,4,2,25,2,10,116,2,1,1,4,2,3
2022-10-01 21:32:03,2022-10-01 21:36:41,0,100,278,1,2022-10-01 21:36:41,R_SWepWhmCrJ374hX,anonymous,AR,0.800000011920929,1,1,0,20,0,40,35,1,5,3,1,0,20,0,40,1,1,2,1,0,20,0,40,1,1,5,3,2,1,2,15,2,4,1,3,5,2,43,3,12,116,2,1,2,4,1,3
2022-10-01 21:37:11,2022-10-01 21:41:37,0,100,265,1,2022-10-01 21:41:37,R_3g5ejuXilRXRh1d,anonymous,AR,0.8999999761581421,1,1,0,20,0,40,30,1,5,3,1,0,20,0,40,1,1,2,2,0,20,0,40,1,1,5,3,2,1,2,10,2,3,2,3,5,2,27,2,10,116,2,1,2,1,3,4
2022-10-01 21:42:05,2022-10-01 21:45:49,0,100,223,1,2022-10-01 21:45:49,R_2zIMxepVSRmzbiN,anonymous,AR,0.8999999761581421,1,1,15,20,15,35,35,1,5,3,1,15,20,15,35,1,1,2,1,15,20,15,35,1,1,5,3,2,1,2,15,2,3,2,3,5,2,34,3,10,116,2,1,3,1,4,2
2022-10-01 21:48:54,2022-10-01 21:53:12,0,100,257,1,2022-10-01 21:53:12,R_UyjwgA5yDhgQBkl,anonymous,AR,1,1,1,15,25,15,40,35,1,5,3,1,15,25,15,30,1,1,3,1,15,25,15,40,1,1,5,3,2,1,3,15,2,3,2,1,5,1,42,3,12,116,2,1,4,2,3,1
2022-10-01 21:56:42,2022-10-01 22:00:38,0,100,236,1,2022-10-01 22:00:38,R_33jxLdDC53qVHqI,anonymous,AR,1,1,1,0,25,0,35,25,1,5,3,1,0,25,0,35,1,1,2,1,0,25,0,35,1,1,5,3,2,1,2,10,2,3,2,1,5,1,37,2,8,116,2,1,2,1,3,4
2022-10-01 22:03:52,2022-10-01 22:07:07,0,100,195,1,2022-10-01 22:07:07,R_071yyiShcdSeO3L,anonymous,AR,1,1,1,15,25,15,35,35,1,5,3,1,15,25,15,35,1,1,2,1,15,25,25,35,1,1,5,3,2,1,2,15,2,3,2,2,5,1,54,5,10,116,2,1,3,4,1,2
2022-10-01 22:10:22,2022-10-01 22:13:48,0,100,205,1,2022-10-01 22:13:48,R_26kC8XfIUr4eeqX,anonymous,AR,1,1,1,0,20,0,35,30,1,5,3,1,0,20,0,35,1,1,2,1,0,20,0,35,1,1,5,3,2,1,2,10,2,2,2,1,5,1,26,2,9,116,2,1,2,1,3,4
2022-10-01 22:15:26,2022-10-01 22:18:42,0,100,195,1,2022-10-01 22:18:43,R_1yKIccXWndaq91L,anonymous,AR,1,1,1,15,20,15,35,30,1,5,3,1,15,20,15,35,1,1,2,1,15,20,15,35,1,1,5,3,2,1,2,10,1,2,2,2,5,2,34,4,12,116,2,1,4,1,3,2
2022-10-01 22:21:40,2022-10-01 22:45:36,0,100,1435,1,2022-10-01 22:45:36,R_pxGGdiIjVqBOqAx,anonymous,AR,1,1,3,30,39,30,30,30,5,1,5,2,30,30,30,30,3,2,2,2,30,30,30,30,2,5,2,5,3,2,2,5,4,4,3,4,5,1,34,7,20,116,2,1,3,4,1,2
2022-10-01 23:15:37,2022-10-01 23:18:58,0,100,200,1,2022-10-01 23:18:58,R_25yaSQ2eUZQdPbu,anonymous,AR,1,1,1,15,25,25,40,35,1,5,3,1,15,25,15,40,1,1,2,1,15,25,15,40,1,1,5,3,2,1,2,10,2,2,2,2,5,1,43,3,8,116,2,1,1,3,4,2
2022-10-01 22:36:26,2022-10-01 23:21:55,0,100,2728,1,2022-10-01 23:21:55,R_2Yn2cvoHnIu7iE9,anonymous,AR,1,1,1,15,15,30,30,35,1,1,1,1,15,15,30,30,1,2,3,2,30,30,30,30,1,1,5,5,2,2,3,10,1,4,3,4,2,2,33,7,17,116,2,2,2,1,3,4
2022-10-01 23:19:05,2022-10-01 23:22:28,0,100,202,1,2022-10-01 23:22:28,R_26etSojs7aWiV3q,anonymous,AR,1,1,1,0,20,0,40,35,1,5,3,1,0,20,0,40,1,2,3,1,0,20,0,40,1,1,5,3,2,2,3,15,2,2,2,1,5,2,32,4,12,116,2,1,3,2,4,1
2022-10-01 23:23:11,2022-10-01 23:27:16,0,100,245,1,2022-10-01 23:27:16,R_3gSm1JAvQOui76E,anonymous,AR,1,1,1,15,25,15,35,40,1,5,3,1,15,25,15,35,1,2,3,1,15,25,15,35,1,1,5,3,2,2,3,10,2,2,2,3,5,2,29,3,10,116,2,1,4,1,2,3
2022-10-01 23:30:07,2022-10-01 23:33:15,0,100,187,1,2022-10-01 23:33:15,R_2VEGichWK1rEsBy,anonymous,AR,1,1,1,0,20,0,40,35,1,5,3,1,0,20,0,40,1,2,3,1,0,20,0,40,1,1,5,4,2,2,3,10,2,3,2,1,5,1,36,4,10,116,2,1,1,4,2,3
2022-10-01 23:37:17,2022-10-01 23:40:18,0,100,181,1,2022-10-01 23:40:19,R_PLimw8oeMsiAhYR,anonymous,AR,1,1,1,15,20,15,40,35,1,5,4,1,15,20,15,40,1,2,3,1,25,20,15,40,1,1,5,4,2,2,3,10,2,3,2,4,5,1,42,4,10,116,2,1,4,3,2,1
2022-10-01 23:44:08,2022-10-01 23:47:40,0,100,212,1,2022-10-01 23:47:41,R_3fq9jHxyNMuPxAV,anonymous,AR,1,1,1,0,20,0,45,35,1,5,4,1,0,20,0,45,1,2,3,1,0,20,0,45,1,1,5,4,2,2,3,10,2,4,3,1,5,2,29,3,10,116,2,1,2,1,3,4
2022-09-25 00:57:12,2022-09-25 01:01:19,0,14,247,0,2022-10-02 01:01:21,R_6wXA4kfj4CP8fU5,anonymous,AR,1,1,,,,,,,,,,,15,15,30,30,,,,,,,,,,,,,,,,,,,,,,,,,,,,,3,1,4,2
2022-09-25 10:13:15,2022-09-25 10:15:53,0,25,158,0,2022-10-02 10:15:54,R_1rONxYlYCAxSXeZ,anonymous,AR,1,1,,,,,,,,,,,3,3,2,3,3,2,2,2,,,,,,,,,,,,,,,,,,,,,,,,,3,1,2,4
2022-10-02 10:04:10,2022-10-02 10:20:44,0,100,994,1,2022-10-02 10:20:45,R_AoY8eU82a9HN3ot,anonymous,AR,1,1,1,0,0,0,0,50,2,4,3,2,0,0,0,30,1,1,3,2,30,30,30,30,2,3,4,3,2,2,3,10,1,3,1,4,4,2,40,7,7,116,2,1,3,2,4,1
2022-09-21 15:24:02,2022-09-25 11:12:57,0,11,330534,0,2022-10-02 11:12:59,R_2q9M5CoxpUfXYjM,anonymous,AR,1,1,2,,,,,,,,,,,,,,,,,,,,,,,,,,,,,,,,,,,,,,,,,,1,3,4,2
2022-10-02 19:07:31,2022-10-02 19:22:31,0,100,900,1,2022-10-02 19:22:31,R_se4KCqQbIFeYNi1,anonymous,AR,1,1,1,15,15,15,15,10,5,1,1,1,15,15,15,15,2,1,2,2,30,30,30,30,2,5,1,1,2,2,2,10,4,4,3,4,5,1,26,7,16,116,2,1,3,2,1,4
2022-10-02 22:55:43,2022-10-02 23:25:01,0,100,1758,1,2022-10-02 23:25:01,R_2VIvQMwDav5pSdC,anonymous,EN,1,1,2,0,15,0,15,30,2,5,5,2,0,15,0,30,3,1,2,3,15,30,15,30,2,2,1,5,3,1,1,10,1,3,2,4,5,1,63,6,0,116,2,1,1,3,2,4
2022-09-26 00:15:35,2022-09-26 00:19:18,0,19,222,0,2022-10-03 00:19:22,R_6M8s6JAfqvv882l,anonymous,AR,0.8999999761581421,1,,,,,,,,,,,,,,,,,,2,10,15,10,20,2,,,,,,,,,,,,,,,,,,,,2,4,1,3
2022-09-26 00:23:56,2022-09-26 00:24:39,0,8,43,0,2022-10-03 00:24:40,R_1lsicMA6fCbpRBq,anonymous,AR,0.8999999761581421,1,,,,,,,,,,,,,,,,,,,,,,,,,,,,,,,,,,,,,,,,,,,1,2,4,3
2022-09-26 01:37:53,2022-09-26 01:40:46,0,8,172,0,2022-10-03 01:40:49,R_1hFsKHAq7BvrGic,anonymous,AR,0.4000000059604645,1,,,,,,,,,,,,,,,,,,,,,,,,,,,,,,,,,,,,,,,,,,,2,1,3,4
2022-09-26 13:48:44,2022-09-26 13:52:57,0,25,253,0,2022-10-03 13:53:00,R_1rcxQVLM540qmjY,anonymous,AR,1,1,1,,,,,,,,,,0,15,0,30,3,2,2,,,,,,,,,,,,,,,,,,,,,,,,,,2,1,3,4
2022-09-26 15:53:41,2022-09-26 16:02:15,0,39,514,0,2022-10-03 16:02:19,R_3R7Q7GV1xX9mvOt,anonymous,AR,1,1,3,0,15,0,30,20,1,5,1,1,,,,,,,,2,15,15,15,15,1,4,1,1,,,,,,,,,,,,,,,,,2,3,1,4
2022-09-26 20:40:36,2022-09-26 20:41:04,0,3,27,0,2022-10-03 20:41:05,R_tXJAqNuugZVWPzr,anonymous,AR,0.8999999761581421,1,,,,,,,,,,,,,,,,,,,,,,,,,,,,,,,,,,,,,,,,,,,,,,
2022-10-03 22:41:12,2022-10-03 23:01:01,0,100,1188,1,2022-10-03 23:01:02,R_33BW3MG4bUDn371,anonymous,AR,0.8999999761581421,1,3,0,15,0,3.0,40,3,2,1,2,0,15,0,35,3,2,2,3,30,40,30,40,2,2,2,3,3,2,2,6,4,1,3,4,4,2,33,4,20,116,11,1,3,1,4,2
2022-09-26 23:09:13,2022-09-26 23:12:30,8,3,197,0,2022-10-03 23:12:31,R_25A6Il7f0wsk6kH,anonymous,AR,1,1,,,,,,,,,,,,,,,,,,,,,,,,,,,,,,,,,,,,,,,,,,,,,,
2022-09-26 23:02:57,2022-09-26 23:46:39,0,8,2622,0,2022-10-03 23:46:44,R_24uF78vsP0YfaMt,anonymous,AR,1,1,,,,,,,,,,,,,,,,,,,,,,,,,,,,,,,,,,,,,,,,,,,4,1,2,3
2022-09-27 11:38:19,2022-09-27 11:41:59,0,8,220,0,2022-10-04 12:05:30,R_u3XEVdyviVQ5qSd,anonymous,EN,0.8999999761581421,1,,,,,,,,,,,,,,,,,,,,,,,,,,,,,,,,,,,,,,,,,,,1,3,2,4
2022-09-27 16:24:11,2022-09-27 16:29:19,0,33,308,0,2022-10-04 16:29:26,R_3Pp1XJLQjF2D5YI,anonymous,AR,1,1,,,,,,,,,,,,,,,,,,3,15,40,30,40,1,1,1,1,3,2,1,10,,,,,,,,,,,,,4,3,2,1
2022-09-27 16:37:15,2022-09-27 16:37:30,8,3,15,0,2022-10-04 16:37:32,R_RwvuYDFnZl7dvbP,anonymous,AR,0.8999999761581421,1,,,,,,,,,,,,,,,,,,,,,,,,,,,,,,,,,,,,,,,,,,,,,,
2022-09-30 13:14:23,2022-10-04 16:40:39,0,100,357976,1,2022-10-04 16:40:40,R_1jMUz7pmyvAQ3pn,anonymous,AR,1,1,1,15,15,30,30,20,1,5,3,1,15,15,15,30,1,1,2,2,30,30,30,30,1,3,4,1,2,2,1,20,1,4,3,4,5,2,37,6,21,116,2,1,1,4,2,3
2022-09-27 18:18:21,2022-09-27 18:38:11,0,47,1189,0,2022-10-04 18:38:13,R_0faAxP7g7hNDAuR,anonymous,AR,0.8999999761581421,1,2,15,15,15,15,20,1,1,1,,,,,,,,,2,30,30,30,30,1,5,1,1,2,1,2,20,,,,,,,,,,,,,3,4,1,2
2022-09-27 18:36:30,2022-09-27 18:39:27,0,25,176,0,2022-10-04 18:39:28,R_2pKKdlwrEGX7bMv,anonymous,AR,1,1,1,15,15,30,30,10,2,2,2,1,,,,,,,,,,,,,,,,,,,,,,,,,,,,,,,,,1,2,4,3
2022-09-27 18:39:58,2022-09-27 18:42:16,0,81,137,0,2022-10-04 18:42:24,R_er0oRSxXhIS3MOt,anonymous,AR,1,1,3,1,1,1,44444,900000000,1,1,5,2,6,5,56,569,1,1,1,2,900,900,170,66,2,1,2,3,2,2,3,1,1,2,3,4,4,,,,,,,,4,1,2,3
2022-09-27 18:40:18,2022-09-27 18:43:06,0,19,168,0,2022-10-04 18:43:13,R_rqeA4Nwr6Z4HpV7,anonymous,AR,1,1,,,,,,,,,,,15,15,15,15,3,2,,,,,,,,,,,,,,,,,,,,,,,,,,,2,1,4,3
2022-09-27 19:01:26,2022-09-27 19:05:49,0,56,263,0,2022-10-04 19:05:50,R_3MuF99ZaNYFn5RV,anonymous,AR,1,1,3,20,22,20,22,10,3,3,3,2,11,12,11,12,,,,3,50,100,35,40,2,3,3,3,1,2,1,11,,,,,,,,,,,,,2,4,1,3
2022-09-27 18:51:26,2022-09-27 20:19:01,0,50,5255,0,2022-10-04 20:19:06,R_3J8aLmw6tzJRlak,anonymous,AR,0.8999999761581421,1,3,0,20,0,40,50,1,1,1,1,,,,,,,,3,0,15,30,40,1,1,1,1,3,2,2,50,,,,,,,,,,,,,1,4,2,3
2022-09-27 21:06:10,2022-09-27 21:09:28,0,19,197,0,2022-10-04 21:09:35,R_0Opca4EDBpwlNjH,anonymous,AR,1,1,,,,,,,,,,,,,,,,,,2,30,100,30,100,2,,,,,,,,,,,,,,,,,,,,2,4,1,3
2022-09-27 21:57:01,2022-09-27 22:04:13,8,3,432,0,2022-10-04 22:04:18,R_2SI78ZgJN3vpUL2,anonymous,AR,0.8999999761581421,1,,,,,,,,,,,,,,,,,,,,,,,,,,,,,,,,,,,,,,,,,,,,,,
2022-10-01 21:32:51,2022-10-04 22:23:39,0,100,262248,1,2022-10-04 22:23:39,R_3QK0Sf9rf1YQw3V,anonymous,AR,1,1,2,15,15,30,30,30,5,5,1,1,15,15,30,30,1,2,2,1,15,15,30,30,1,4,5,1,2,2,1,5,1,1,1,3,4,2,21,7,15,116,2,1,1,3,4,2
2022-09-27 22:46:23,2022-09-27 22:58:20,0,39,717,0,2022-10-04 22:58:21,R_1o8aYPMq1AIdDsD,anonymous,AR,1,1,2,,,,,,,,,,15,15,30,30,2,2,2,2,15,15,30,30,1,1,1,5,,,,,,,,,,,,,,,,,3,1,2,4
2022-10-05 01:39:22,2022-10-05 02:10:46,0,100,1883,1,2022-10-05 02:10:46,R_0BqdRylZAzfDp17,anonymous,AR,1,1,3,15,15,30,30,20,1,2,2,1,15,15,30,30,1,2,1,2,30,30,30,30,2,1,2,2,3,2,1,10,4,4,1,4,4,2,28,1,15,116,2,1,2,4,3,1
2022-09-28 07:47:45,2022-09-28 07:54:05,0,33,380,0,2022-10-05 07:54:08,R_3QSNj4bbKAC9R51,anonymous,AR,1,1,3,1,1,1,1,1,1,1,1,2,,,,,,,,,,,,,,,,,3,1,1,,,,,,,,,,,,,,1,4,3,2
2022-09-28 15:44:59,2022-09-28 15:55:58,0,67,658,0,2022-10-05 15:56:00,R_2laVN6B9bMFz5zX,anonymous,AR,1,1,3,0,15,0,15,50,5,5,1,2,15,15,15,15,3,1,1,1,30,30,30,30,2,5,1,1,3,1,1,20,,,,,,,,,,,,,2,4,1,3
2022-09-28 18:58:25,2022-09-28 18:58:56,0,8,30,0,2022-10-05 18:58:57,R_2dv8sVzzP4Ahl6V,anonymous,AR,1,1,,,,,,,,,,,,,,,,,,,,,,,,,,,,,,,,,,,,,,,,,,,3,1,4,2
2022-09-28 19:29:46,2022-09-28 19:31:35,0,8,109,0,2022-10-05 19:31:40,R_3CBIyHWQbgOTVcX,anonymous,EN,1,1,,,,,,,,,,,,,,,,,,,,,,,,,,,,,,,,,,,,,,,,,,,2,3,1,4
2022-09-28 19:08:23,2022-09-28 19:55:47,0,17,2844,0,2022-10-05 19:55:50,R_2BzdnHf83ReqFF2,anonymous,AR,1,1,,,,,,,,,,,15,15,30,30,3,,,,,,,,,,,,,,,,,,,,,,,,,,,,4,1,3,2
2022-09-28 20:15:25,2022-09-28 20:18:19,0,14,174,0,2022-10-05 20:18:22,R_1riaxmLt1HpTaHH,anonymous,AR,0.8999999761581421,1,,,,,,,,,,,,,,,,,,,,,,,,,,,3,2,,,,,,,,,,,,,,,2,3,4,1
2022-09-28 20:33:33,2022-09-28 20:39:07,0,8,333,0,2022-10-05 20:39:07,R_9Ndyc5VXry8qF8Z,anonymous,EN,1,1,,,,,,,,,,,,,,,,,,,,,,,,,,,,,,,,,,,,,,,,,,,3,1,2,4
2022-09-28 22:08:57,2022-09-28 22:14:20,0,22,322,0,2022-10-05 22:14:25,R_27rmGvXSYBYX5E2,anonymous,AR,0.8999999761581421,1,,,,,,,,,,,,,,,,,,3,0,15,0,30,1,5,5,1,,,,,,,,,,,,,,,,,3,2,1,4
2022-09-28 22:52:36,2022-09-28 23:04:32,0,58,715,0,2022-10-05 23:04:33,R_2ylWxL1FHpqRYd9,anonymous,EN,0.8999999761581421,1,1,15,15,15,15,13,,,,,15,15,15,15,1,1,1,2,15,15,15,15,2,3,3,3,3,1,1,13,,,,,,,,,,,,,4,2,3,1
2022-09-28 23:36:55,2022-09-28 23:42:21,0,42,326,0,2022-10-05 23:42:22,R_1QnCXPGJObNgsVb,anonymous,AR,0.8999999761581421,1,2,30,30,30,30,15,1,1,1,1,,,,,,,,2,15,15,30,30,1,3,2,4,1,,,,,,,,,,,,,,,,2,4,1,3
2022-09-28 23:53:33,2022-09-29 00:03:32,0,36,598,0,2022-10-06 00:03:34,R_2Ya1p0572VDKeXw,anonymous,AR,1,1,3,,,,,,,,,,,,,,,,,3,0,15,0,15,1,5,5,5,3,2,2,20,,,,,,,,,,,,,3,4,1,2
2022-09-29 00:55:37,2022-09-29 01:06:49,0,19,672,0,2022-10-06 01:06:56,R_ptK8MX7idWvVWTv,anonymous,AR,0.8999999761581421,1,,,,,,,,,,,,,,,,,,3,30,60,20,40,2,,,,,,,,,,,,,,,,,,,,2,3,1,4
2022-09-29 01:08:43,2022-09-29 01:09:56,8,3,73,0,2022-10-06 01:09:59,R_2CWEqdAgPv7svKU,anonymous,AR,,1,,,,,,,,,,,,,,,,,,,,,,,,,,,,,,,,,,,,,,,,,,,,,,
2022-09-29 01:10:16,2022-09-29 01:11:21,0,3,65,0,2022-10-06 01:11:22,R_2U9kDZsGZHT4sBl,anonymous,AR,0.8999999761581421,1,,,,,,,,,,,,,,,,,,,,,,,,,,,,,,,,,,,,,,,,,,,,,,
2022-09-29 01:20:38,2022-09-29 01:25:21,0,22,283,0,2022-10-06 01:25:26,R_1ReX2kHho9OPlGp,anonymous,AR,0.8999999761581421,1,,,,,,,,,,,,,,,,,,3,15,15,15,30,2,1,2,1,,,,,,,,,,,,,,,,,4,3,1,2
2022-09-29 01:22:18,2022-09-29 01:29:26,0,25,427,0,2022-10-06 01:29:30,R_1N7Ypp7g5voqgf3,anonymous,AR,1,1,3,15,20,30,40,10,4,1,4,1,,,,,,,,,,,,,,,,,,,,,,,,,,,,,,,,,1,2,4,3
2022-09-29 01:35:15,2022-09-29 01:45:51,0,33,636,0,2022-10-06 01:45:53,R_1Kd6HqRTlmaaBr3,anonymous,AR,1,1,,,,,,,,,,,0,15,0,15,2,2,,2,0,50,0,50,1,2,2,1,,,,,,,,,,,,,,,,,3,2,1,4
2022-09-29 02:00:23,2022-09-29 02:02:49,0,17,146,0,2022-10-06 02:02:50,R_31zuC6Xm0dNYj6h,anonymous,AR,1,1,,,,,,,,,,,,,,,,,,,,,,,,,,,3,2,3,,,,,,,,,,,,,,3,4,2,1
2022-09-29 01:54:32,2022-09-29 02:07:44,0,78,792,0,2022-10-06 02:07:45,R_1l03xlCyLrHf5xh,anonymous,AR,0.8999999761581421,1,1,15,30,15,30,15,3,3,3,2,16,30,15,30,1,1,1,2,15,30,15,30,2,3,3,3,2,1,1,15,1,1,1,3,,,,,,,,,2,1,4,3
2022-09-29 02:08:36,2022-09-29 02:10:57,0,39,141,0,2022-10-06 02:10:57,R_30orizMuAXKpTau,anonymous,AR,1,1,2,7,8,6,10,9,3,3,4,1,,,,,,,,2,,,,,,,,,2,2,2,5,,,,,,,,,,,,,2,4,3,1
2022-09-29 02:40:02,2022-09-29 02:42:01,0,19,119,0,2022-10-06 02:42:02,R_UyDxgj1ZYNr8qGt,anonymous,AR,0.8999999761581421,1,,,,,,,,,,,15,5,40,35,1,1,,,,,,,,,,,,,,,,,,,,,,,,,,,2,1,3,4
2022-09-29 02:45:50,2022-09-29 02:46:08,0,8,18,0,2022-10-06 02:46:13,R_6nI4z203K62Scnf,anonymous,AR,1,1,,,,,,,,,,,,,,,,,,,,,,,,,,,,,,,,,,,,,,,,,,,2,1,4,3
2022-09-29 03:19:19,2022-09-29 03:21:50,0,14,151,0,2022-10-06 03:21:57,R_zU8v8L5zzdHtV97,anonymous,AR,0.800000011920929,1,,,,,,,,,,,,,,,,,,,,,,,,,,,2,1,,,,,,,,,,,,,,,4,2,3,1
2022-09-29 08:39:50,2022-09-29 08:42:54,0,19,183,0,2022-10-06 08:43:00,R_8Dt36TwtH1NglLr,anonymous,AR,1,1,,,,,,,,,,,0,0,0,0,1,2,,,,,,,,,,,,,,,,,,,,,,,,,,,4,1,2,3
2022-09-29 09:28:08,2022-09-29 09:30:18,0,19,130,0,2022-10-06 09:44:44,R_3RgOwYnawBYni2A,anonymous,AR,0.8999999761581421,1,3,15,15,15,20,40,,,,,,,,,,,,,,,,,,,,,,,,,,,,,,,,,,,,,1,2,3,4
2022-09-29 09:36:34,2022-09-29 09:37:39,8,3,64,0,2022-10-06 09:48:35,R_2Xb6bVRKp2R47l7,anonymous,AR,1,1,,,,,,,,,,,,,,,,,,,,,,,,,,,,,,,,,,,,,,,,,,,,,,
2022-09-29 08:44:49,2022-09-29 09:41:07,0,33,3378,0,2022-10-06 09:51:20,R_C99aayXaxzZHEmR,anonymous,AR,1,1,,,,,,,,,,,0,15,0,30,1,2,2,,,,,,,,,,2,2,3,25,,,,,,,,,,,,,4,2,3,1
2022-09-29 09:48:52,2022-09-29 09:49:40,0,3,48,0,2022-10-06 09:55:36,R_3jdDZHNAMnQm3LG,anonymous,AR,1,1,,,,,,,,,,,,,,,,,,,,,,,,,,,,,,,,,,,,,,,,,,,,,,
2022-09-29 11:21:48,2022-09-29 11:22:15,0,8,27,0,2022-10-06 11:39:56,R_3psYcKlFU5KeY2g,anonymous,AR,1,1,,,,,,,,,,,,,,,,,,,,,,,,,,,,,,,,,,,,,,,,,,,3,2,4,1
2022-09-29 11:21:29,2022-09-29 11:29:21,0,36,472,0,2022-10-06 11:52:18,R_1Qcq0DWpdEqd8cm,anonymous,AR,1,1,,,,,,,,,,,15,20,30,40,2,2,3,2,30,30,30,30,1,5,5,5,,,,,,,,,,,,,,,,,4,1,2,3
2022-09-29 12:04:33,2022-09-29 12:06:02,0,11,88,0,2022-10-06 12:18:38,R_3dKu1kOboasQJo1,anonymous,AR,1,1,2,,,,,,,,,,,,,,,,,,,,,,,,,,,,,,,,,,,,,,,,,,1,3,4,2
2022-09-29 12:22:09,2022-09-29 12:23:10,0,8,61,0,2022-10-06 12:30:22,R_3HTGQUmCGuq2Cg4,anonymous,AR,1,1,,,,,,,,,,,,,,,,,,,,,,,,,,,,,,,,,,,,,,,,,,,2,3,1,4
2022-09-29 11:13:41,2022-09-29 12:28:13,0,39,4471,0,2022-10-06 12:33:53,R_1DpMSdnyJ6tKPnP,anonymous,AR,1,1,3,0,15,0,30,40,1,5,2,1,15,25,30,60,2,2,3,,,,,,,,,,,,,,,,,,,,,,,,,,1,2,4,3
2022-09-29 12:57:38,2022-09-29 13:14:06,0,78,987,0,2022-10-06 13:14:07,R_3MiNjAZPzVuJD6A,anonymous,AR,1,1,3,15,15,30,30,10,1,5,5,2,15,20,30,35,3,2,2,3,40,40,50,50,2,1,5,5,2,2,2,10,4,4,3,4,,,,,,,,,3,4,1,2
2022-09-29 12:56:55,2022-09-29 13:18:18,0,81,1283,0,2022-10-06 13:18:29,R_3R2deCyQMCmON7t,anonymous,AR,1,1,1,0,0,0,0,0.5,1,4,3,1,0,0,0,0,2,2,2,2,0,0,0,0,1,2,5,3,3,2,2,0.5,1,4,1,1,4,,,,,,,,4,1,3,2
2022-09-29 13:30:55,2022-09-29 13:31:22,0,8,26,0,2022-10-06 13:31:23,R_RI7WkxOKsTKymOt,anonymous,AR,1,1,,,,,,,,,,,,,,,,,,,,,,,,,,,,,,,,,,,,,,,,,,,3,1,2,4
2022-09-29 13:36:50,2022-09-29 13:39:41,0,8,170,0,2022-10-06 13:39:47,R_1CDbCp1JR4O98Hp,anonymous,AR,0.8999999761581421,1,,,,,,,,,,,,,,,,,,,,,,,,,,,,,,,,,,,,,,,,,,,2,4,1,3
2022-09-29 14:51:01,2022-09-29 14:52:36,0,8,95,0,2022-10-06 14:52:37,R_2wsjDSlDdqAW812,anonymous,AR,0.8999999761581421,1,,,,,,,,,,,,,,,,,,,,,,,,,,,,,,,,,,,,,,,,,,,3,1,2,4
2022-09-29 15:19:32,2022-09-29 15:22:14,0,11,162,0,2022-10-06 15:22:20,R_2TTeVYoDtAfzsDA,anonymous,AR,1,1,,,,,,,,,,,,,,,,,,2,,,,,,,,,,,,,,,,,,,,,,,,,2,3,1,4
2022-09-29 15:21:15,2022-09-29 15:29:35,0,17,499,0,2022-10-06 15:29:43,R_2PCeB1no5DG9H64,anonymous,AR,1,1,,,,,,,,,,,,,,,,,,,,,,,,,,,3,1,3,,,,,,,,,,,,,,3,4,2,1
2022-09-29 15:36:38,2022-09-29 15:37:43,0,8,64,0,2022-10-06 15:37:47,R_1hEZhmFnlSLMnTh,anonymous,AR,1,1,,,,,,,,,,,,,,,,,,,,,,,,,,,,,,,,,,,,,,,,,,,1,4,2,3
2022-09-29 15:40:10,2022-09-29 15:41:26,0,11,76,0,2022-10-06 15:41:35,R_3Hhu8jKCpLRXjB4,anonymous,AR,0.8999999761581421,1,,,,,,,,,,,,,,,,,,2,,,,,,,,,,,,,,,,,,,,,,,,,2,3,1,4
2022-09-29 15:58:13,2022-09-29 15:58:28,0,8,14,0,2022-10-06 15:58:33,R_3lXf5GOlvSOoINZ,anonymous,AR,1,1,,,,,,,,,,,,,,,,,,,,,,,,,,,,,,,,,,,,,,,,,,,3,4,2,1
2022-09-29 15:43:44,2022-09-29 15:59:41,0,25,957,0,2022-10-06 15:59:42,R_eg6fmMAsZRBPCiR,anonymous,AR,0.8999999761581421,1,,,,,,,,,,,10,15,15,15,1,2,3,2,,,,,,,,,,,,,,,,,,,,,,,,,3,1,2,4
2022-09-29 16:28:02,2022-09-29 16:36:31,0,36,508,0,2022-10-06 16:36:33,R_2aRCAeldo6DHLZ7,anonymous,AR,1,1,3,0,20,40,60,50,1,2,5,1,,,,,,,,,,,,,,,,,3,1,2,30,,,,,,,,,,,,,2,3,4,1
2022-09-29 16:36:27,2022-09-29 16:37:20,0,6,52,0,2022-10-06 16:37:21,R_3hFJdNHm96fyu3x,anonymous,AR,1,1,,,,,,,,,,,,,,,,,,,,,,,,,,,,,,,,,,,,,,,,,,,,,,
2022-09-29 16:37:31,2022-09-29 16:48:17,0,50,646,0,2022-10-06 16:48:21,R_1H2kdbaRjSadv0Z,anonymous,AR,1,1,1,,,,,,,,,,15,15,30,30,1,2,2,2,30,30,30,30,2,1,5,2,2,1,2,20,,,,,,,,,,,,,4,3,2,1
2022-09-29 17:04:49,2022-09-29 17:05:25,0,8,35,0,2022-10-06 17:05:28,R_1MMM9HFdVCU3W3S,anonymous,AR,0.8999999761581421,1,,,,,,,,,,,,,,,,,,,,,,,,,,,,,,,,,,,,,,,,,,,1,4,3,2
2022-09-29 17:04:22,2022-09-29 17:06:47,0,11,144,0,2022-10-06 17:06:48,R_3E9ya0Vd5ta7S4x,anonymous,AR,0.800000011920929,1,2,,,,,,,,,,,,,,,,,,,,,,,,,,,,,,,,,,,,,,,,,,1,2,4,3
2022-09-29 17:21:20,2022-09-29 17:30:46,0,25,566,0,2022-10-06 17:30:50,R_tQdFPE8SBvjK8tX,anonymous,AR,0.8999999761581421,1,3,25,70,50,100,20,2,3,2,1,,,,,,,,,,,,,,,,,,,,,,,,,,,,,,,,,1,2,3,4
2022-09-29 18:07:49,2022-09-29 18:08:06,0,3,16,0,2022-10-06 18:08:08,R_1jkZbBQwDO6igld,anonymous,AR,1,1,,,,,,,,,,,,,,,,,,,,,,,,,,,,,,,,,,,,,,,,,,,,,,
2022-09-29 18:29:31,2022-09-29 18:31:39,0,11,127,0,2022-10-06 18:31:44,R_2uKBq7Pz2EtNFwM,anonymous,AR,1,1,1,,,,,,,,,,,,,,,,,,,,,,,,,,,,,,,,,,,,,,,,,,1,3,2,4
2022-09-29 18:44:07,2022-09-29 18:44:25,8,3,17,0,2022-10-06 18:44:25,R_3HOz7Pr8JPDGlP5,anonymous,AR,1,1,,,,,,,,,,,,,,,,,,,,,,,,,,,,,,,,,,,,,,,,,,,,,,
2022-09-29 18:45:16,2022-09-29 18:49:28,0,33,251,0,2022-10-06 18:49:32,R_2AMug3fRH1Rj8r8,anonymous,AR,1,1,1,0,0,0,0,20,,,,,0,0,0,0,3,2,2,,,,,,,,,,,,,,,,,,,,,,,,,,2,1,3,4
2022-09-29 18:49:15,2022-09-29 18:59:24,0,25,608,0,2022-10-06 18:59:24,R_3Hw3orJmsjvxSXO,anonymous,AR,1,1,3,0,0,0,0,20,5,3,1,1,,,,,,,,,,,,,,,,,,,,,,,,,,,,,,,,,1,2,4,3
2022-09-29 18:57:43,2022-09-29 18:59:50,8,3,126,0,2022-10-06 18:59:55,R_yvzPNNFMcqoeJ8d,anonymous,AR,1,1,,,,,,,,,,,,,,,,,,,,,,,,,,,,,,,,,,,,,,,,,,,,,,
2022-09-29 19:06:12,2022-09-29 19:08:38,8,3,145,0,2022-10-06 19:08:42,R_2asMJOBPbjOLSoo,anonymous,AR,1,1,,,,,,,,,,,,,,,,,,,,,,,,,,,,,,,,,,,,,,,,,,,,,,
2022-09-29 19:09:44,2022-09-29 19:09:57,8,3,13,0,2022-10-06 19:09:58,R_3RwiENvDIFCF1jh,anonymous,AR,0.8999999761581421,1,,,,,,,,,,,,,,,,,,,,,,,,,,,,,,,,,,,,,,,,,,,,,,
2022-09-29 19:13:46,2022-09-29 19:18:30,0,11,283,0,2022-10-06 19:18:35,R_6u6UofWTyyTbMEV,anonymous,AR,1,1,,,,,,,,,,,,,,,,,,2,,,,,,,,,,,,,,,,,,,,,,,,,4,2,1,3
2022-09-29 19:11:00,2022-09-29 19:30:08,0,33,1147,0,2022-10-06 19:30:09,R_3GrXhnqyANjrNQn,anonymous,AR,0.800000011920929,1,1,16,30,30,50,70,,,,,,,,,,,,2,15,30,30,40,2,1,1,1,,,,,,,,,,,,,,,,,2,3,1,4
2022-09-29 19:45:09,2022-09-29 19:47:51,0,8,161,0,2022-10-06 19:47:55,R_2CpKEfRi2k8vEan,anonymous,AR,1,1,,,,,,,,,,,,,,,,,,,,,,,,,,,,,,,,,,,,,,,,,,,3,1,2,4
2022-09-29 20:48:04,2022-09-29 20:56:56,0,47,532,0,2022-10-06 20:57:01,R_3RaQcmlWG8c9iif,anonymous,AR,1,1,1,15,15,30,30,25,3,3,3,1,15,15,30,30,1,2,2,,,,,,,,,,2,1,2,,,,,,,,,,,,,,1,2,4,3
2022-09-29 21:04:34,2022-09-29 21:05:56,0,8,82,0,2022-10-06 21:05:58,R_2BtBvMHK6cDZh6g,anonymous,AR,0.8999999761581421,1,,,,,,,,,,,,,,,,,,,,,,,,,,,,,,,,,,,,,,,,,,,3,1,2,4
2022-09-29 21:21:36,2022-09-29 21:30:43,0,36,547,0,2022-10-06 21:30:50,R_w5ebntjzMxMubIZ,anonymous,AR,0.8999999761581421,1,,,,,,,,,,,0,15,15,30,1,1,3,2,,,,,,,,,2,2,3,6,,,,,,,,,,,,,4,1,3,2
2022-09-29 21:25:13,2022-09-29 21:44:42,0,39,1169,0,2022-10-06 21:44:43,R_241RhXwfcfNjFN9,anonymous,EN,1,1,1,15,15,15,15,90,3,5,1,1,,,,,,,,2,,,,,,,,,2,2,1,40,,,,,,,,,,,,,2,4,3,1
2022-09-29 21:37:30,2022-09-29 21:52:38,0,61,908,0,2022-10-06 21:52:44,R_3OrhtRXV1et7Cen,anonymous,AR,0.8999999761581421,1,2,20,50,50,100,50,1,5,4,2,20,50,50,100,1,2,2,2,20,50,50,100,2,,,,1,2,2,50,,,,,,,,,,,,,1,3,4,2
2022-09-29 22:01:37,2022-09-29 22:08:35,0,50,417,0,2022-10-06 22:08:39,R_2dfJa8Twh9NLPyB,anonymous,AR,1,1,1,15,15,30,30,15,1,3,5,2,,,,,,,,2,15,30,15,15,2,3,1,3,2,2,2,15,,,,,,,,,,,,,3,4,1,2
2022-09-29 21:59:27,2022-09-29 22:08:38,0,31,551,0,2022-10-06 22:08:47,R_1pR0mCdalQiYo0y,anonymous,EN,1,1,2,0,30,0,40,30,2,4,1,1,15,30,30,60,,,,,,,,,,,,,,,,,,,,,,,,,,,,,1,2,3,4
2022-09-29 22:01:53,2022-09-29 22:12:30,0,67,637,0,2022-10-06 22:12:34,R_21ukSc87l9CIrz4,anonymous,AR,1,1,1,0,20,0,40,100,5,1,5,2,0,20,0,40,1,1,2,2,0,20,0,40,2,5,1,5,2,1,2,5,,,,,,,,,,,,,2,3,4,1
2022-09-29 22:27:27,2022-09-29 22:38:56,0,61,689,0,2022-10-06 22:39:23,R_3IXIrzD5fXfXStv,anonymous,EN,1,1,2,15,15,15,15,20,3,5,1,2,15,15,15,15,3,1,2,2,15,15,15,15,2,,,,1,1,2,20,,,,,,,,,,,,,1,2,4,3
2022-09-29 17:24:02,2022-09-29 23:24:59,0,19,21657,0,2022-10-06 23:25:01,R_1kLez1NfQTBSQ86,anonymous,AR,1,1,1,20,50,40,100,100,,,,,,,,,,,,,,,,,,,,,,,,,,,,,,,,,,,,,1,2,4,3
2022-09-29 16:54:59,2022-09-29 23:28:27,0,11,23608,0,2022-10-06 23:28:30,R_2YnN1qTdSYJuCGA,anonymous,AR,1,1,,,,,,,,,,,,,,,,,,2,,,,,,,,,,,,,,,,,,,,,,,,,2,3,1,4
2022-09-29 23:36:41,2022-09-29 23:38:10,0,8,89,0,2022-10-06 23:38:15,R_1QsxPclo6Vg5qYE,anonymous,AR,,1,,,,,,,,,,,,,,,,,,,,,,,,,,,,,,,,,,,,,,,,,,,3,2,4,1
2022-09-30 00:21:06,2022-09-30 00:24:38,0,22,212,0,2022-10-07 00:24:39,R_puVIPFQa1ugO16p,anonymous,AR,1,1,,,,,,,,,,,,,,,,,,2,0,60,0,90,1,3,3,3,,,,,,,,,,,,,,,,,4,2,1,3
2022-09-30 00:48:44,2022-09-30 01:00:01,0,58,676,0,2022-10-07 01:00:05,R_pJGaLB6y2lcDUSB,anonymous,AR,1,1,2,0,15,0,15,20,,,,,15,15,15,15,2,2,2,2,25,30,30,30,2,5,1,5,1,2,2,10,,,,,,,,,,,,,4,1,2,3
2022-09-30 00:47:55,2022-09-30 01:46:37,0,47,3522,0,2022-10-07 01:46:43,R_1lzBUICK6NkA0Zi,anonymous,AR,1,1,3,15,30,30,50,20,5,2,1,1,,,,,,,,2,15,30,30,50,1,,,,2,2,2,10,,,,,,,,,,,,,1,4,3,2
2022-09-30 02:03:01,2022-09-30 02:06:26,0,17,205,0,2022-10-07 02:06:29,R_2fg1rms9Air8BJm,anonymous,AR,1,1,3,0,20,0,40,,,,,,,,,,,,,,,,,,,,,,,,,,,,,,,,,,,,,,1,2,3,4
2022-09-30 02:46:08,2022-09-30 02:52:40,0,25,392,0,2022-10-07 02:52:46,R_3DevGfmOi9Tt7Rz,anonymous,AR,1,1,2,,,,,,,,,,,,,,,,,2,30,30,50,50,1,2,5,5,,,,,,,,,,,,,,,,,2,3,1,4
2022-09-30 03:20:20,2022-09-30 03:28:23,0,50,482,0,2022-10-07 03:28:26,R_1E5R57EENJ2SdM9,anonymous,AR,0.8999999761581421,1,2,15,20,15,20,20,1,1,1,1,,,,,,,,3,15,20,15,20,1,1,1,5,1,1,1,10,,,,,,,,,,,,,1,4,2,3
2022-09-30 03:48:31,2022-09-30 03:52:34,0,22,242,0,2022-10-07 03:52:43,R_1ps1hlBxYM1z1Pf,anonymous,AR,0.8999999761581421,1,1,,,,,,,,,,,,,,,,,,,,,,,,,,2,1,2,1000,,,,,,,,,,,,,2,4,3,1
2022-09-30 08:53:05,2022-09-30 09:02:09,0,67,544,0,2022-10-07 09:02:10,R_u3namf38MuLFlGp,anonymous,AR,0.800000011920929,1,1,0,30,0,40,70,5,5,1,2,0,30,0,40,2,1,2,2,0,40,0,40,2,5,5,1,2,1,2,70,,,,,,,,,,,,,1,3,2,4
2022-09-29 21:19:54,2022-09-30 10:08:12,0,44,46098,0,2022-10-07 10:08:13,R_2c6P87LXwak8FAf,anonymous,EN,0.8999999761581421,1,3,15,20,30,35,100,,,,,,,,,,,,2,15,20,30,35,1,3,3,3,2,2,3,20,,,,,,,,,,,,,3,4,1,2
2022-09-30 11:26:55,2022-09-30 11:27:14,0,8,19,0,2022-10-07 11:31:26,R_2uEXCuGhOgpxNnU,anonymous,AR,1,1,,,,,,,,,,,,,,,,,,,,,,,,,,,,,,,,,,,,,,,,,,,1,4,2,3
2022-09-29 21:49:16,2022-09-30 11:23:28,0,36,48852,0,2022-10-07 11:35:23,R_1pz2glmA7RjKS2c,anonymous,EN,0.8999999761581421,1,,,,,,,,,,,0,15,0,30,3,2,2,1,,,,,,,,,3,2,2,15,,,,,,,,,,,,,4,1,3,2
2022-09-30 12:04:23,2022-09-30 12:05:18,0,8,55,0,2022-10-07 12:05:23,R_308XKHXZrOxHtx5,anonymous,AR,0.8999999761581421,1,,,,,,,,,,,,,,,,,,,,,,,,,,,,,,,,,,,,,,,,,,,3,1,4,2
2022-09-30 12:05:27,2022-09-30 12:05:35,8,3,8,0,2022-10-07 12:05:43,R_x3YUnK4GjXzs9rz,anonymous,AR,0.8999999761581421,1,,,,,,,,,,,,,,,,,,,,,,,,,,,,,,,,,,,,,,,,,,,,,,
2022-09-30 12:35:39,2022-09-30 12:36:14,0,8,34,0,2022-10-07 12:36:19,R_3sad3jbL9Nslo5r,anonymous,AR,1,1,,,,,,,,,,,,,,,,,,,,,,,,,,,,,,,,,,,,,,,,,,,1,2,3,4
2022-09-30 12:35:22,2022-09-30 12:36:27,8,8,64,0,2022-10-07 12:36:30,R_2SBLnu7PgkaXD9h,anonymous,AR,0.8999999761581421,1,,,,,,,,,,,,,,,,,,,,,,,,,,,,,,,,,,,,,,,,,,,2,3,1,4
2022-09-30 12:29:33,2022-09-30 12:36:40,0,25,426,0,2022-10-07 12:36:42,R_yrrnEkuNNw6mDHb,anonymous,AR,1,1,1,,,,,,,,,,,,,,,,,2,0,15,0,30,2,2,3,1,,,,,,,,,,,,,,,,,2,3,1,4
2022-09-30 13:50:15,2022-09-30 13:51:38,0,11,83,0,2022-10-07 13:51:42,R_3stDWgDQ6tBhsl9,anonymous,AR,1,1,,,,,,,,,,,,,,,,,,3,,,,,,,,,,,,,,,,,,,,,,,,,2,4,1,3
2022-09-30 15:25:43,2022-09-30 15:27:41,0,3,118,0,2022-10-07 15:27:46,R_1pnSK9Wmb62pkjv,anonymous,AR,1,1,,,,,,,,,,,,,,,,,,,,,,,,,,,,,,,,,,,,,,,,,,,,,,
2022-09-30 12:42:19,2022-09-30 17:24:40,0,50,16940,0,2022-10-07 17:24:45,R_2ARw6SCAZ8EmalH,anonymous,AR,1,1,1,,,,,,,,,,15,15,30,30,1,2,3,2,15,15,30,30,1,2,1,1,2,2,1,5,,,,,,,,,,,,,4,1,2,3
2022-09-30 14:00:48,2022-09-30 18:30:40,0,17,16192,0,2022-10-07 18:30:43,R_1gnFvhRL0YiEAAf,anonymous,AR,0.8999999761581421,1,,,,,,,,,,,,,,,,,,,,,,,,,,,3,2,2,,,,,,,,,,,,,,2,3,4,1
2022-09-30 18:05:45,2022-09-30 19:11:59,0,11,3974,0,2022-10-07 19:45:28,R_3QQvjh4Br9shZcs,anonymous,AR,1,1,,,,,,,,,,,,,,,,,,2,,,,,,,,,,,,,,,,,,,,,,,,,4,3,1,2
2022-09-30 19:02:54,2022-09-30 19:16:49,0,44,835,0,2022-10-07 19:47:38,R_24dbX3Yrl1QCimJ,anonymous,AR,1,1,,,,,,,,,,,0,0,0,0,1,1,,2,0,0,0,0,1,1,2,2,2,1,1,5,,,,,,,,,,,,,4,3,2,1
2022-09-30 20:06:50,2022-09-30 20:15:55,0,61,544,0,2022-10-07 20:21:08,R_2ScwFvk5jJpSGqC,anonymous,AR,0.8999999761581421,1,1,15,15,30,40,100,2,2,2,1,15,20,30,40,1,1,,2,15,20,30,40,1,3,3,3,1,2,1,50,,,,,,,,,,,,,1,4,3,2
2022-09-29 21:17:42,2022-09-30 21:59:18,0,11,88896,0,2022-10-07 21:59:25,R_Asoq3cKYCxTS75f,anonymous,EN,0.8999999761581421,1,,,,,,,,,,,,,,,,,,2,,,,,,,,,,,,,,,,,,,,,,,,,3,2,1,4
2022-09-30 21:57:00,2022-09-30 22:03:49,0,11,408,0,2022-10-07 22:03:56,R_1n9PCwUGuJIXQ56,anonymous,AR,1,1,1,,,,,,,,,,,,,,,,,,,,,,,,,,,,,,,,,,,,,,,,,,1,3,4,2
2022-09-30 22:09:26,2022-09-30 22:19:17,0,50,591,0,2022-10-07 22:19:24,R_3FWCmbLWjgR6lPt,anonymous,AR,0.8999999761581421,1,3,15,15,30,30,20,1,1,1,1,,,,,,,,2,15,15,30,30,1,1,1,1,3,2,1,10,,,,,,,,,,,,,2,4,3,1
2022-09-30 22:36:22,2022-09-30 22:37:37,0,6,75,0,2022-10-07 22:37:38,R_2OSJmE29IuufP2G,anonymous,AR,0.8999999761581421,1,,,,,,,,,,,,,,,,,,,,,,,,,,,,,,,,,,,,,,,,,,,,,,
2022-09-30 23:04:43,2022-09-30 23:14:06,0,25,562,0,2022-10-07 23:14:12,R_1jJouVLrJEtGZzC,anonymous,AR,1,1,3,,,,,,,,,,15,30,30,40,1,2,1,,,,,,,,,,,,,,,,,,,,,,,,,,2,1,4,3
2022-09-30 23:25:27,2022-09-30 23:26:48,8,3,81,0,2022-10-07 23:26:53,R_2wAn94272V7Rn16,anonymous,AR,1,1,,,,,,,,,,,,,,,,,,,,,,,,,,,,,,,,,,,,,,,,,,,,,,
2022-09-30 23:23:38,2022-09-30 23:27:28,0,22,230,0,2022-10-07 23:27:30,R_1o5WFwwDuFkLQeh,anonymous,AR,0.8999999761581421,1,,,,,,,,,,,0,0,0,30,2,1,2,,,,,,,,,,,,,,,,,,,,,,,,,,4,1,2,3
2022-09-30 23:28:40,2022-09-30 23:30:35,0,14,114,0,2022-10-07 23:30:38,R_2WJ31S41OfjPfLQ,anonymous,AR,1,1,,,,,,,,,,,,,,,,,,,,,,,,,,,2,2,,,,,,,,,,,,,,,3,4,2,1
2022-09-30 23:31:21,2022-09-30 23:32:21,0,11,60,0,2022-10-07 23:32:27,R_3Ge4GHBZYEplUF1,anonymous,AR,1,1,2,,,,,,,,,,,,,,,,,,,,,,,,,,,,,,,,,,,,,,,,,,1,3,2,4
2022-09-30 23:29:39,2022-09-30 23:33:38,0,8,238,0,2022-10-07 23:33:47,R_27Um4bGp2xntPHK,anonymous,AR,1,1,,,,,,,,,,,,,,,,,,,,,,,,,,,,,,,,,,,,,,,,,,,4,1,2,3
2022-09-30 23:34:30,2022-09-30 23:35:07,0,3,36,0,2022-10-07 23:35:09,R_2TXmxoV2W0Lw0cO,anonymous,AR,1,1,,,,,,,,,,,,,,,,,,,,,,,,,,,,,,,,,,,,,,,,,,,,,,
2022-09-30 23:19:58,2022-09-30 23:35:19,0,36,921,0,2022-10-07 23:35:27,R_1qgqdyWe7uq8PPJ,anonymous,AR,1,1,1,0,15,0,30,50,3,4,3,2,,,,,,,,2,0,15,0,30,2,,,,,,,,,,,,,,,,,,,,1,3,2,4
2022-09-30 23:33:43,2022-09-30 23:43:25,0,33,581,0,2022-10-07 23:43:31,R_5bgMIGKuIMopnXz,anonymous,AR,1,1,,,,,,,,,,,,,,,,,,2,15,30,30,30,2,4,3,3,2,2,2,20,,,,,,,,,,,,,3,4,1,2
2022-09-30 23:43:53,2022-09-30 23:44:12,0,3,18,0,2022-10-07 23:44:20,R_27JrJPspdtL9GIU,anonymous,AR,1,1,,,,,,,,,,,,,,,,,,,,,,,,,,,,,,,,,,,,,,,,,,,,,,
2022-10-01 00:40:19,2022-10-01 00:40:45,0,3,26,0,2022-10-08 00:40:48,R_1n7ToRkUcEIdoia,anonymous,AR,0.8999999761581421,1,,,,,,,,,,,,,,,,,,,,,,,,,,,,,,,,,,,,,,,,,,,,,,
2022-10-01 00:40:08,2022-10-01 00:43:12,8,3,184,0,2022-10-08 00:43:20,R_31c0Wv66FRUoReI,anonymous,AR,1,1,,,,,,,,,,,,,,,,,,,,,,,,,,,,,,,,,,,,,,,,,,,,,,
2022-10-01 00:32:57,2022-10-01 00:47:37,0,36,880,0,2022-10-08 00:47:39,R_29uLdAsEdm0K937,anonymous,AR,1,1,3,,,,,,,,,,,,,,,,,2,30,30,30,30,1,3,1,5,3,1,2,10,,,,,,,,,,,,,3,4,1,2
2022-10-01 00:58:59,2022-10-01 01:01:40,0,11,161,0,2022-10-08 01:01:42,R_1OvtQfNy7bdaT5s,anonymous,AR,1,1,,,,,,,,,,,,,,,,,,2,,,,,,,,,,,,,,,,,,,,,,,,,2,3,1,4
2022-10-01 01:07:03,2022-10-01 01:07:12,0,3,8,0,2022-10-08 01:07:12,R_3qJXJoxP6JElXIF,anonymous,AR,1,1,,,,,,,,,,,,,,,,,,,,,,,,,,,,,,,,,,,,,,,,,,,,,,
2022-10-01 01:02:13,2022-10-01 01:15:02,0,50,769,0,2022-10-08 01:15:08,R_ahqKHkYH4ZZkkxz,anonymous,AR,0.8999999761581421,1,2,,,,,,,,,,15,15,30,30,2,2,2,2,30,30,30,30,1,1,1,1,2,2,2,20,,,,,,,,,,,,,4,2,1,3
2022-10-01 01:15:00,2022-10-01 01:15:26,0,8,25,0,2022-10-08 01:15:26,R_2dK24okrATGxYVV,anonymous,AR,1,1,,,,,,,,,,,,,,,,,,,,,,,,,,,,,,,,,,,,,,,,,,,2,3,1,4
2022-10-01 01:17:27,2022-10-01 01:18:17,0,11,50,0,2022-10-08 01:18:18,R_z99MptmclkjVDIl,anonymous,AR,1,1,2,,,,,,,,,,,,,,,,,,,,,,,,,,,,,,,,,,,,,,,,,,1,4,2,3
2022-10-01 01:18:42,2022-10-01 01:22:55,0,61,252,0,2022-10-08 01:22:56,R_etIyeBVYqsQkyGJ,anonymous,AR,1,1,3,15,15,30,30,17,4,4,5,1,15,15,15,15,3,1,3,3,15,15,30,30,1,,,,3,1,3,15,,,,,,,,,,,,,3,1,4,2
2022-10-01 01:40:06,2022-10-01 01:40:32,0,8,26,0,2022-10-08 01:40:36,R_3ExUwsAnLWfUeFY,anonymous,AR,1,1,,,,,,,,,,,,,,,,,,,,,,,,,,,,,,,,,,,,,,,,,,,1,3,2,4
2022-10-01 02:06:50,2022-10-01 02:14:01,0,39,430,0,2022-10-08 02:14:04,R_31mv7rSYjiybDZ1,anonymous,AR,1,1,3,15,15,30,30,30,1,5,1,1,15,15,30,30,3,2,3,,,,,,,,,,,,,,,,,,,,,,,,,,1,2,3,4
2022-10-01 02:24:01,2022-10-01 02:42:42,0,39,1120,0,2022-10-08 02:42:46,R_1feErdZKYD2pvLz,anonymous,AR,1,1,2,10,15,15,30,60,1,2,1,2,,,,,,,,2,,,,,,,,,3,2,2,6,,,,,,,,,,,,,2,4,3,1
2022-09-29 14:21:21,2022-10-01 08:03:39,0,8,150137,0,2022-10-08 08:03:45,R_1E0Sw08o64ZV2P7,anonymous,AR,1,1,,,,,,,,,,,,,,,,,,,,,,,,,,,,,,,,,,,,,,,,,,,3,2,1,4
2022-10-01 09:41:55,2022-10-01 09:42:57,0,3,61,0,2022-10-08 09:42:59,R_3HoTOWzLhNKAFQf,anonymous,AR,1,1,,,,,,,,,,,,,,,,,,,,,,,,,,,,,,,,,,,,,,,,,,,,,,
2022-10-01 11:31:43,2022-10-01 11:32:00,0,3,16,0,2022-10-08 11:32:02,R_1JQpSt3rNOhPE7D,anonymous,AR,0.8999999761581421,1,,,,,,,,,,,,,,,,,,,,,,,,,,,,,,,,,,,,,,,,,,,,,,
2022-09-30 19:50:59,2022-10-01 13:05:10,0,53,62050,0,2022-10-08 13:05:16,R_2q3rNXXxHDrqO5q,anonymous,AR,1,1,3,15,20,30,40,20,5,1,1,1,15,20,30,40,3,2,1,3,,,,,,,,,3,2,1,20,,,,,,,,,,,,,3,2,4,1
2022-10-01 13:52:23,2022-10-01 13:52:57,0,3,34,0,2022-10-08 13:53:03,R_2a8ecQj05URyl00,anonymous,AR,0.8999999761581421,1,,,,,,,,,,,,,,,,,,,,,,,,,,,,,,,,,,,,,,,,,,,,,,
2022-10-01 13:59:55,2022-10-01 14:00:43,0,8,48,0,2022-10-08 14:00:44,R_26rF4oEdnnbq8Sd,anonymous,AR,1,1,,,,,,,,,,,,,,,,,,,,,,,,,,,,,,,,,,,,,,,,,,,2,3,1,4
2022-10-01 13:59:09,2022-10-01 14:02:34,0,6,204,0,2022-10-08 14:02:36,R_vHnF0ql9urEjVNT,anonymous,EN,1,1,,,,,,,,,,,,,,,,,,,,,,,,,,,,,,,,,,,,,,,,,,,,,,
2022-10-01 14:02:22,2022-10-01 14:04:01,0,19,98,0,2022-10-08 14:04:05,R_2zdcloP1i4nsVDI,anonymous,AR,1,1,,,,,,,,,,,,,,,,,,3,15,15,30,30,1,,,,,,,,,,,,,,,,,,,,3,4,1,2
2022-10-01 13:56:59,2022-10-01 14:12:13,0,67,913,0,2022-10-08 14:12:20,R_2tEzmHswmnOgkvl,anonymous,AR,0.8999999761581421,1,2,15,15,20,30,20,5,3,4,1,0,15,20,30,1,1,2,1,15,15,20,30,2,2,2,4,2,1,2,10,,,,,,,,,,,,,4,1,3,2
2022-10-01 14:09:26,2022-10-01 14:13:19,0,17,232,0,2022-10-08 14:13:25,R_2dNgBq1k4F43at1,anonymous,AR,1,1,1,15,50,30,100,,,,,,,,,,,,,,,,,,,,,,,,,,,,,,,,,,,,,,1,4,2,3
2022-10-01 14:13:54,2022-10-01 14:15:09,0,11,75,0,2022-10-08 14:15:10,R_2ZDFW8TDX3ZfBEL,anonymous,AR,1,1,3,,,,,,,,,,,,,,,,,,,,,,,,,,,,,,,,,,,,,,,,,,1,4,3,2
2022-10-01 14:17:10,2022-10-01 14:19:08,8,3,117,0,2022-10-08 14:19:13,R_3hhDzC30YDExU3m,anonymous,AR,1,1,,,,,,,,,,,,,,,,,,,,,,,,,,,,,,,,,,,,,,,,,,,,,,
2022-10-01 14:28:46,2022-10-01 14:36:17,0,50,451,0,2022-10-08 14:36:25,R_3khujLCGGuXtXnx,anonymous,AR,1,1,3,15,15,30,30,10,5,1,5,1,,,,,,,,2,15,15,30,30,1,1,1,5,2,1,1,10,,,,,,,,,,,,,1,4,2,3
2022-10-01 13:56:41,2022-10-01 14:42:16,0,19,2735,0,2022-10-08 14:42:17,R_1MQxCgakmb7ZXKc,anonymous,AR,1,1,1,15,15,30,30,15,,,,,,,,,,,,,,,,,,,,,,,,,,,,,,,,,,,,,1,4,3,2
2022-10-01 14:24:37,2022-10-01 14:48:36,0,61,1438,0,2022-10-08 14:48:36,R_1hZ0LV7u94dskS2,anonymous,AR,1,1,3,15,15,30,30,30,1,2,1,1,15,15,39,30,3,2,3,2,30,30,30,30,1,,,,3,2,3,10,,,,,,,,,,,,,3,1,4,2
2022-10-01 15:02:52,2022-10-01 15:04:18,0,8,85,0,2022-10-08 15:04:18,R_2bTQFuo63vJ0yd3,anonymous,AR,1,1,,,,,,,,,,,,,,,,,,,,,,,,,,,,,,,,,,,,,,,,,,,2,1,3,4
2022-10-01 15:06:28,2022-10-01 15:12:56,0,25,388,0,2022-10-08 15:13:01,R_1P1utffOHvU4Yz1,anonymous,AR,0.8999999761581421,1,1,,,,,,,,,,,,,,,,,2,30,30,30,30,2,5,1,1,,,,,,,,,,,,,,,,,2,4,1,3
2022-10-01 15:13:03,2022-10-01 15:17:02,0,8,238,0,2022-10-08 15:17:02,R_2zd9LEavhYEkDbj,anonymous,AR,,1,,,,,,,,,,,,,,,,,,,,,,,,,,,,,,,,,,,,,,,,,,,1,4,2,3
2022-10-01 17:50:27,2022-10-01 17:56:08,0,31,341,0,2022-10-08 17:56:13,R_3pl0hnYMZ7rvOk3,anonymous,AR,1,1,1,15,15,15,15,100,1,1,1,1,,,,,,,,,,,,,,,,,3,2,,,,,,,,,,,,,,,1,4,3,2
2022-10-01 18:22:19,2022-10-01 18:24:19,0,8,120,0,2022-10-08 18:24:27,R_1LFL1liKCbPINVN,anonymous,AR,1,1,,,,,,,,,,,,,,,,,,,,,,,,,,,,,,,,,,,,,,,,,,,4,3,2,1
2022-10-01 19:07:57,2022-10-01 19:10:37,0,19,159,0,2022-10-08 19:10:43,R_WjTUXLGO7m1dVsJ,anonymous,AR,1,1,,,,,,,,,,,15,15,15,15,3,2,,,,,,,,,,,,,,,,,,,,,,,,,,,4,1,2,3
2022-10-01 20:33:01,2022-10-01 20:33:23,0,3,21,0,2022-10-08 20:33:25,R_3CZ4amuWBiYuk3z,anonymous,AR,0.699999988079071,1,,,,,,,,,,,,,,,,,,,,,,,,,,,,,,,,,,,,,,,,,,,,,,
2022-09-30 14:02:03,2022-10-01 20:58:04,0,39,111361,0,2022-10-08 20:58:11,R_2VfKYi5E77aiC5L,anonymous,AR,1,1,2,15,15,16,16,20,3,2,2,1,,,,,,,,3,15,15,16,16,1,1,1,1,,,,,,,,,,,,,,,,,2,3,1,4
2022-10-01 22:12:25,2022-10-01 22:13:05,0,6,39,0,2022-10-08 22:13:08,R_2uQbm9agyNy8Ula,anonymous,AR,0.8999999761581421,1,,,,,,,,,,,,,,,,,,,,,,,,,,,,,,,,,,,,,,,,,,,,,,
2022-10-01 22:17:47,2022-10-01 22:24:21,0,11,393,0,2022-10-08 22:24:26,R_1plEb2bAqnFttB9,anonymous,AR,1,1,3,,,,,,,,,,,,,,,,,,,,,,,,,,,,,,,,,,,,,,,,,,1,3,2,4
2022-10-01 22:43:09,2022-10-01 22:43:41,8,8,32,0,2022-10-08 22:43:48,R_1EY8Cd6WjpiOdJ6,anonymous,AR,0.8999999761581421,1,,,,,,,,,,,,,,,,,,,,,,,,,,,,,,,,,,,,,,,,,,,1,4,3,2
2022-10-01 22:57:17,2022-10-01 23:07:44,0,39,627,0,2022-10-08 23:07:50,R_1Kj50sRtVZ1LvOh,anonymous,AR,1,1,,,,,,,,,,,30,30,30,30,,,,1,30,30,30,30,2,5,3,2,1,2,1,100,,,,,,,,,,,,,4,3,2,1
2022-10-01 23:33:34,2022-10-01 23:33:48,0,3,13,0,2022-10-08 23:33:50,R_2fHeSEc6ArRU6IC,anonymous,AR,1,1,,,,,,,,,,,,,,,,,,,,,,,,,,,,,,,,,,,,,,,,,,,,,,
2022-10-01 23:33:10,2022-10-01 23:43:26,0,44,616,0,2022-10-08 23:43:30,R_3hAMEVh1PmWYLfd,anonymous,AR,0.8999999761581421,1,1,0,0,0,0,30,3,2,2,1,,,,,,,,1,30,30,30,30,,,,,2,1,2,10,,,,,,,,,,,,,2,4,3,1
2022-10-01 22:18:46,2022-10-01 23:57:04,0,78,5897,0,2022-10-08 23:57:09,R_26hcqVxVz1coKaJ,anonymous,AR,1,1,2,20,25,30,35,15,1,2,2,1,20,25,35,40,3,1,2,3,20,25,35,40,1,2,2,3,2,1,2,15,4,4,3,4,,,,,,,,,4,1,2,3
2022-09-29 16:16:58,2022-10-01 23:57:57,0,11,200458,0,2022-10-08 23:58:07,R_2dhJfOlBFwQD769,anonymous,AR,1,1,,,,,,,,,,,,,,,,,,2,,,,,,,,,,,,,,,,,,,,,,,,,4,2,1,3
2022-09-29 21:29:38,2022-10-02 01:28:30,0,78,187131,0,2022-10-09 01:28:31,R_Z2HVvDu6coCHAg9,anonymous,AR,1,1,1,50,50,50,50,40,1,1,1,1,50,50,50,50,1,1,2,2,50,50,50,50,1,5,2,3,2,1,3,40,1,3,1,3,,,,,,,,,3,1,2,4
2022-09-30 23:19:31,2022-10-02 01:36:04,0,11,94592,0,2022-10-09 01:36:11,R_xENKF2daUmYNHTb,anonymous,AR,1,1,3,,,,,,,,,,,,,,,,,,,,,,,,,,,,,,,,,,,,,,,,,,1,3,2,4
2022-10-02 09:36:30,2022-10-02 09:37:30,0,8,59,0,2022-10-09 09:37:31,R_22lWWE0dbGBWnYl,anonymous,AR,0.800000011920929,1,,,,,,,,,,,,,,,,,,,,,,,,,,,,,,,,,,,,,,,,,,,2,3,4,1
2022-10-02 10:14:37,2022-10-02 10:19:43,0,25,306,0,2022-10-09 10:19:50,R_2pWggVVqpS8RMol,anonymous,AR,0.8999999761581421,1,1,,,,,,,,,,,,,,,,,2,15,15,15,15,2,5,5,1,,,,,,,,,,,,,,,,,2,3,1,4
2022-10-02 14:51:22,2022-10-02 15:03:01,0,81,699,0,2022-10-09 15:03:07,R_2S0OzLxkWPD19CC,anonymous,AR,0.8999999761581421,1,3,0,15,0,15,10,5,5,5,1,0,15,0,15,3,2,2,3,0,15,0,15,2,1,1,5,3,2,2,10,4,4,3,1,3,,,,,,,,4,3,2,1
2022-10-02 13:44:26,2022-10-02 15:15:06,0,36,5439,0,2022-10-09 15:15:14,R_V2RRp3SHQsptBy9,anonymous,AR,1,1,,,,,,,,,,,15,15,30,30,3,1,3,2,,,,,,,,,3,1,1,10,,,,,,,,,,,,,4,1,3,2
2022-10-02 18:36:50,2022-10-02 18:37:28,0,8,37,0,2022-10-09 18:37:35,R_2EEKSEgd2Ei2GE9,anonymous,AR,1,1,,,,,,,,,,,,,,,,,,,,,,,,,,,,,,,,,,,,,,,,,,,4,2,1,3
2022-10-02 19:43:13,2022-10-02 19:47:29,0,17,255,0,2022-10-09 19:47:30,R_3EoKGtA72aZ4QZg,anonymous,AR,0.8999999761581421,1,,,,,,,,,,,,,,,,,,,,,,,,,,,2,2,2,,,,,,,,,,,,,,4,2,3,1
2022-10-02 20:36:54,2022-10-02 20:37:14,0,8,20,0,2022-10-09 20:37:18,R_uh8Trij6dWt99fP,anonymous,AR,0.8999999761581421,1,,,,,,,,,,,,,,,,,,,,,,,,,,,,,,,,,,,,,,,,,,,4,2,3,1
2022-10-02 21:15:48,2022-10-02 21:31:44,0,36,956,0,2022-10-09 21:31:47,R_2c29AljhM6t1GRF,anonymous,AR,0.699999988079071,1,3,0,15,0,15,10,1,1,1,,,,,,,,,1,0,30,0,30,2,1,1,1,,,,,,,,,,,,,,,,,2,3,1,4
2022-10-02 21:52:37,2022-10-02 21:54:00,0,11,83,0,2022-10-09 21:54:04,R_1KeX4aXN15Nd8aK,anonymous,AR,1,1,,,,,,,,,,,,,,,,,,3,,,,,,,,,,,,,,,,,,,,,,,,,4,3,1,2
2022-10-02 22:02:01,2022-10-02 22:40:23,0,67,2302,0,2022-10-09 22:40:28,R_3n8Br770dJxpXfZ,anonymous,AR,0.8999999761581421,1,1,15,25,30,50,20,1,1,4,2,15,25,30,50,1,2,3,2,30,50,30,50,2,1,5,5,2,2,3,10,,,,,,,,,,,,,1,2,4,3
2022-10-02 22:51:20,2022-10-02 22:53:02,0,11,101,0,2022-10-09 22:53:03,R_2ykZqW8siuglBcv,anonymous,AR,0.800000011920929,1,3,,,,,,,,,,,,,,,,,,,,,,,,,,,,,,,,,,,,,,,,,,1,3,4,2
2022-10-02 19:37:06,2022-10-02 23:03:56,0,61,12409,0,2022-10-09 23:04:00,R_3p5wmn0CGlMP57g,anonymous,AR,1,1,1,15,30,30,50,40,5,5,1,1,15,30,30,50,2,1,2,2,15,30,30,50,1,1,5,5,2,1,1,,,,,,,,,,,,,,2,3,1,4
2022-10-02 23:20:17,2022-10-02 23:20:23,8,3,6,0,2022-10-09 23:20:29,R_1j7zRF2Ga5SYNFt,anonymous,AR,0.8999999761581421,1,,,,,,,,,,,,,,,,,,,,,,,,,,,,,,,,,,,,,,,,,,,,,,
2022-10-03 13:25:58,2022-10-03 13:37:59,0,25,720,0,2022-10-10 13:41:14,R_1QDwMCszZMUCnXT,anonymous,AR,1,1,3,15,15,30,30,10,2,3,3,1,,,,,,,,,,,,,,,,,,,,,,,,,,,,,,,,,1,3,4,2
2022-10-03 15:10:20,2022-10-03 15:10:57,0,3,37,0,2022-10-10 15:10:59,R_3DoLLuJcFSAT8xG,anonymous,AR,1,1,,,,,,,,,,,,,,,,,,,,,,,,,,,,,,,,,,,,,,,,,,,,,,
2022-10-03 20:58:52,2022-10-03 21:04:06,0,36,314,0,2022-10-10 21:04:10,R_3J4wEE61Q06lsK8,anonymous,AR,0.8999999761581421,1,,,,,,,,,,,0,15,0,15,3,2,2,3,,,,,,,,,3,2,2,19,,,,,,,,,,,,,4,1,3,2
2022-10-04 00:49:15,2022-10-04 01:00:31,0,53,675,0,2022-10-11 01:00:31,R_2aKYcPrO3JytSWR,anonymous,AR,1,1,3,15,25,30,35,100,5,5,5,2,15,25,30,35,3,2,2,2,,,,,,,,,1,2,2,6,,,,,,,,,,,,,1,3,4,2
2022-10-04 14:28:25,2022-10-04 14:29:28,0,3,62,0,2022-10-11 14:29:31,R_1jwiESWaRUdx3qp,anonymous,AR,0.8999999761581421,1,,,,,,,,,,,,,,,,,,,,,,,,,,,,,,,,,,,,,,,,,,,,,,
2022-10-04 14:40:15,2022-10-04 14:42:07,0,8,112,0,2022-10-11 14:42:09,R_2ahiFKWBnRwWBAr,anonymous,AR,0.800000011920929,1,,,,,,,,,,,,,,,,,,,,,,,,,,,,,,,,,,,,,,,,,,,2,3,4,1
2022-10-04 18:25:26,2022-10-04 18:32:45,0,25,439,0,2022-10-11 18:32:52,R_3HifnQS2TBNqVkb,anonymous,AR,1,1,2,15,15,30,30,20,5,5,5,1,,,,,,,,,,,,,,,,,,,,,,,,,,,,,,,,,1,2,3,4
2022-10-04 21:43:38,2022-10-04 21:59:37,0,81,959,0,2022-10-11 21:59:42,R_2wTQYqZmaOo5xZQ,anonymous,AR,1,1,1,15,15,30,30,15,5,1,1,2,15,15,30,30,1,1,2,1,30,30,30,30,2,5,1,1,3,1,2,10,1,4,3,1,4,,,,,,,,4,3,2,1
2022-10-04 23:01:57,2022-10-04 23:37:27,0,67,2130,0,2022-10-11 23:37:29,R_5oTeDYCVtbejS01,anonymous,AR,0.8999999761581421,1,2,0,15,0,30,50,3,2,3,2,0,15,0,30,1,1,2,3,0,15,0,30,2,4,1,3,2,1,2,15,,,,,,,,,,,,,4,2,1,3
2022-10-05 11:58:48,2022-10-05 12:00:58,0,8,130,0,2022-10-12 12:03:58,R_1etsUzTAZGR8NX0,anonymous,AR,1,1,,,,,,,,,,,,,,,,,,,,,,,,,,,,,,,,,,,,,,,,,,,1,4,3,2
2022-10-05 19:23:25,2022-10-05 19:24:52,0,11,87,0,2022-10-12 19:24:56,R_vJiQyaN2vLxxJ7P,anonymous,AR,0.8999999761581421,1,,,,,,,,,,,,,,,,,,2,,,,,,,,,,,,,,,,,,,,,,,,,2,3,1,4
2022-10-13 13:02:27,2022-10-13 13:27:02,0,100,1475,1,2022-10-13 13:27:03,R_1fjvTASHpCqALma,anonymous,AR,1,1,1,0,0,0,15,30,3,2,2,1,0,15,0,15,1,2,3,1,0,30,0,30,1,2,1,2,2,2,3,10,2,4,2,4,4,1,35,6,28,116,2,1,2,4,3,1
2022-09-29 20:02:07,2022-10-06 15:03:53,0,19,586906,0,2022-10-13 15:04:01,R_3hDBEyy7fFKECns,anonymous,AR,1,1,,,,,,,,,,,,,,,,,,1,15,15,15,15,2,,,,,,,,,,,,,,,,,,,,2,3,1,4
2022-10-08 14:07:44,2022-10-08 14:32:25,0,33,1480,0,2022-10-15 14:32:27,R_1ImzMX00iCvHT03,anonymous,AR,0.8999999761581421,1,3,0,15,0,15,50,,,,,0,15,0,15,1,1,3,,,,,,,,,,,,,,,,,,,,,,,,,,2,1,3,4
2022-10-08 17:10:32,2022-10-08 17:17:25,0,31,413,0,2022-10-15 17:17:30,R_2wHLgeEyMoHnKcY,anonymous,AR,1,1,2,0,15,0,30,,,,,,15,20,30,35,3,2,1,,,,,,,,,,,,,,,,,,,,,,,,,,2,1,3,4
2022-10-09 00:37:01,2022-10-09 00:37:55,0,3,53,0,2022-10-16 00:37:58,R_1ds1tfNgjLraWwC,anonymous,AR,0.8999999761581421,1,,,,,,,,,,,,,,,,,,,,,,,,,,,,,,,,,,,,,,,,,,,,,,
2022-10-16 00:51:27,2022-10-16 00:51:46,8,3,19,0,2022-10-17 10:10:26,R_2pVQ0p8fo2QakH3,anonymous,EN,1,1,,,,,,,,,,,,,,,,,,,,,,,,,,,,,,,,,,,,,,,,,,,,,,
2022-10-10 13:06:13,2022-10-10 13:06:48,8,8,34,0,2022-10-17 10:10:30,R_1ewSpWcfUxSCA2f,anonymous,AR,1,1,,,,,,,,,,,,,,,,,,,,,,,,,,,,,,,,,,,,,,,,,,,1,4,2,3
2022-10-12 05:16:03,2022-10-12 05:19:50,0,11,227,0,2022-10-17 10:10:34,R_3sBmpCKiSmnxt5Y,anonymous,AR,1,1,3,,,,,,,,,,,,,,,,,,,,,,,,,,,,,,,,,,,,,,,,,,1,4,2,3
2022-10-13 23:42:42,2022-10-13 23:56:44,0,36,842,0,2022-10-17 10:10:47,R_vVtEAsyMhmk5jHP,anonymous,AR,1,1,3,0,15,0,30,30,1,2,1,1,,,,,,,,,,,,,,,,,3,1,2,15,,,,,,,,,,,,,1,3,4,2
2022-10-16 12:17:42,2022-10-16 12:23:01,0,36,318,0,2022-10-17 10:10:52,R_3nvYs3asCLhOZsx,anonymous,AR,1,1,3,,,,,,,,,,15,20,15,20,3,2,2,,,,,,,,,,3,2,2,10,,,,,,,,,,,,,3,1,4,2
2022-10-28 17:28:30,2022-10-28 17:53:00,0,100,1469,1,2022-10-28 17:53:00,R_2uF25lYDZaJPmrl,anonymous,AR,0.8999999761581421,1,1,0,15,0,30,60,1,5,5,2,15,30,30,60,1,2,1,2,30,35,30,35,2,4,2,4,2,2,1,20,1,1,2,1,4,1,25,1,17,116,2,1,2,4,1,3
2022-10-22 02:43:17,2022-10-22 03:23:12,0,50,2395,0,2022-10-29 03:23:16,R_1kGOz22FwDlMEtp,anonymous,AR,1,1,3,,,,,,,,,,15,15,15,15,3,2,2,3,30,30,30,30,2,5,1,5,3,2,2,40,,,,,,,,,,,,,4,2,3,1
2022-10-31 11:26:23,2022-10-31 11:44:29,0,100,1085,1,2022-10-31 11:44:30,R_zcXoZtzBnPWOyxb,anonymous,AR,1,1,1,15,15,15,30,200,1,5,3,1,15,15,15,30,1,2,3,2,30,30,30,30,2,4,2,1,3,2,3,200,1,3,2,2,4,1,30,3,16,116,2,1,2,1,3,4
2022-10-29 15:57:16,2022-10-29 15:57:28,0,3,11,0,2022-11-02 14:43:48,R_AnafaT4WoIJwbND,anonymous,AR,1,1,,,,,,,,,,,,,,,,,,,,,,,,,,,,,,,,,,,,,,,,,,,,,,
