StartDate,EndDate,Status,Progress,Duration (in seconds),Finished,RecordedDate,ResponseId,DistributionChannel,UserLanguage,Q_RecaptchaScore,Consent,MrAB1,Game1_1_1,Game1_1_2,Game1_2_1,Game1_2_2,Drink1,Gym1 _1,Gym1 _2,Gym1 _3,Jacket1,Game2_1_1,Game2_1_2,Game2_2_1,Game2_2_2,MrAB2,"Play2 ","Plane2 ",MrAB3,Game3_1 _1,Game3_1 _2,Game3_2_1,Game3_2_2,Jacket2,Gym2 _1,Gym2 _2,Gym2 _3,"MrAB4 ","Play1 ","Plane1 ",Drink2,fin_lit1,fin_lit2,fin_lit3,fin_lit4,Att_check,Gender,"Age ",Income,Education,Residence,Native language,Debriefing,FL_5_DO_FL_14,FL_5_DO_FL_15,FL_5_DO_FL_16,FL_5_DO_FL_17
Start Date,End Date,Response Type,Progress,Duration (in seconds),Finished,Recorded Date,Response ID,Distribution Channel,User Language,Q_RecaptchaScore,"Dear Participant,We invite you to take part in an online study with the purpose of investigating h","Person A was given two tickets to the lottery. They won 400.000Đ with one ticket and 200.000Đ with the other ticket.  



Person B was given a ticket to one lottery. They won 600.000Đ.  


 

Who is happier?","You are going to a sold-out game of your favorite local sports team and you have an extra ticket. The price marked on the ticket is 50.000Đ but this ticket has been offered to you by a friend for free.   



You want to get rid of the extra ticket and you know the ticket’s face value price is 50.000Đ. You find someone who wants the ticket. There is no law against charging more than the price marked on the ticket.



What price do you ask for selling the extra ticket if the person you sell it to... ? - Is a friend","You are going to a sold-out game of your favorite local sports team and you have an extra ticket. The price marked on the ticket is 50.000Đ but this ticket has been offered to you by a friend for free.   



You want to get rid of the extra ticket and you know the ticket’s face value price is 50.000Đ. You find someone who wants the ticket. There is no law against charging more than the price marked on the ticket.



What price do you ask for selling the extra ticket if the person you sell it to... ? - Is a stranger",What price would you have asked for if you found out that the ticket’s face value price was 100.000Đ instead? - If they are a friend,What price would you have asked for if you found out that the ticket’s face value price was 100.000Đ instead? - If they are a stranger,"You are on the beach on a hot day, and you would really like a cold drink. A friend offers to go buy the drink from a fancy resort hotel. They ask how much you are willing to pay for the drink: they will only buy it if it costs as much or less than the price you state. You trust your friend, and there is no possibility of bargaining with the bartender.



What price do you tell them?","Imagine that you go to the gym on a regular basis. Due to your busy working schedule, you can only go on Monday nights. The membership to the gym allows you to pay 100.000Đ (non-refundable) per session. One Monday, just after you have paid and changed into your gym clothes, you receive a phone call that requires you to leave and forgo your exercise that evening.

How well does
each of the following statements capture your feelings about the cost of the missed
workout? - I feel like I wasted 100.000Đ","Imagine that you go to the gym on a regular basis. Due to your busy working schedule, you can only go on Monday nights. The membership to the gym allows you to pay 100.000Đ (non-refundable) per session. One Monday, just after you have paid and changed into your gym clothes, you receive a phone call that requires you to leave and forgo your exercise that evening.

How well does
each of the following statements capture your feelings about the cost of the missed
workout? - I feel like I wasted nothing, since my visit had already been paid for","Imagine that you go to the gym on a regular basis. Due to your busy working schedule, you can only go on Monday nights. The membership to the gym allows you to pay 100.000Đ (non-refundable) per session. One Monday, just after you have paid and changed into your gym clothes, you receive a phone call that requires you to leave and forgo your exercise that evening.

How well does
each of the following statements capture your feelings about the cost of the missed
workout? - I feel like I wasted something, but no specific amount or measure comes to mind","You are about to purchase a jacket for 1.250.000Đ and a Bluetooth speaker for 150.000Đ. The salesman informs you that the speaker you wish to buy is on sale for 100.000Đ at the other branch store, located 20 minutes away.



Would you make the trip to the other store?","Imagine you are going to a sold-out game of your favorite local sports team, and you have an extra ticket. The price marked on the ticket is 50.000Đ which is what you paid for each ticket.



You want to get rid of the extra ticket and you know the ticket's face value price is 50.000Đ. You find someone who wants the ticket. There is no law against charging more than the price marked on the ticket.


What price do you ask for selling the extra ticket if the person you sell it to...? - Is a friend","Imagine you are going to a sold-out game of your favorite local sports team, and you have an extra ticket. The price marked on the ticket is 50.000Đ which is what you paid for each ticket.



You want to get rid of the extra ticket and you know the ticket's face value price is 50.000Đ. You find someone who wants the ticket. There is no law against charging more than the price marked on the ticket.


What price do you ask for selling the extra ticket if the person you sell it to...? - Is a stranger",What price would you have asked for if you found out that the ticket’s face value price was 100.000Đ instead? - If they are a friend,What price would you have asked for if you found out that the ticket’s face value price was 100.000Đ instead? - If they are a stranger,"Person A received a fine and owed 1.000.000Đ. The same day they received a second fine and owed 500.000Đ.



Person B received a fine and owed 1.500.000Đ.

Who is more upset?","Imagine that you are on your way to a music event and intend to buy a ticket worth 500.000Đ. On entering the venue, you realize that you have lost  500.000Đ in cash.


Would you still pay  500.000Đ for a ticket?","You are flying with a friend who has upgraded their ticket to business class and has two coupons, each worth 120.000Đ, which could be used to upgrade your ticket from economy to business class. They purchased one coupon for the standard price of 120.000Đ and received the other one for free. Just one coupon is required to upgrade your class on the current flight and your friend offers you the coupon which they got for free so that you can upgrade your ticket as well.



What do you think is the most appropriate thing to do?","Person A bought a lottery ticket and won 1.000.000Đ. Also, they damaged one door in their apartment in an accident and had to pay the landlord 800.000Đ.  

 

Person B bought a lottery ticket and won 200.000Đ.  

 

Who is happier?","You are going to a sold-out game of your favorite local sports team and you have an extra ticket. The ticket’s face value price is 50.000Đ but you paid 100.000Đ for each ticket when you bought them from another person.



You want to get rid of the extra ticket and you know the ticket’s face value price is 50.000Đ. You find someone who wants the ticket. There is no law against charging more than the price marked on the ticket.



What price do you ask for selling the extra ticket if the person you sell it to...? - Is a friend","You are going to a sold-out game of your favorite local sports team and you have an extra ticket. The ticket’s face value price is 50.000Đ but you paid 100.000Đ for each ticket when you bought them from another person.



You want to get rid of the extra ticket and you know the ticket’s face value price is 50.000Đ. You find someone who wants the ticket. There is no law against charging more than the price marked on the ticket.



What price do you ask for selling the extra ticket if the person you sell it to...? - Is a stranger",What price would you have asked for if you found out that the ticket’s face value price was 100.000Đ instead? - If they are a friend,What price would you have asked for if you found out that the ticket’s face value price was 100.000Đ instead? - If they are a stranger,"You are about to purchase a jacket for 150.000Đ and a Bluetooth speaker for 1.250.000Đ. The salesman informs you that the speaker you wish to buy is on sale for 1.200.000Đ at the other branch store, located 20 minutes away.



Would you make the trip to the other store?","Imagine that you go to the gym on a regular basis. Due to your busy working schedule, you can only go on Monday nights. The membership costs you 5.000.000Đ a year (i.e., roughly 100.000Đ per visit). One Monday, just after you have arrived and changed into your gym clothes, you receive a phone call that requires you to leave and forgo your exercise that evening.



How well does
each of the following statements capture your feelings about the cost of the missed
workout? - I feel like I wasted 100.000Đ","Imagine that you go to the gym on a regular basis. Due to your busy working schedule, you can only go on Monday nights. The membership costs you 5.000.000Đ a year (i.e., roughly 100.000Đ per visit). One Monday, just after you have arrived and changed into your gym clothes, you receive a phone call that requires you to leave and forgo your exercise that evening.



How well does
each of the following statements capture your feelings about the cost of the missed
workout? - I feel like I wasted nothing, since my visit had already been paid for","Imagine that you go to the gym on a regular basis. Due to your busy working schedule, you can only go on Monday nights. The membership costs you 5.000.000Đ a year (i.e., roughly 100.000Đ per visit). One Monday, just after you have arrived and changed into your gym clothes, you receive a phone call that requires you to leave and forgo your exercise that evening.



How well does
each of the following statements capture your feelings about the cost of the missed
workout? - I feel like I wasted something, but no specific amount or measure comes to mind","Person A damaged their car in a parking lot. They had to spend 2.000.000Đ to repair the damage. The same day they damaged the car they won 250.000Đ in a raffle.  

 

Person B damaged their car in a parking lot. They had to spend 1.750.000Đ to repair the damage.  

 

Who is more upset?","Imagine that you are on your way to a music event with a ticket for which you have paid 500.000Đ. On entering the venue, you discover that you have lost the ticket.



Would you pay 500.000Đ for another ticket?","You are flying with a friend who has upgraded their ticket to business class and has two coupons, each worth 120.000Đ, which could be used to upgrade your ticket from economy to business class. They purchased one coupon for the standard price of 120.000Đ and received the other one for free. Just one coupon is required to upgrade your class on the current flight, and your friend offers you the coupon which they purchased so that you can upgrade as well.



What do you think is the most appropriate thing to do?","You are on the beach on a hot day, and you would really like a cold drink. A friend offers to go buy the drink from a small, run-down grocery store. They ask how much you are willing to pay for the drink: they will only buy it if it costs as much or less than the price you state. You trust your friend, and there is no possibility of bargaining with the store owner.



What price do you tell them?","Suppose that you have 1.000.000Đ in a savings account and the interest rate is 2% per year. After 5 years, how much do you think you would have in the account if you let the money grow?","Imagine that the interest rate on your savings account was 1% per year and inflation was 2% per year. After 1 year,
how much would you be able to buy with the money in this account?",Buying a single company's stock usually provides a safer return than a stock mutual fund.,"If interest rates rise, what would typically happen to bond prices?","To ensure the quality of our data we need to know if participants paid attention during the survey. Please tell us honestly how serious you were in completing the survey.


How serious have you been about filling in the survey?",What gender do you identify as?,What is your age (in numbers)?,Which of the following best describes your monthly household income in average?,How many years of schooling have you completed? (from elementary school to doctoral degree or specialization if you have one),List of Countries,Which of the following is your native language?,"The survey you have completed aims to replicate the mental accounting effect. According to this phenomenon a person attributes different values to the same amount of money based on subjective criteria. Specifically, people tend to subjectively organize economic resources into different mental accounts. In addition, in this study, we measured some individual differences that might have an influence on mental accounting. In particular:   	
 	
 
●	Scale to measure financial literacy (Lusardi and Mitchell, 2014).  	 	 	
 ●	Demographic data (e.g. gender, age or income level)	

 
Finally, we inform you that we have also used an attentional check to measure respondent engagement. The purpose of this study could not be fully revealed at the beginning of the study to avoid influencing your answers. Now that you have received this information, we ask you to confirm your consent to participate in this study or to withdraw it. In the latter case your data will not be used and will be deleted.",FL_5 - Block Randomizer - Display Order - FL_14,FL_5 - Block Randomizer - Display Order - FL_15,FL_5 - Block Randomizer - Display Order - FL_16,FL_5 - Block Randomizer - Display Order - FL_17
"{""ImportId"":""startDate"",""timeZone"":""Europe/Berlin""}","{""ImportId"":""endDate"",""timeZone"":""Europe/Berlin""}","{""ImportId"":""status""}","{""ImportId"":""progress""}","{""ImportId"":""duration""}","{""ImportId"":""finished""}","{""ImportId"":""recordedDate"",""timeZone"":""Europe/Berlin""}","{""ImportId"":""_recordId""}","{""ImportId"":""distributionChannel""}","{""ImportId"":""userLanguage""}","{""ImportId"":""Q_RecaptchaScore""}","{""ImportId"":""QID1""}","{""ImportId"":""QID8""}","{""ImportId"":""QID14_1""}","{""ImportId"":""QID14_2""}","{""ImportId"":""QID15_1""}","{""ImportId"":""QID15_2""}","{""ImportId"":""QID23_TEXT""}","{""ImportId"":""QID44_1""}","{""ImportId"":""QID44_2""}","{""ImportId"":""QID44_3""}","{""ImportId"":""QID34""}","{""ImportId"":""QID17_1""}","{""ImportId"":""QID17_2""}","{""ImportId"":""QID18_1""}","{""ImportId"":""QID18_2""}","{""ImportId"":""QID12""}","{""ImportId"":""QID78""}","{""ImportId"":""QID86""}","{""ImportId"":""QID10""}","{""ImportId"":""QID20_1""}","{""ImportId"":""QID20_2""}","{""ImportId"":""QID21_1""}","{""ImportId"":""QID21_2""}","{""ImportId"":""QID74""}","{""ImportId"":""QID82_1""}","{""ImportId"":""QID82_2""}","{""ImportId"":""QID82_3""}","{""ImportId"":""QID11""}","{""ImportId"":""QID40""}","{""ImportId"":""QID48""}","{""ImportId"":""QID70_TEXT""}","{""ImportId"":""QID59""}","{""ImportId"":""QID60""}","{""ImportId"":""QID61""}","{""ImportId"":""QID62""}","{""ImportId"":""QID51""}","{""ImportId"":""QID52""}","{""ImportId"":""QID53_TEXT""}","{""ImportId"":""QID54""}","{""ImportId"":""QID55_TEXT""}","{""ImportId"":""QID114""}","{""ImportId"":""QID57""}","{""ImportId"":""QID63""}","{""ImportId"":""FL_5_DO"",""choiceId"":""FL_14""}","{""ImportId"":""FL_5_DO"",""choiceId"":""FL_15""}","{""ImportId"":""FL_5_DO"",""choiceId"":""FL_16""}","{""ImportId"":""FL_5_DO"",""choiceId"":""FL_17""}"
2022-09-13 18:09:04,2022-09-13 18:33:27,0,100,1463,1,2022-09-13 18:33:27,R_3fPwgWtKrMbqD5f,anonymous,VI,0.8999999761581421,1,1,0,50000,0,100000,50000,1,5,2,2,0,200000,0,300000,1,1,2,2,100000,200000,100000,200000,2,4,4,2,2,1,3,5000,1,3,3,4,5,1,27,6,20,192,25,1,3,1,2,4
2022-09-13 18:24:22,2022-09-13 18:53:12,0,100,1729,1,2022-09-13 18:53:12,R_3qjMczczcX0SRij,anonymous,VI,1,1,3,50000,50000,100000,100000,30000,1,5,5,2,50000,50000,100000,100000,1,1,3,2,100000,100000,100000,100000,2,2,4,1,3,1,3,20000,1,3,2,2,4,1,34,6,22,192,25,1,3,4,2,1
2022-09-13 18:43:24,2022-09-13 19:17:13,0,100,2028,1,2022-09-13 19:17:14,R_2DMOkjRiSlU4Ycn,anonymous,VI,0.8999999761581421,1,3,50000,100000,100000,1000000,20000,1,1,1,1,50000,100000,100000,200000,1,1,2,2,50000,100000,100000,200000,2,2,2,2,3,1,2,20000,1,4,3,3,3,1,34,4,23,192,25,1,1,4,3,2
2022-09-13 20:11:01,2022-09-13 20:30:15,0,100,1154,1,2022-09-13 20:30:16,R_1rwwfS3Vp01676E,anonymous,VI,1,1,1,0,500000,0,1000000,20,1,5,1,1,50000,500000,100000,500000,1,2,2,2,150000,1000000,100000,1000000,1,1,5,2,2,2,2,10000,1,3,3,4,5,1,20,1,14,192,25,1,4,1,3,2
2022-09-13 22:59:23,2022-09-13 23:35:23,0,100,2159,1,2022-09-13 23:35:24,R_1Icof7kPV0X30kw,anonymous,VI,0.8999999761581421,1,3,40000,70000,80000,100000,100000,2,4,2,1,50000,1000000,100000,1000000,1,1,1,2,100000,1000000,100000,1000000,2,4,2,2,2,1,1,20000,1,3,2,4,4,2,26,4,19,192,25,1,1,2,4,3
2022-09-14 01:15:44,2022-09-14 01:33:08,0,100,1044,1,2022-09-14 01:33:10,R_2CjKjQn7SAxmpdo,anonymous,VI,0.8999999761581421,1,3,0,0,0,0,100000,4,3,1,2,0,50000,0,100000,1,1,1,2,0,100000,0,100000,2,4,3,1,3,1,1,30000,1,1,3,4,5,2,35,6,25,192,25,1,4,1,3,2
2022-09-14 04:45:01,2022-09-14 04:55:05,0,100,604,1,2022-09-14 04:55:05,R_2duPwtHicTdHhrs,anonymous,VI,1,1,3,50.000,50.000,100.000,100.000,100.000,1,1,5,1,50.000,50.000,100.000,100.000,3,1,2,2,50.000,50.000,100.000,100.000,2,1,1,5,2,1,2,10.000,1,4,3,4,4,1,38,2,14,192,25,1,1,2,4,3
2022-09-14 04:29:29,2022-09-14 05:04:03,0,100,2074,1,2022-09-14 05:04:04,R_1NaWhFxro76chuM,anonymous,VI,1,1,3,0,100000,0,200000,200000,1,3,4,1,50000,50000,100000,100000,1,1,1,2,100000,200000,100000,200000,1,2,2,2,3,1,1,50000,1,3,3,4,4,2,35,6,6,192,25,1,1,3,4,2
2022-09-14 05:27:07,2022-09-14 05:37:51,0,100,643,1,2022-09-14 05:37:51,R_3emjvCQZOBzKLST,anonymous,VI,0.699999988079071,1,1,0,0,0,0,200.000,5,1,5,2,0,30.000,0,50.000,1,1,1,2,0,50.000,0,100.000,2,5,1,5,2,1,1,100.000,4,4,3,4,5,2,34,6,16,192,25,1,1,3,4,2
2022-09-14 05:45:44,2022-09-14 05:58:42,0,100,777,1,2022-09-14 05:58:42,R_3MbrD24mNxLznIP,anonymous,VI,1,1,3,0,50.000,0,100.000,20.000,1,2,5,2,50.000,100.000,100.000,150.000,3,2,1,3,100.000,100.000,100.000,100.000,2,1,2,5,3,1,1,20.000,3,3,3,4,5,2,35,4,16,192,25,1,4,3,2,1
2022-09-14 05:51:33,2022-09-14 06:03:29,0,100,715,1,2022-09-14 06:03:29,R_3ewVFcBXbiemNXP,anonymous,VI,1,1,3,50000,0,0,100000,100000,5,1,3,2,0,50000,0,100000,3,1,1,2,0,50000,0,10000,2,1,5,3,2,1,1,50000,4,4,3,4,5,1,33,6,15,192,25,1,2,3,4,1
2022-09-14 05:47:36,2022-09-14 06:04:24,0,100,1007,1,2022-09-14 06:04:24,R_21chJcdap5PbpWu,anonymous,VI,1,1,3,0,40000,0,80000,100000,1,5,5,1,0,40000,0,80000,1,1,3,2,50000,50000,50000,50000,2,1,3,3,3,2,2,30000,1,4,3,4,3,2,29,6,16,192,25,1,1,3,4,2
2022-09-14 07:35:45,2022-09-14 07:57:23,0,100,1298,1,2022-09-14 07:57:24,R_2pRDcUa1qaXCbE2,anonymous,VI,0.8999999761581421,1,1,0,50000,0,100000,200000,5,1,5,2,0,50000,0,50000,1,1,2,2,0,100000,0,100000,2,5,1,5,2,1,3,100000,1,3,3,4,5,1,35,6,16,192,25,1,2,4,3,1
2022-09-14 08:07:34,2022-09-14 08:22:03,0,100,868,1,2022-09-14 08:22:03,R_3k5FlrWSAGAVJch,anonymous,VI,0.4000000059604645,1,1,0,50000,0,100000,10000,3,4,4,2,0,50000,0,100000,1,2,3,2,50000,100000,50000,100000,2,3,4,4,2,2,3,10000,1,3,3,1,3,1,28,6,20,192,25,1,3,4,2,1
2022-09-14 08:17:35,2022-09-14 08:26:08,0,100,513,1,2022-09-14 08:26:09,R_C8fZ18aXmyottrH,anonymous,VI,0.8999999761581421,1,2,50000,50000,100000,100000,100000,3,3,5,2,50000,50000,100000,100000,1,1,1,1,100000,100000,100000,100000,1,3,3,5,2,2,1,50000,1,4,2,1,4,2,30,6,16,192,25,1,4,2,1,3
2022-09-14 08:19:31,2022-09-14 08:27:48,0,100,497,1,2022-09-14 08:27:50,R_XN6KgHazSVh7NBf,anonymous,VI,0.8999999761581421,1,3,50000,50000,100000,100000,50000,1,5,5,1,50000,50000,100000,100000,1,2,3,2,50000,100000,100000,150000,1,1,5,5,2,1,2,20000,1,2,3,4,5,2,32,6,15,192,25,1,3,4,1,2
2022-09-14 11:42:01,2022-09-14 11:52:27,0,100,626,1,2022-09-14 11:52:28,R_3j2qxGz3VQckwJe,anonymous,VI,0.8999999761581421,1,1,0,50000,0,100000,50000,5,2,5,1,50000,70000,100000,120000,1,2,1,2,50000,50000,100000,100000,2,5,1,5,2,1,1,20000,1,3,3,2,5,2,34,2,16,192,25,1,3,1,4,2
2022-09-14 14:12:13,2022-09-14 14:23:07,0,100,654,1,2022-09-14 14:23:08,R_24pfKULHMqwf0M9,anonymous,VI,0.8999999761581421,1,2,70000,150000,50000,150000,100000,1,1,1,2,50000,100000,100000,150000,1,1,1,2,50000,100000,100000,150000,2,1,3,3,1,1,1,100000,1,1,1,2,2,2,27,7,12,192,25,1,2,3,4,1
2022-09-14 15:01:57,2022-09-14 15:26:58,0,100,1501,1,2022-09-14 15:26:59,R_Xz7RBkYK3Ey8d6V,anonymous,VI,0.699999988079071,1,3,50000,100000,100000,150000,100000,1,5,5,1,50000,100000,50000,150000,1,1,1,1,50000,100000,100000,100000,2,2,5,1,2,2,3,20000,1,3,2,2,4,1,27,4,18,192,25,1,3,4,2,1
2022-09-14 17:21:01,2022-09-14 17:31:38,0,100,636,1,2022-09-14 17:31:38,R_2Phfigl22jyY7D7,anonymous,VI,1,1,3,50000,50000,0,100000,100000,1,5,3,2,50000,50000,100000,100000,1,1,3,2,100000,100000,100000,100000,1,1,5,3,3,2,3,50000,1,4,2,1,1,2,24,3,16,192,25,1,4,3,1,2
2022-09-14 18:24:50,2022-09-14 18:36:38,0,100,707,1,2022-09-14 18:36:38,R_2dT4Qk8B9wN4Xry,anonymous,VI,0.800000011920929,1,3,50,100,120,150,200,4,1,3,1,50000,100000,150000,200000,1,2,2,2,70,100,150,200,1,1,5,3,2,2,1,30000,1,3,3,1,4,2,24,7,16,192,25,1,2,3,1,4
2022-09-15 02:41:02,2022-09-15 02:46:40,0,100,338,1,2022-09-15 02:46:40,R_3iOrTJR2aJ2j0Nz,anonymous,VI,0.8999999761581421,1,3,30,50,50,45,50,5,5,5,1,10,14,13,24,3,2,2,3,20,30,40,50,1,1,1,1,1,1,1,13,1,1,1,1,1,2,18,7,12,192,25,1,2,4,1,3
2022-09-15 03:17:57,2022-09-15 03:39:31,0,100,1293,1,2022-09-15 03:39:32,R_ughUpHUf8t2Ebrb,anonymous,VI,0.8999999761581421,1,3,50000,70000,100000,120000,50000,1,5,1,1,50.000,70.000,100.000,120.000,1,1,2,3,70.000,100.000,100.000,120.000,1,1,5,1,3,1,2,20000,4,2,3,4,5,2,18,2,18,192,25,2,3,2,1,4
2022-09-15 03:54:49,2022-09-15 04:15:39,0,100,1250,1,2022-09-15 04:15:40,R_a8VCSJHdAui5pPb,anonymous,VI,0.8999999761581421,1,1,30.000,50.000,50.000,70.000,20.000,1,5,1,2,30.000,50.000,50.000,100.000,3,2,1,3,50.000,60.000,70.000,100.000,2,5,1,1,2,2,3,10.000,1,3,2,1,4,2,18,7,12,192,25,1,1,3,2,4
2022-09-15 05:04:54,2022-09-15 05:28:27,0,100,1413,1,2022-09-15 05:28:28,R_3GE2BJyrBK1h6Ls,anonymous,VI,1,1,2,50000,70000,100000,150000,50000,4,1,2,1,50000,100000,100000,200000,1,2,1,2,100000,150000,150000,200000,1,3,1,5,2,1,1,15000,1,3,3,4,4,2,29,6,16,192,25,1,2,4,3,1
2022-09-15 05:24:27,2022-09-15 05:36:02,0,100,694,1,2022-09-15 05:36:02,R_3egFl7RDbits1tJ,anonymous,VI,1,1,3,0,50000,0,50000,50000,4,2,4,2,50000,50000,50000,50000,1,1,3,3,100000,100000,100000,100000,2,3,2,2,3,1,3,10000,1,1,2,2,4,2,31,5,16,192,25,1,3,4,2,1
2022-09-15 05:29:35,2022-09-15 05:46:09,0,100,994,1,2022-09-15 05:46:10,R_3DvFUu7nyiybYDs,anonymous,VI,0.8999999761581421,1,2,50000,70000,100000,150000,30000,3,3,4,1,50000,70000,100000,150000,2,1,1,2,100000,200000,100000,200000,1,3,4,3,2,1,2,20000,2,2,2,2,3,2,35,5,16,192,25,1,4,2,1,3
2022-09-15 05:54:30,2022-09-15 06:06:37,0,100,727,1,2022-09-15 06:06:38,R_1o1FK8GnS4TPI5P,anonymous,VI,1,1,3,50000,70000,100000,150000,50000,1,5,3,1,50000,70000,100000,150000,1,2,3,2,50000,100000,100000,150000,2,1,5,2,2,2,3,20000,4,4,3,4,4,2,30,5,14,192,25,2,1,3,4,2
2022-09-15 08:48:34,2022-09-15 09:13:14,0,100,1479,1,2022-09-15 09:13:14,R_3RqFUxHvN3wwjG4,anonymous,VI,1,1,3,100000,100000,150000,200000,75000,1,5,5,2,50000,50000,100000,100000,1,1,3,1,100000,100000,100000,100000,2,3,3,5,2,1,3,10000,1,4,3,4,5,2,23,6,13,192,25,1,3,1,2,4
2022-09-15 16:00:23,2022-09-15 16:19:01,0,100,1118,1,2022-09-15 16:19:02,R_2zAZTvQCyZf9yl1,anonymous,VI,1,1,3,0,0,0,0,80000,5,1,5,2,0,100000,0,100000,1,1,2,3,0,100000,0,100000,2,5,1,4,2,1,2,15000,2,3,3,1,5,2,33,5,17,192,25,1,4,1,3,2
2022-09-15 18:50:18,2022-09-15 18:59:14,0,100,536,1,2022-09-15 18:59:16,R_1NsJaIHsUS85zcz,anonymous,VI,0.8999999761581421,1,1,50000,50000,100000,10000,100000,3,4,1,2,50000,50000,100000,100000,1,1,2,2,50000,50000,100000,100000,2,3,3,2,2,2,1,50000,1,3,3,4,4,2,23,5,16,192,25,1,1,2,3,4
2022-09-15 18:49:14,2022-09-15 19:00:07,0,100,653,1,2022-09-15 19:00:08,R_ufUFnMWDGBuu0hj,anonymous,VI,1,1,1,0,40000,50000,70000,50000,1,1,1,2,0,40000,50000,70000,1,1,3,2,0,50000,50000,70000,2,4,1,3,2,1,1,0,1,3,3,4,3,1,25,5,20,187,25,1,3,2,4,1
2022-09-16 11:10:08,2022-09-16 11:15:17,0,100,309,1,2022-09-16 11:15:18,R_xGvNOZLpiTeiU93,anonymous,VI,1,1,1,50000,50000,100000,100000,20000,5,5,5,1,100000,70000,200000,140000,1,1,2,2,50000,50000,100000,100000,1,5,5,5,2,2,1,10000,1,1,1,1,5,1,26,6,7,61,25,1,4,1,3,2
2022-09-16 11:08:04,2022-09-16 11:19:05,0,100,660,1,2022-09-16 11:19:05,R_eagcRsDqaSXZ83v,anonymous,VI,1,1,3,0,50000,0,10000,250000,2,4,3,2,0,50000,0,10000,1,1,2,2,0,50000,0,10000,2,4,4,4,2,1,1,50000,1,3,2,2,4,1,37,6,17,192,25,1,2,4,1,3
2022-09-16 12:14:16,2022-09-16 12:38:52,0,100,1475,1,2022-09-16 12:38:52,R_3kAfMHasmKlBiSc,anonymous,VI,0.699999988079071,1,1,0,0,0,0,0,1,1,1,2,0,50.000,0,100.000,1,1,2,1,0,50.000,0,100.000,2,1,1,1,3,1,2,0,1,4,3,4,4,2,27,6,16,192,25,1,3,4,2,1
2022-09-16 11:20:16,2022-09-16 13:18:33,0,100,7096,1,2022-09-16 13:18:33,R_3hcMkCJj2jVT0H3,anonymous,VI,0.8999999761581421,1,3,0,200000,0,500000,70000,1,5,3,1,0,200000,0,500000,1,2,2,2,0,200000,100000,500000,1,1,5,3,2,2,2,70000,1,3,2,1,5,2,25,6,16,192,25,1,1,4,3,2
2022-09-16 13:06:38,2022-09-16 13:18:35,0,100,716,1,2022-09-16 13:18:35,R_1Qnh09Wy6TrU8WN,anonymous,VI,1,1,1,0,50000,0,50000,100000,1,4,3,1,50000,50000,100000,100000,1,1,2,1,50000,50000,100000,100000,2,4,1,3,2,1,3,50000,1,3,3,4,5,2,22,6,17,192,25,1,3,2,4,1
2022-09-16 13:25:36,2022-09-16 13:43:25,0,100,1068,1,2022-09-16 13:43:25,R_3RguaimKrKVyEjy,anonymous,VI,1,1,1,0,50000,0,50000,300000,3,3,3,2,0,50000,0,100000,1,1,1,2,0,50000,0,100000,2,3,3,3,2,1,1,20000,1,3,3,4,5,1,42,6,14,192,25,1,3,1,2,4
2022-09-16 13:28:38,2022-09-16 13:46:09,0,100,1050,1,2022-09-16 13:46:09,R_3fdSsE5iYtv1uYg,anonymous,VI,0.8999999761581421,1,3,0,0,0,50000,100000,5,1,5,2,0,50000,0,100000,3,1,2,3,50000,50000,50000,100000,2,5,1,5,3,1,1,50000,4,3,3,4,5,2,30,4,16,192,25,1,1,3,2,4
2022-09-16 13:41:45,2022-09-16 13:54:44,0,100,779,1,2022-09-16 13:54:44,R_SDkslVWp5yB62k1,anonymous,VI,0.8999999761581421,1,1,0,50000,0,100000,100000,1,1,1,2,50000,50000,100000,100000,1,1,1,2,100000,100000,100000,100000,2,2,1,1,2,2,1,50000,1,2,1,2,5,1,37,6,37,192,25,1,2,3,1,4
2022-09-16 13:40:50,2022-09-16 14:12:40,0,100,1910,1,2022-09-16 14:12:41,R_10ZtJGuixgifrxM,anonymous,VI,0.8999999761581421,1,2,50.000,100.000,100.000,100.000,100.000,3,3,3,2,0,50.000,0,100.000,2,1,1,2,50.000,100.000,100.000,100.000,2,3,3,5,2,1,1,20.000,1,3,2,2,5,2,35,2,17,192,25,1,2,4,1,3
2022-09-16 14:13:55,2022-09-16 14:27:30,0,100,814,1,2022-09-16 14:27:31,R_3EKYUwyBvWTOpmr,anonymous,VI,1,1,2,50000,50000,75000,100000,150000,1,5,5,2,60000,60000,100000,100000,1,1,1,1,75000,100000,100000,100000,2,5,2,3,2,1,1,50000,1,3,3,4,5,1,32,6,18,192,25,1,3,2,1,4
2022-09-16 14:25:47,2022-09-16 14:44:11,0,100,1104,1,2022-09-16 14:44:11,R_9Y1TzOwVDToZXj3,anonymous,VI,0.8999999761581421,1,1,0,0,0,0,100000,2,4,1,1,0,50000,50000,100000,1,2,2,2,50000,50000,50000,50000,2,4,1,1,2,2,2,50000,1,2,2,4,5,1,22,6,16,192,25,1,3,1,4,2
2022-09-16 14:33:40,2022-09-16 15:29:41,0,100,3360,1,2022-09-16 15:29:42,R_2eQACtyFRqpjHfe,anonymous,VI,1,1,3,0,50000,0,100000,200000,1,5,5,2,50000,50000,100000,100000,1,1,1,2,50000,100000,100000,100000,2,5,1,3,2,2,1,50000,1,3,3,4,5,2,45,4,20,192,25,1,4,2,3,1
2022-09-16 15:23:58,2022-09-16 15:51:08,0,100,1630,1,2022-09-16 15:51:09,R_1P7ByHyD5xyLfUI,anonymous,VI,0.8999999761581421,1,3,0,50000,0,100000,60000,1,5,5,2,50000,50000,50000,50000,3,2,3,3,100000,100000,100000,100000,2,1,5,5,3,2,3,20000,1,4,2,4,5,2,40,6,16,192,25,1,4,2,1,3
2022-09-16 15:58:05,2022-09-16 16:17:44,0,100,1178,1,2022-09-16 16:17:44,R_2Vlkolz0ykklXUa,anonymous,VI,0.6000000238418579,1,3,50000,50000,100000,100000,100000,1,5,3,2,50000,50000,50000,50000,3,1,3,2,100000,100000,100000,100000,1,1,5,3,1,1,3,20000,1,3,1,4,5,2,34,7,16,192,25,1,3,2,1,4
2022-09-16 15:51:29,2022-09-16 16:19:01,0,100,1652,1,2022-09-16 16:19:02,R_3fGBfCM8CrnIb3W,anonymous,VI,0.699999988079071,1,3,0,100000,0,200000,100000,1,5,3,2,50000,200000,100000,300000,1,1,2,2,100000,200000,100000,300000,1,3,3,1,2,2,1,20000,1,1,3,2,5,2,44,6,18,192,25,1,3,1,2,4
2022-09-16 16:05:24,2022-09-16 16:34:22,0,100,1737,1,2022-09-16 16:34:24,R_2ZWSgoUK8l4GK71,anonymous,VI,0.699999988079071,1,3,0,50.000,0,50.000,200.000,5,1,5,2,0,50.000,0,100.000,1,1,2,2,0,50.000,0,100.000,2,5,1,5,2,1,2,50.000,1,4,3,4,5,2,30,6,16,192,25,1,2,4,3,1
2022-09-16 16:26:51,2022-09-16 16:41:46,0,100,895,1,2022-09-16 16:41:46,R_10Cn6tXrdyoR3oZ,anonymous,VI,0.8999999761581421,1,3,50000,60000,100000,110000,100000,1,5,5,2,55000,60000,100000,110000,3,1,1,3,100000,110000,100000,110000,2,1,5,5,3,1,1,30000,3,1,2,1,4,2,32,6,19,192,25,1,1,4,2,3
2022-09-16 16:24:28,2022-09-16 16:44:22,0,100,1193,1,2022-09-16 16:44:23,R_UVztdevRz3hYWzf,anonymous,VI,1,1,1,50000,60000,100000,110000,100000,3,5,2,2,50000,60000,100000,110000,2,1,1,2,50000,100000,10000,10000,2,4,3,2,1,1,1,50000,1,3,1,1,5,1,48,6,20,192,25,1,3,1,4,2
2022-09-16 16:33:06,2022-09-16 16:52:08,0,100,1141,1,2022-09-16 16:52:10,R_2s0U2bXFfAKC6k1,anonymous,VI,0.8999999761581421,1,3,0,0,0,100000,50000,5,3,5,1,50000,50000,100000,100000,1,2,1,2,50000,100000,100000,100000,2,5,3,3,2,2,1,20000,1,4,3,4,4,2,22,3,16,192,25,1,1,3,2,4
2022-09-16 16:43:21,2022-09-16 16:56:36,0,100,795,1,2022-09-16 16:56:37,R_SCMqoJm9HIpxNLj,anonymous,VI,0.8999999761581421,1,1,50000,70000,100000,120000,100000,1,4,3,1,50000,70000,100000,120000,1,2,1,1,50000,70000,1000000,20000000,2,1,4,3,2,1,1,20000,1,2,1,2,2,2,21,1,15,192,13,1,2,3,4,1
2022-09-16 16:46:36,2022-09-16 16:56:45,0,100,608,1,2022-09-16 16:56:45,R_3p9DksKkwl1JDjq,anonymous,VI,0.8999999761581421,1,3,50000,50000,100000,100000,100000,5,3,5,1,50000,50000,100000,100000,1,1,3,1,100000,100000,100000,100000,1,5,5,5,2,1,3,100000,1,3,2,3,5,2,35,6,18,86,25,1,3,1,2,4
2022-09-16 16:50:04,2022-09-16 16:58:57,0,100,533,1,2022-09-16 16:58:58,R_1jqgFJtoNDKBQZT,anonymous,VI,1,1,1,50000,50000,50000,50000,500000,2,5,1,1,50000,50000,100000,100000,1,2,1,2,100000,100000,100000,100000,1,1,5,1,1,2,1,50000,1,3,3,4,5,2,37,6,16,192,25,1,1,4,2,3
2022-09-16 16:35:53,2022-09-16 17:02:42,0,100,1609,1,2022-09-16 17:02:43,R_2cklFi0WVc9gvK1,anonymous,VI,0.8999999761581421,1,1,1,50.000,1,100.000,50.000,1,5,5,1,0,50.000,0,100.000,1,1,2,2,0,100.000,0,100.000,1,1,5,5,2,1,1,20.000,1,3,3,4,5,2,60,7,15,192,25,1,1,3,2,4
2022-09-16 16:59:10,2022-09-16 17:06:47,0,100,457,1,2022-09-16 17:06:47,R_2UVexI3Yv847Q3f,anonymous,VI,0.8999999761581421,1,1,0,50000,0,10000,20000,1,5,1,1,0,50000,0,100000,1,1,3,1,0,50000,0,100000,1,1,1,1,2,1,3,50000,1,3,2,3,5,2,32,6,18,104,25,1,4,1,2,3
2022-09-16 16:53:29,2022-09-16 17:09:22,0,100,952,1,2022-09-16 17:09:22,R_27ybs0HZ6s2fZNc,anonymous,VI,0.8999999761581421,1,1,0,50000,0,100000,75000,1,5,3,2,50000,50000,50000,100000,1,1,2,2,50000,100000,100000,100000,2,1,5,3,2,1,1,50000,1,3,2,2,5,2,33,6,19,192,25,1,1,4,2,3
2022-09-16 16:48:37,2022-09-16 17:12:00,0,100,1403,1,2022-09-16 17:12:00,R_2B9jBS4tLAcsPwk,anonymous,VI,1,1,1,50.000,70.000,100.000,120.000,60.000,4,2,2,2,50.000,70.000,100.000,120.000,1,2,1,1,50.000,120.000,100.000,120.000,2,4,2,3,2,2,1,20.000,1,3,3,4,5,1,46,6,25,192,25,1,1,3,4,2
2022-09-16 16:56:23,2022-09-16 17:13:19,0,100,1016,1,2022-09-16 17:13:20,R_2whKwsaIXQN3gix,anonymous,VI,0.8999999761581421,1,3,50.000,200.000,100.000,400.000,100.000,1,5,5,2,50.000,100.000,100.000,200.000,3,1,3,2,100.000,200.000,100.000,200.000,2,4,1,1,2,2,3,20.000,1,3,3,2,4,2,25,5,16,192,25,1,2,1,4,3
2022-09-16 17:02:16,2022-09-16 17:20:13,0,100,1076,1,2022-09-16 17:20:13,R_2PBaLyqhumkaJ40,anonymous,VI,0.8999999761581421,1,1,0,0,0,0,30000,1,5,3,1,0,50000,0,100000,1,1,3,2,0,150000,0,100000,2,3,3,1,2,1,3,20000,1,3,3,4,5,2,33,6,16,192,25,1,4,2,1,3
2022-09-16 17:43:02,2022-09-16 17:57:53,0,100,891,1,2022-09-16 17:57:53,R_3qsVWz4pHWxLTeS,anonymous,VI,1,1,3,0,50000,50000,100000,50000,3,4,1,2,0,50000,50000,100000,3,1,3,2,0,50000,50000,100000,2,4,2,1,2,1,3,30000,2,3,3,1,4,2,20,4,15,192,25,1,2,4,3,1
2022-09-16 17:47:59,2022-09-16 18:03:01,0,100,902,1,2022-09-16 18:03:01,R_2azgnqwIQW8JIgq,anonymous,VI,0.8999999761581421,1,2,0,0,0,0,100000,4,1,3,2,0,0,0,0,2,1,2,2,0,0,0,0,2,5,1,3,3,1,2,50000,1,3,2,3,4,2,45,4,22,192,25,1,4,2,3,1
2022-09-16 18:11:35,2022-09-16 18:23:08,0,100,692,1,2022-09-16 18:23:08,R_z6JtLeHAP1u4SCl,anonymous,VI,1,1,1,0,0,0,0,100000,5,2,5,2,0,0,0,0,1,1,3,2,0,0,0,0,2,5,1,5,2,1,3,20000,2,3,2,1,5,2,26,3,16,192,25,1,1,2,4,3
2022-09-16 18:30:45,2022-09-16 18:46:59,0,100,974,1,2022-09-16 18:47:00,R_2dAS1jOLaeKwcaw,anonymous,VI,1,1,3,50000,60000,50000,100000,100000,1,5,1,1,50000,50000,80000,80000,3,1,1,2,50000,50000,100000,100000,2,5,5,5,2,1,1,50000,1,3,2,1,5,1,44,6,22,192,25,1,1,4,3,2
2022-09-16 18:59:52,2022-09-16 19:18:12,0,100,1100,1,2022-09-16 19:18:14,R_1QxqsjFXFb65Zl1,anonymous,VI,1,1,1,50000,70000,100000,150000,100000,2,2,1,1,50000,100000,100000,150000,1,1,3,2,100000,200000,100000,200000,2,4,2,4,2,2,3,50000,1,3,3,1,5,1,20,4,13,192,25,1,1,4,2,3
2022-09-16 19:41:42,2022-09-16 19:54:54,0,100,792,1,2022-09-16 19:54:55,R_eu4SbwEJ5tPLR7z,anonymous,VI,0.8999999761581421,1,3,50000,70000,100000,100000,100000,1,3,1,2,50000,50000,100000,100000,3,2,2,2,100000,100000,100000,100000,2,1,1,1,3,2,2,50000,1,3,2,1,3,2,40,6,16,192,25,1,1,4,2,3
2022-09-16 23:28:35,2022-09-16 23:40:44,0,100,728,1,2022-09-16 23:40:44,R_2v2oJEXdguwlJE6,anonymous,VI,0.8999999761581421,1,1,0,0,0,0,100000,1,5,4,2,50000,50000,100000,100000,2,1,2,1,100000,100000,100000,100000,2,5,4,1,1,1,2,50000,1,3,1,1,5,1,34,6,16,192,25,1,3,1,2,4
2022-09-17 01:20:18,2022-09-17 01:54:13,0,100,2034,1,2022-09-17 01:54:13,R_1gcqjGPEu8SDEHq,anonymous,VI,1,1,1,100000,150000,200000,300000,80000,1,4,1,1,100000,100000,200000,200000,1,1,1,2,100000,100000,150000,150000,2,3,5,1,2,1,1,15000,1,3,3,4,5,1,27,2,23,192,25,1,4,2,1,3
2022-09-17 02:42:51,2022-09-17 02:55:35,0,100,764,1,2022-09-17 02:55:36,R_3m51cFWH1w6Uwdg,anonymous,VI,1,1,1,0,200000,0,300000,100000,3,2,2,2,50000,200000,100000,300000,1,1,1,1,100000,300000,100000,400000,1,5,1,3,2,2,1,15000,1,3,2,3,5,3,33,6,18,192,25,1,2,3,4,1
2022-09-17 03:17:03,2022-09-17 03:47:52,0,100,1849,1,2022-09-17 03:47:54,R_OppzhrsVtgQ7Pc5,anonymous,VI,0.8999999761581421,1,1,0,50000,0,100000,100000,1,5,1,1,0,50000,0,100000,1,1,1,2,0,100000,100000,100000,1,1,5,1,2,2,1,10000,1,3,2,2,4,2,35,4,18,192,25,1,3,4,2,1
2022-09-17 03:32:19,2022-09-17 03:57:28,0,100,1508,1,2022-09-17 03:57:28,R_1jji7Ce39GuwgeY,anonymous,VI,1,1,1,0,100000,0,100000,100000,1,5,2,1,0,100000,0,100000,1,1,1,1,100000,0,0,100000,1,1,4,1,2,1,1,30000,1,3,3,3,4,2,43,6,20,192,25,1,4,2,1,3
2022-09-17 03:50:14,2022-09-17 04:09:30,0,100,1156,1,2022-09-17 04:09:32,R_2ZOihlG6lcNedIc,anonymous,VI,0.699999988079071,1,3,0,50000,0,100000,45000,1,5,5,2,50000,50000,100000,100000,3,1,3,3,100000,100000,100000,100000,2,5,3,3,2,2,1,15000,4,4,3,4,4,2,31,6,25,192,25,1,2,3,4,1
2022-09-17 05:19:14,2022-09-17 05:33:29,0,100,855,1,2022-09-17 05:33:30,R_bCMl71pxM6T1jFv,anonymous,VI,1,1,3,0,0,0,0,30000,1,5,4,1,50.000,50.000,100.000,100.000,1,1,3,3,100.000,100.000,100.000,100.000,2,2,4,1,2,2,3,20000,1,3,3,4,5,1,28,3,16,192,25,1,4,1,2,3
2022-09-17 05:03:41,2022-09-17 05:43:26,0,100,2384,1,2022-09-17 05:43:28,R_AGWutDxCw2drdeN,anonymous,VI,1,1,1,0,50000,0,100000,100000,1,5,5,2,0,50000,0,100000,1,1,1,1,0,100000,0,100000,2,1,5,5,2,1,1,50000,1,1,3,1,4,1,33,3,14,192,25,1,3,4,2,1
2022-09-17 06:13:37,2022-09-17 06:35:25,0,100,1307,1,2022-09-17 06:35:26,R_2Tt1VIBFG6au4Xn,anonymous,VI,0.8999999761581421,1,1,100000,200000,100000,200000,100000,1,5,3,2,100000,200000,100000,100000,1,2,3,2,100000,200000,100000,200000,2,1,5,3,2,2,3,50000,1,3,2,1,5,2,27,6,20,192,25,1,4,2,1,3
2022-09-17 05:51:54,2022-09-17 06:54:27,0,100,3753,1,2022-09-17 06:54:29,R_87aMICIMziGpYKl,anonymous,VI,0.8999999761581421,1,3,0,40000,0,80000,150000,1,5,1,1,50000,50000,100000,100000,1,2,3,2,50000,50000,100000,100000,2,5,1,5,2,1,3,50000,1,1,3,4,5,2,30,6,16,192,25,1,1,4,3,2
2022-09-17 05:36:52,2022-09-17 06:58:16,0,100,4883,1,2022-09-17 06:58:16,R_1BotVEy3lXYyHYZ,anonymous,VI,1,1,3,100000,100000,100000,100000,100000,1,5,1,1,50000,50000,100000,100000,3,2,2,2,100000,100000,100000,100000,2,2,5,1,1,2,2,50000,1,4,3,4,5,2,22,2,16,192,25,1,3,4,2,1
2022-09-17 07:00:22,2022-09-17 07:40:49,0,100,2426,1,2022-09-17 07:40:49,R_Dk2XoROqLbBUwBr,anonymous,VI,1,1,3,0,500000,0,100000,100000,1,5,5,2,50000,50000,50000,50000,1,2,2,2,100000,120000,100000,120000,1,1,5,1,1,2,1,50000,1,3,3,2,5,2,45,4,17,192,25,1,2,4,1,3
2022-09-17 09:42:59,2022-09-17 10:01:16,0,100,1096,1,2022-09-17 10:01:18,R_32LQIWo21KUTQFx,anonymous,VI,1,1,1,50.000,50.000,100.000,100.000,100.000,5,1,1,1,100.000,100.000,150.000,150.000,1,1,3,2,100.000,100.000,100.000,100.000,2,1,5,2,2,2,2,50.000,1,3,2,1,5,1,25,4,18,192,25,1,3,2,1,4
2022-09-17 12:12:51,2022-09-17 12:32:03,0,100,1152,1,2022-09-17 12:32:04,R_2at0Emc59SdKU4V,anonymous,VI,0.8999999761581421,1,1,50000,50000,100000,100000,100000,1,1,1,2,50000,50000,100000,100000,1,1,1,2,100000,100000,100000,100000,2,1,5,1,2,1,2,30000,1,3,3,4,3,2,41,6,24,192,25,1,4,3,1,2
2022-09-17 03:13:32,2022-09-17 13:25:36,0,100,36724,1,2022-09-17 13:25:37,R_6sVC4vdGVZcg0Yp,anonymous,VI,1,1,3,50.000,50.000,50.000,50.000,20.000,5,5,5,2,50.000,50.000,50.000,50.000,3,2,2,2,50.000,50.000,50.000,50.000,2,5,1,1,2,2,1,20.000,1,1,3,4,5,2,55,2,15,192,25,1,1,2,3,4
2022-09-17 14:28:09,2022-09-17 15:58:16,0,100,5406,1,2022-09-17 15:58:16,R_2P0Un6Xiaj10s9D,anonymous,VI,1,1,1,4,4,4,4,4,3,3,3,2,4,4,4,4,1,2,1,1,3,3,3,3,2,4,3,4,1,2,1,60000,1,2,3,1,2,1,23,1,23,15,20,2,4,3,2,1
2022-09-17 16:02:04,2022-09-17 16:08:22,0,100,377,1,2022-09-17 16:08:22,R_31Z9vjyQdYPL9It,anonymous,VI,1,1,1,0,50000,0,10000,100000,1,1,1,1,50000,50000,100000,100000,1,1,1,2,10000,10000,100000,100000,1,1,5,1,2,1,1,50000,1,4,3,4,5,2,34,6,25,192,25,1,4,1,3,2
2022-09-17 15:42:18,2022-09-17 16:16:33,0,100,2055,1,2022-09-17 16:16:34,R_3L8aZ9VOOTqRS6y,anonymous,VI,1,1,1,0,50000,50000,100000,50000,1,5,3,1,50000,70000,100000,120000,1,1,2,1,100000,150000,100000,200000,1,1,5,3,2,1,1,30000,1,4,3,4,5,2,26,3,16,192,25,1,3,2,1,4
2022-09-17 15:49:24,2022-09-17 16:23:37,0,100,2052,1,2022-09-17 16:23:37,R_3lELPqmU8oirel4,anonymous,VI,0.8999999761581421,1,3,0,50000,0,100000,50000,2,5,1,2,50000,50000,100000,100000,3,1,2,2,50000,100000,100000,100000,2,3,5,2,1,1,2,20000,2,3,2,3,4,1,26,6,16,192,25,1,3,2,1,4
2022-09-17 16:18:28,2022-09-17 16:31:16,0,100,767,1,2022-09-17 16:31:16,R_2bV7f4YU2LI4VS8,anonymous,VI,1,1,2,0,40000,0,80000,50000,2,3,3,2,50000,100000,100000,150000,1,1,2,1,100000,150000,100000,150000,2,3,3,3,2,1,2,30000,1,3,3,3,5,1,40,2,17,192,25,1,1,4,3,2
2022-09-17 16:22:47,2022-09-17 16:45:39,0,100,1372,1,2022-09-17 16:45:39,R_2t4IM3F01GSAXhU,anonymous,VI,0.8999999761581421,1,3,0,50.000,0,100.000,100.000,5,1,4,2,50.000,50.000,100.000,100.000,1,1,1,2,100.000,150.000,100.000,150.000,2,5,1,4,2,1,1,30.000,1,3,3,3,5,2,45,3,19,192,25,1,2,4,3,1
2022-09-17 16:44:09,2022-09-17 16:54:33,0,100,623,1,2022-09-17 16:54:33,R_2YmKI88EsKlRtKz,anonymous,VI,0.699999988079071,1,3,50,50,100,100,100,1,5,5,1,50,50,100,100,1,1,2,2,50,50,100,100,2,5,1,5,2,2,2,20,1,3,3,4,5,2,27,7,25,192,25,1,1,2,3,4
2022-09-17 16:45:24,2022-09-17 16:57:37,0,100,733,1,2022-09-17 16:57:38,R_2QrN7ojTKCtca70,anonymous,VI,0.8999999761581421,1,3,500000,500000,100000,100000,100000,4,3,4,2,500000,500000,100000,100000,3,1,2,2,100000,100000,100000,100000,2,5,2,4,1,1,1,100000,1,3,3,1,4,2,26,5,17,192,25,1,4,3,2,1
2022-09-17 17:17:11,2022-09-17 17:26:30,0,100,558,1,2022-09-17 17:26:30,R_1fZ490csVh0e7xH,anonymous,VI,1,1,1,0,0,0,0,20.000,2,5,4,1,50.000,50.000,100.000,100.000,1,2,1,2,100.000,100.000,100.000,100.000,2,4,2,4,2,1,1,15.000,3,4,3,4,5,2,29,4,16,192,25,1,1,2,3,4
2022-09-17 17:16:30,2022-09-17 17:27:26,0,100,655,1,2022-09-17 17:27:26,R_r9mqjSsfVkMS4g1,anonymous,VI,0.8999999761581421,1,1,0,0,0,40000,60000,1,4,3,2,40000,50000,80000,100000,1,2,3,2,50000,50000,50000,100000,2,1,4,2,2,2,3,30000,1,4,3,4,3,2,25,5,18,192,25,1,2,1,3,4
2022-09-17 17:07:09,2022-09-17 17:31:43,0,100,1473,1,2022-09-17 17:31:43,R_1KffC9oAUOPq493,anonymous,VI,0.8999999761581421,1,3,25000,50000,25000,50000,50000,3,3,3,2,50000,50000,50000,100000,1,2,3,2,100000,100000,100000,100000,2,3,3,3,2,2,3,20000,1,4,3,2,4,2,25,5,16,192,25,1,4,1,2,3
2022-09-17 17:55:45,2022-09-17 18:12:48,0,100,1023,1,2022-09-17 18:12:48,R_1MRQFxwoAts0jGY,anonymous,VI,0.8999999761581421,1,1,0,100000,0,200000,500000,4,5,5,2,0,100000,0,200000,1,2,1,2,0,200000,0,200000,2,4,5,3,1,2,1,50000,1,3,2,1,3,1,28,3,21,192,25,1,1,2,4,3
2022-09-17 18:12:04,2022-09-17 18:25:41,0,100,817,1,2022-09-17 18:25:42,R_1CHpyWqaExFqogC,anonymous,VI,0.8999999761581421,1,1,50000,50000,100000,100000,100000,1,4,2,2,50000,50000,100000,100000,1,2,1,2,60000,50000,100000,100000,2,3,4,2,2,2,1,50000,1,4,3,4,4,2,24,4,17,192,25,1,2,3,4,1
2022-09-17 18:13:56,2022-09-17 19:28:28,0,100,4472,1,2022-09-17 19:28:30,R_1eFYBdDnGREJJdv,anonymous,VI,1,1,3,0,80000,0,160000,20000,5,1,5,1,50000,80000,100000,160000,1,1,2,3,100000,100000,100000,100000,1,5,1,5,3,1,2,20000,1,1,3,4,5,2,34,4,18,192,25,1,3,1,4,2
2022-09-17 19:46:47,2022-09-17 20:06:11,0,100,1164,1,2022-09-17 20:06:12,R_1CarFh1S1trkUl5,anonymous,VI,0.8999999761581421,1,1,50000,100000,100000,200000,50000,5,1,5,2,50000,100000,100000,150000,1,2,1,2,50000,100000,100000,150000,2,5,1,5,2,1,1,10000,1,3,2,1,4,1,20,7,15,192,25,1,4,3,2,1
2022-09-17 20:24:08,2022-09-17 20:36:27,0,100,738,1,2022-09-17 20:36:27,R_ByMLR4iHn5Ql4Ot,anonymous,VI,0.8999999761581421,1,3,0,500.000,0,700.000,100.000,1,5,5,2,0,500.000,0,700.000,1,1,2,2,0,500.000,0,700.000,2,1,5,5,2,1,2,100.000,1,3,2,1,5,1,37,6,21,192,25,1,1,2,3,4
2022-09-17 20:31:55,2022-09-17 20:48:58,0,100,1023,1,2022-09-17 20:48:59,R_1ozfe6Dpcdvvk8U,anonymous,VI,0.800000011920929,1,1,50000,60000,90000,120000,60000,1,5,5,1,50000,80000,100000,140000,3,1,3,2,100000,100000,100000,120000,1,2,4,2,2,1,3,50000,1,3,3,4,4,2,25,6,19,192,25,1,1,3,4,2
2022-09-17 20:44:20,2022-09-17 21:22:10,0,100,2269,1,2022-09-17 21:22:12,R_ujPRt05VK8Ysmdz,anonymous,VI,0.8999999761581421,1,1,50000,60000,50000,70000,40000,4,3,2,1,50000,60000,100000,120000,1,2,3,2,100000,100000,100000,120000,2,3,3,2,1,2,1,20000,1,3,3,4,5,2,26,3,19,128,25,1,1,4,3,2
2022-09-17 21:18:36,2022-09-17 21:31:00,0,100,744,1,2022-09-17 21:31:01,R_12RvVRAbbttnZfa,anonymous,VI,1,1,3,0,50000,0,100000,100000,1,5,5,2,50000,100000,100000,200000,1,1,3,2,100000,100000,100000,100000,2,1,5,4,2,2,3,30000,1,3,2,1,3,1,29,6,24,192,25,1,4,1,3,2
2022-09-17 21:22:28,2022-09-17 21:35:55,0,100,807,1,2022-09-17 21:35:56,R_2THTLkpgVE4ZhED,anonymous,VI,1,1,1,0,50.000,0,100.000,120.000,1,5,3,2,0,50.000,0,100.000,1,1,2,2,0,100.000,0,100.000,2,5,4,2,3,1,2,20.000,1,4,2,4,5,2,23,3,17,192,25,1,3,1,4,2
2022-09-17 21:34:16,2022-09-17 21:54:40,0,100,1224,1,2022-09-17 21:54:41,R_12o2fnJ3OvD4FUU,anonymous,VI,1,1,1,0,0,0,0,500000,5,1,5,2,50000,50000,100000,100000,1,1,2,2,100000,100000,100000,100000,2,5,1,5,2,1,2,100000,1,4,3,4,4,2,26,3,16,192,25,1,1,2,4,3
2022-09-18 01:52:12,2022-09-18 02:17:30,0,100,1518,1,2022-09-18 02:17:32,R_20NXypWwn2pFBec,anonymous,VI,0.8999999761581421,1,1,50000,50000,100000,100000,50000,3,3,3,1,50000,50000,100000,100000,1,2,1,2,50000,50000,100000,100000,2,4,3,3,2,2,1,50000,4,3,3,4,5,2,45,6,18,192,25,1,4,3,1,2
2022-09-18 02:44:00,2022-09-18 02:57:45,0,100,824,1,2022-09-18 02:57:47,R_24l7VNBxshYeT1Y,anonymous,VI,1,1,1,50000,50000,100000,100000,100000,1,5,5,2,50000,50000,100000,100000,3,1,2,2,50000,100000,100000,100000,2,3,3,1,2,2,1,30000,1,3,2,4,4,2,30,6,16,192,25,1,3,2,1,4
2022-09-18 03:03:28,2022-09-18 03:16:14,0,100,766,1,2022-09-18 03:16:16,R_3kAhLzcd786dkmp,anonymous,VI,1,1,1,0,0,0,0,10000,3,3,2,2,0,50000,0,100000,1,1,2,2,50000,50000,100000,100000,2,3,3,2,2,1,2,20000,4,4,3,4,5,2,26,4,16,192,25,1,2,4,1,3
2022-09-18 03:16:32,2022-09-18 03:34:22,0,100,1070,1,2022-09-18 03:34:23,R_1JIOmwwOyNtum2j,anonymous,VI,0.8999999761581421,1,1,50000,50000,100000,100000,100000,1,5,4,1,50000,100000,100000,200000,3,2,2,2,50000,100000,100000,100000,1,3,5,1,2,1,2,50000,1,4,3,4,5,2,26,5,16,192,25,1,3,4,2,1
2022-09-18 05:16:12,2022-09-18 05:39:49,0,100,1417,1,2022-09-18 05:39:50,R_3iXBcXMbvYaAfZe,anonymous,VI,0.8999999761581421,1,1,0,50000,0,50000,200000,1,5,5,1,0,60000,0,100000,1,2,1,2,0,100000,0,100000,1,5,5,1,2,1,1,50000,1,4,1,3,5,2,26,5,18,192,25,1,4,2,3,1
2022-09-18 06:19:20,2022-09-18 06:32:21,0,100,781,1,2022-09-18 06:32:22,R_2zP8hrkJrY9Gw2q,anonymous,VI,0.8999999761581421,1,1,300,500,0,200,100000,2,4,3,1,50,60,100,150,1,1,1,2,50000,70000,10000,150000,1,4,3,3,2,2,1,50000,4,4,3,4,4,2,21,1,13,192,25,1,1,2,4,3
2022-09-18 10:55:55,2022-09-18 11:08:12,0,100,736,1,2022-09-18 11:08:14,R_PAvCM8IuxmLVWVz,anonymous,VI,0.8999999761581421,1,1,0,0,0,0,100000,2,5,5,2,0,50000,0,50000,1,1,2,1,0,100000,0,100000,2,5,1,1,2,2,1,50000,1,3,2,1,4,2,32,6,16,192,25,1,2,4,1,3
2022-09-18 12:59:39,2022-09-18 13:10:25,0,100,645,1,2022-09-18 13:10:25,R_1FxsBXwWQCHH2MV,anonymous,VI,1,1,1,0,30000,0,30000,30000,2,5,3,2,30000,50000,70000,100000,3,1,2,2,70000,100000,70000,100000,2,3,4,2,2,2,1,10000,1,3,3,4,5,2,26,5,18.5,192,25,1,3,1,4,2
2022-09-16 13:20:24,2022-09-18 16:21:39,0,100,183674,1,2022-09-18 16:21:39,R_1QbXY85aVN9x49f,anonymous,VI,1,1,1,0,100000,0,200000,100000,2,5,1,1,0,100000,0,200000,1,1,3,2,0,200000,0,400000,1,2,5,1,2,1,3,20000,1,3,3,4,5,2,25,4,16,192,25,1,2,3,4,1
2022-09-18 16:39:06,2022-09-18 16:47:29,0,100,503,1,2022-09-18 16:47:29,R_1nZqHkdlhoqzCUG,anonymous,VI,0.8999999761581421,1,1,25000,40000,50000,80000,70000,3,4,3,1,25000,40000,50000,80000,1,2,3,2,25000,40000,50000,80000,2,3,3,3,2,2,3,70000,1,1,3,1,3,2,35,2,16,192,25,1,3,2,4,1
2022-09-18 16:39:45,2022-09-18 16:56:28,0,100,1002,1,2022-09-18 16:56:28,R_2YreFKJF5h4iDcF,anonymous,VI,0.8999999761581421,1,1,40000,60000,80000,110000,150000,1,4,2,2,40000,60000,70000,120000,2,2,3,1,100000,100000,100000,110000,2,3,3,2,2,2,3,40000,1,4,3,4,4,2,23,4,16,192,25,1,3,1,4,2
2022-09-18 16:51:06,2022-09-18 17:02:53,0,100,707,1,2022-09-18 17:02:54,R_2pJC4tIgVUMRDpm,anonymous,VI,1,1,2,50000,0,100000,0,100000,2,3,1,2,50000,50000,100000,100000,1,1,2,1,100000,100000,100000,100000,2,1,5,3,2,1,1,20000,1,2,3,1,4,1,23,5,16,192,25,1,3,2,4,1
2022-09-18 16:58:34,2022-09-18 17:08:24,0,100,589,1,2022-09-18 17:08:25,R_1QmBpaWrbZRxECF,anonymous,VI,1,1,3,0,50000,0,50000,100000,1,5,1,1,50000,50000,100000,100000,3,1,1,3,100000,100000,100000,100000,1,1,5,1,3,1,1,50000,4,1,3,4,5,1,22,6,16,192,25,1,2,1,4,3
2022-09-18 16:48:52,2022-09-18 17:10:19,0,100,1287,1,2022-09-18 17:10:20,R_3KDtlvq1eFQbXhY,anonymous,VI,1,1,1,0,50000,50000,100000,200000,1,5,5,1,50000,60000,100000,120000,1,1,3,1,100000,120000,100000,100000,2,1,5,5,2,1,3,50000,1,3,3,4,5,2,23,3,16,192,25,1,4,1,3,2
2022-09-18 16:59:29,2022-09-18 17:29:23,0,100,1793,1,2022-09-18 17:29:23,R_1MKXlAVynBxYG8l,anonymous,VI,1,1,3,50000,60000,100000,110000,200000,1,5,3,1,50000,70000,100.000,120.000,1,1,3,2,50000,70000,100000,120000,2,3,5,1,2,1,1,30000,1,3,3,3,3,2,23,6,16,192,25,1,2,3,1,4
2022-09-19 02:36:35,2022-09-19 02:53:23,0,100,1007,1,2022-09-19 02:53:25,R_3HgZ9ZL29WVWAqv,anonymous,VI,0.8999999761581421,1,1,0,0,0,0,100000,5,1,5,2,50000,50000,100000,100000,1,2,2,2,100000,100000,100000,100000,2,5,1,5,2,2,2,50000,1,1,3,4,3,2,27,4,16,192,25,1,2,4,1,3
2022-09-19 09:15:37,2022-09-19 09:34:04,0,100,1107,1,2022-09-19 09:34:06,R_2RadxpMpgn28tnB,anonymous,VI,1,1,3,0,0,50.000,50.000,100.000,5,5,1,2,0,0,0,0,3,1,1,3,20.000,20.000,50.000,50.000,2,1,1,1,2,1,1,30.0000,4,4,3,4,5,2,41,7,13,192,25,1,1,3,4,2
2022-09-19 09:57:13,2022-09-19 10:24:55,0,100,1661,1,2022-09-19 10:24:56,R_3Nx6aEu6NYvTfM8,anonymous,VI,1,1,3,50.000,70.0000,100.000,120.000,50.000,5,1,1,2,59.000,70.000,100.000,120.000,3,1,3,2,100.000,120.000,100.000,120.000,2,5,5,1,3,1,3,30.000,1,3,3,2,5,2,64,7,14,192,25,1,1,3,2,4
2022-09-19 12:24:06,2022-09-19 12:34:29,0,100,623,1,2022-09-19 12:34:30,R_2YJ2v8OJQDA9pzs,anonymous,VI,1,1,1,0,0,100000,100000,50000,3,3,3,2,0,0,0,0,2,1,1,1,0,0,0,0,2,4,4,4,2,1,1,50000,1,1,3,4,5,2,49,5,40,192,25,1,1,2,4,3
2022-09-19 15:35:42,2022-09-19 15:47:07,0,100,684,1,2022-09-19 15:47:07,R_25KrBKEb6PTSlLp,anonymous,VI,1,1,3,0,50000,0,100000,50000,1,5,3,2,0,50000,0,100000,3,1,2,2,50000,100000,100000,100000,2,4,3,5,3,1,2,15000,1,3,3,4,3,2,40,6,19,192,25,1,3,2,4,1
2022-09-19 15:48:57,2022-09-19 16:05:02,0,100,965,1,2022-09-19 16:05:03,R_3rICljeO8BqUF09,anonymous,VI,1,1,3,0,0,0,0,100.000,1,4,3,2,50.000,50.000,100.000,100.000,1,2,1,2,100.000,100.000,100.00,100.000,2,1,4,3,2,2,1,40.000,2,3,3,4,5,2,34,6,12,192,25,1,1,4,2,3
2022-09-19 16:47:49,2022-09-19 16:55:54,0,100,484,1,2022-09-19 16:55:54,R_24CdpwdwM5zEPVb,anonymous,VI,1,1,3,50000,50000,100000,100000,20000,1,1,2,2,50000,50000,100000,100000,3,2,2,3,50000,50000,100000,100000,2,2,2,3,3,2,2,10000,1,1,3,1,4,2,37,6,17,192,25,1,1,3,4,2
2022-09-19 16:54:47,2022-09-19 17:05:16,0,100,629,1,2022-09-19 17:05:16,R_2xSqvVZkQp9hmu6,anonymous,VI,1,1,3,50.000,50.000,100.000,120.000,30.000,1,5,2,2,50000,50000,100000,100000,1,1,3,2,50000,50000,100000,100000,1,3,3,1,2,1,3,30000,1,4,3,4,4,2,45,6,16,192,25,1,4,2,1,3
2022-09-19 17:02:53,2022-09-19 17:21:30,0,100,1117,1,2022-09-19 17:21:30,R_9uF5j8uG7ITTMIx,anonymous,VI,1,1,1,0,0,0,0,200000,4,4,4,1,0,0,0,0,1,1,3,1,0,0,0,0,2,4,3,2,2,2,3,100000,1,3,2,3,4,1,35,6,20,192,25,1,4,1,3,2
2022-09-19 17:41:56,2022-09-19 17:54:48,0,100,771,1,2022-09-19 17:54:48,R_WCEvkwS7NVtxMdP,anonymous,VI,1,1,1,50000,70000,80000,100000,50000,1,5,5,2,50000,70000,80000,100000,1,2,3,2,50000,70000,80000,100000,2,1,5,5,2,2,3,30000,1,3,2,4,5,2,34,6,17,192,25,1,1,2,3,4
2022-09-19 17:53:07,2022-09-19 18:10:35,0,100,1047,1,2022-09-19 18:10:35,R_1zikydgFLBSw9m9,anonymous,VI,0.8999999761581421,1,3,50000,200000,100000,500000,200000,1,5,5,2,50000,200000,100000,500000,2,2,3,2,100000,200000,100000,500000,2,5,1,5,2,1,1,50000,1,4,2,1,4,2,25,7,18,192,25,1,4,1,2,3
2022-09-20 01:39:59,2022-09-20 01:45:05,0,100,305,1,2022-09-20 01:45:06,R_1K2sJw0VQeURWV2,anonymous,VI,1,1,1,0,0,0,0,200000,3,3,3,2,0,0,0,0,1,1,1,2,0,0,0,0,2,5,1,5,2,2,1,50000,1,2,3,3,5,2,36,6,17,192,25,1,2,4,1,3
2022-09-20 02:01:44,2022-09-20 02:14:42,0,100,777,1,2022-09-20 02:14:42,R_AstiATt2YX4V2GR,anonymous,VI,0.8999999761581421,1,1,0,200000,0,300000,70000,1,4,4,2,0,200000,0,300000,2,1,2,2,0,200000,0,300000,2,1,4,4,2,1,2,50000,4,1,1,2,2,1,40,6,17,192,25,1,4,2,3,1
2022-09-20 03:18:37,2022-09-20 03:26:09,0,100,451,1,2022-09-20 03:26:10,R_12FNOCKb9sOuH2z,anonymous,VI,1,1,2,50000,50000,100000,100000,45000,3,3,3,1,50000,100000,100000,150000,2,1,1,2,100000,100000,100000,100000,1,3,3,3,2,1,1,15000,4,3,3,3,4,1,38,6,19,192,25,1,1,2,4,3
2022-09-20 04:05:14,2022-09-20 04:15:06,0,100,592,1,2022-09-20 04:15:07,R_3R4nYIvO0DruhF4,anonymous,VI,1,1,3,0,50009,0,100000,100009,3,1,3,2,0,100000,0,100000,1,2,2,2,0,100000,0,100000,2,5,1,3,2,1,2,30000,1,3,3,4,3,2,35,6,17,192,25,1,3,2,1,4
2022-09-20 04:43:32,2022-09-20 04:58:28,0,100,895,1,2022-09-20 04:58:29,R_3gL8ExtGO7GA1Gx,anonymous,VI,0.8999999761581421,1,3,0,50.000,0,50000,200000,5,5,5,2,0,50000,0,100000,3,1,1,1,50.000,50.000,100.000,100.000,2,5,5,5,3,2,2,100000,1,3,2,4,4,1,31,6,22,192,25,1,2,4,1,3
2022-09-13 05:01:40,2022-09-13 05:02:23,0,3,42,0,2022-09-20 05:02:27,R_2cjaFzAUzp0cscb,anonymous,VI,0.8999999761581421,1,,,,,,,,,,,,,,,,,,,,,,,,,,,,,,,,,,,,,,,,,,,,,,
2022-09-20 05:57:36,2022-09-20 06:21:13,0,100,1416,1,2022-09-20 06:21:13,R_SKawf0b9w0QhpN7,anonymous,VI,1,1,3,0,50000,0,50000,50000,1,5,5,1,50.000,50.000,100.000,100.000,1,1,1,2,100000,100000,100000,100000,2,2,4,1,2,1,1,20000,1,3,3,4,3,2,23,3,16,192,25,1,4,2,3,1
2022-09-20 11:07:04,2022-09-20 11:35:29,0,100,1704,1,2022-09-20 11:35:31,R_22mNPlogFxmaTLA,anonymous,VI,0.8999999761581421,1,3,50000,60000,100000,120000,100000,4,1,5,2,50000,60000,100000,120000,3,1,3,2,100000,100000,100000,100000,2,3,3,1,3,2,3,30000,1,1,2,1,4,2,24,6,18,192,25,1,3,2,4,1
2022-09-20 12:01:19,2022-09-20 12:14:19,0,100,779,1,2022-09-20 12:14:19,R_3IW45JJWZKcp9ul,anonymous,VI,1,1,1,50000,100000,100000,200000,100000,5,1,3,2,50000,100000,100000,200000,1,2,1,2,100000,100000,100000,200000,2,3,5,1,2,2,1,50000,1,3,2,4,5,2,25,1,19,192,25,1,1,4,3,2
2022-09-20 12:11:15,2022-09-20 12:39:04,0,100,1669,1,2022-09-20 12:39:06,R_3Dw4hpOVc6Q6RfY,anonymous,VI,1,1,1,50000,100000,100000,200000,40000,1,5,5,2,50000,100000,100000,200000,1,1,3,2,50000,100000,100000,200000,2,1,5,5,2,1,3,20000,3,3,2,2,5,2,49,6,40,192,25,1,4,1,3,2
2022-09-20 13:09:21,2022-09-20 13:24:21,0,100,899,1,2022-09-20 13:24:21,R_32ReU5LpDPlrI8m,anonymous,VI,1,1,3,0,50.000,0,100.000,50.000,5,5,5,1,0,50.000,0,100.000,1,1,2,2,0,50.000,0,100.000,2,5,5,5,2,1,2,5.000,2,4,3,4,5,2,35,6,18,192,25,1,4,1,3,2
2022-09-20 13:28:05,2022-09-20 13:39:33,0,100,688,1,2022-09-20 13:39:34,R_2tasyTzHIBecG7a,anonymous,VI,1,1,3,0,50000,0,100000,150000,1,3,3,2,50000,50000,100000,100000,1,1,1,2,100.000,100.000,100.000,100.000,2,3,3,3,2,2,1,50000,4,4,3,4,4,2,41,6,32,192,25,1,2,3,1,4
2022-09-20 14:01:23,2022-09-20 14:08:41,0,100,438,1,2022-09-20 14:08:41,R_1dbKMS72MOCosWh,anonymous,VI,0.8999999761581421,1,3,50,50,50,100,50,3,3,3,2,50000,50000,50000,100000,3,1,2,3,50,50,50,100,2,3,3,3,3,1,2,30000,4,4,3,4,5,2,0,7,10,192,25,1,4,2,3,1
2022-09-20 13:53:27,2022-09-20 14:08:42,0,100,914,1,2022-09-20 14:08:43,R_29aZiwsRp7JVcyJ,anonymous,VI,1,1,1,25000,50000,50000,100000,50000,1,5,5,1,25000,50000,50000,100000,1,1,3,1,25000,50000,50000,100000,2,1,5,5,2,2,3,20000,1,3,3,3,5,1,39,6,20,192,25,1,2,3,4,1
2022-09-20 13:59:06,2022-09-20 14:12:35,0,100,808,1,2022-09-20 14:12:35,R_1PeqPCJFLTyFwsP,anonymous,VI,1,1,1,50000,100000,100000,150000,100000,1,5,2,2,50000,50000,100000,100000,3,1,3,1,100000,100000,100000,100000,2,3,3,1,2,2,3,30000,3,2,3,4,4,2,34,2,28,192,25,1,1,2,4,3
2022-09-20 14:09:27,2022-09-20 14:18:40,0,100,552,1,2022-09-20 14:18:40,R_3MzYPNP0GItDVPn,anonymous,VI,1,1,2,50000,50000,100000,100000,20000,1,1,1,1,50000,50000,100,100,1,2,1,2,50000,50000,10000,10000,1,1,1,1,3,2,1,20000,4,4,1,2,5,2,38,3,33,192,25,1,3,2,4,1
2022-09-20 14:19:00,2022-09-20 14:36:07,0,100,1027,1,2022-09-20 14:36:08,R_8uKWrNU4ITOF2z7,anonymous,VI,0.8999999761581421,1,3,0,50000,0,100000,100000,1,5,3,2,0,50000,0,100000,3,1,1,2,0,100000,0,100000,2,1,5,3,2,1,1,100000,1,4,3,4,5,2,36,3,19,192,25,1,2,1,4,3
2022-09-20 14:39:31,2022-09-20 14:46:30,0,100,419,1,2022-09-20 14:46:31,R_1hXw7Exs0WAdHP5,anonymous,VI,1,1,3,0,50000,0,100000,20000,2,4,1,1,0,50000,0,100000,1,1,3,2,50000,100000,50000,100000,1,4,4,4,2,1,3,20000,1,3,3,4,3,1,20,6,14,192,25,1,1,2,4,3
2022-09-20 14:45:44,2022-09-20 14:53:34,0,100,469,1,2022-09-20 14:53:34,R_AhXOFZyAa20Navv,anonymous,VI,1,1,1,40000,50000,90000,100000,100000,3,4,3,1,40000,50000,90000,100000,3,1,2,2,80000,100000,90000,100000,2,4,2,3,1,2,2,20000,1,3,2,4,5,1,22,6,12,192,25,1,1,4,2,3
2022-09-20 15:55:27,2022-09-20 16:06:24,0,100,656,1,2022-09-20 16:06:24,R_2CNgG2yCJSbG4SY,anonymous,VI,1,1,2,200000,200000,300000,300000,50000,1,5,5,2,200000,200000,300000,300000,1,2,2,1,200000,200000,300000,300000,2,1,5,5,2,2,2,20000,1,3,2,3,5,1,22,6,16,192,25,1,1,2,4,3
2022-09-20 16:11:08,2022-09-20 16:29:20,0,100,1091,1,2022-09-20 16:29:20,R_10SMj5hBBMMRodK,anonymous,VI,1,1,3,50000,10000,50000,200000,100000,3,1,5,2,50000,100000,100000,200000,3,1,3,3,100000,150000,100000,200000,2,4,2,5,2,2,3,50000,1,3,2,1,5,2,29,6,20,122,25,1,3,4,1,2
2022-09-20 16:25:32,2022-09-20 18:04:51,0,100,5958,1,2022-09-20 18:04:51,R_2YWzuGAOjD61pfq,anonymous,VI,0.8999999761581421,1,1,100000,200000,100000,200000,50000,3,2,3,1,150000,200000,100000,200000,1,1,1,2,100000,200000,100000,200000,1,3,1,3,2,1,1,20000,1,3,3,4,3,2,21,6,15,192,25,1,4,2,1,3
2022-09-13 18:00:45,2022-09-13 18:14:37,0,36,832,0,2022-09-20 18:14:38,R_24ena66tbC4Smv3,anonymous,VI,1,1,1,60000,60000,100000,100000,50000,1,5,1,2,,,,,,,,2,60000,60000,100000,100000,2,,,,,,,,,,,,,,,,,,,,1,4,2,3
2022-09-20 18:05:13,2022-09-20 18:20:06,0,100,893,1,2022-09-20 18:20:07,R_2fsafo1vXXedfcT,anonymous,VI,1,1,3,0,50.000,0,100.000,60.000,1,5,4,2,50.000,50.000,100.000,100.000,3,1,2,2,100.000,150.000,100.000,150.000,2,2,4,2,2,1,3,20.000,1,3,2,4,5,2,24,4,16,192,25,1,1,2,3,4
2022-09-13 18:10:27,2022-09-13 18:32:22,0,50,1315,0,2022-09-20 18:32:30,R_1eQqlm0iHIKV08p,anonymous,VI,0.8999999761581421,1,3,,,,,,,,,,50000,50000,50000,50000,3,2,2,2,100000,100000,100000,120000,1,5,1,5,3,1,2,10000,,,,,,,,,,,,,4,3,1,2
2022-09-13 19:00:26,2022-09-13 19:02:37,0,8,131,0,2022-09-20 19:02:43,R_1mJH6GjEuGpAykD,anonymous,VI,1,1,,,,,,,,,,,,,,,,,,,,,,,,,,,,,,,,,,,,,,,,,,,2,1,3,4
2022-09-21 04:37:08,2022-09-21 04:53:05,0,100,957,1,2022-09-21 04:53:06,R_AjJOpCBnJEwHIml,anonymous,VI,1,1,3,0,50.000,0,100.000,80.000,1,5,2,2,50.000,50.000,100.000,100.000,1,1,1,3,100.000,100.000,100.000,100.000,2,4,3,2,2,2,1,30.000,1,4,3,4,4,2,26,3,16,192,25,1,3,2,1,4
2022-09-14 07:08:44,2022-09-14 07:17:27,0,67,523,0,2022-09-21 07:17:37,R_1otCUkCGnESQgK1,anonymous,VI,0.8999999761581421,1,3,0,50000,0,100000,20000,1,5,2,2,0,50000,0,100000,3,2,2,2,0,100000,0,100000,2,5,1,2,2,1,2,10000,,,,,,,,,,,,,4,3,2,1
2022-09-14 07:32:42,2022-09-14 07:40:40,0,36,477,0,2022-09-21 07:40:48,R_abMLHh0iMh0uFNf,anonymous,VI,1,1,,,,,,,,,,,50000,50000,100000,100000,1,1,1,3,100000,100000,100000,100000,2,5,1,5,,,,,,,,,,,,,,,,,3,1,2,4
2022-09-14 08:16:45,2022-09-14 08:20:46,0,31,241,0,2022-09-21 08:20:55,R_3HFcY65aHLnzH5t,anonymous,VI,0.8999999761581421,1,1,0,0,0,0,100000,1,5,5,1,,,,,,,,,,,,,,,,,2,2,,,,,,,,,,,,,,,1,3,4,2
2022-09-21 08:21:46,2022-09-21 08:37:22,0,100,936,1,2022-09-21 08:37:24,R_3h4phrxnCoECDKe,anonymous,VI,1,1,3,0,50000,0,100000,100000,1,5,2,2,0,50000,0,100000,1,1,1,2,0,50000,0,100000,2,2,4,2,2,1,1,50000,1,3,2,1,5,2,38,6,32,192,25,1,1,3,2,4
2022-09-14 08:18:43,2022-09-14 08:46:01,0,19,1637,0,2022-09-21 08:46:09,R_3R4M3Ray5UxyvbI,anonymous,VI,0.8999999761581421,1,,,,,,,,,,,0,100000,0,100000,1,1,,,,,,,,,,,,,,,,,,,,,,,,,,,3,1,2,4
2022-09-14 08:46:27,2022-09-14 08:58:35,0,67,727,0,2022-09-21 08:58:35,R_3npjmiMUXClVNU0,anonymous,VI,0.8999999761581421,1,1,0,50000,50000,100000,50000,1,5,5,1,0,50000,50000,100000,1,1,1,2,0,50000,100000,100000,1,1,5,5,2,2,1,25000,,,,,,,,,,,,,2,3,4,1
2022-09-21 09:45:35,2022-09-21 10:03:29,0,100,1074,1,2022-09-21 10:03:30,R_3myVYNdZsMT1aCZ,anonymous,VI,1,1,3,50000,50000,100000,100000,200000,1,4,1,2,50000,100000,100000,200000,1,2,1,2,100000,100000,100000,100000,2,1,4,2,1,1,2,50000,1,3,3,4,5,2,26,4,16,192,25,1,4,3,1,2
2022-09-14 04:41:56,2022-09-14 10:27:22,0,47,20726,0,2022-09-21 10:27:25,R_23gkrDPo1jBgjZP,anonymous,VI,1,1,3,50000,500000,100000,500000,0,,,,,50000,500000,100000,1000000,3,2,1,3,100000,500000,100000,500000,2,5,1,2,,,,,,,,,,,,,,,,,3,1,2,4
2022-09-14 12:53:39,2022-09-14 13:00:46,0,17,427,0,2022-09-21 13:00:47,R_DuXyH3Lp4vJwgwh,anonymous,VI,0.800000011920929,1,,,,,,,,,,,,,,,,,,,,,,,,,,,2,1,1,,,,,,,,,,,,,,3,4,2,1
2022-09-14 13:01:16,2022-09-14 13:02:49,0,17,93,0,2022-09-21 13:02:50,R_3NX3NgOnlFLFeFs,anonymous,VI,0.8999999761581421,1,,,,,,,,,,,,,,,,,,,,,,,,,,,1,1,2,,,,,,,,,,,,,,4,3,2,1
2022-09-21 13:06:22,2022-09-21 13:22:45,0,100,983,1,2022-09-21 13:22:45,R_1mXzveS0wXApKoI,anonymous,VI,0.800000011920929,1,2,50.000,100.000,100.000,150.000,50.000,1,5,3,1,70.000,100.000,100.000,150.000,1,1,3,2,100.000,150.000,100.000,150.000,1,3,5,1,2,1,3,20.000,1,3,3,2,5,2,21,7,15,192,25,1,3,2,1,4
2022-09-14 12:14:45,2022-09-14 13:23:32,0,67,4126,0,2022-09-21 13:23:36,R_32MfDm7rQf8zgTG,anonymous,VI,1,1,3,50000,50000,100000,100000,100000,5,1,5,2,50000,50000,100000,100000,3,1,2,2,50000,50000,50000,100000,2,5,5,5,2,1,2,30000,,,,,,,,,,,,,4,3,2,1
2022-09-14 14:24:22,2022-09-14 14:24:58,0,8,35,0,2022-09-21 14:25:02,R_T60Qd0UiNT74ajf,anonymous,VI,0.4000000059604645,1,,,,,,,,,,,,,,,,,,,,,,,,,,,,,,,,,,,,,,,,,,,2,1,4,3
2022-09-14 14:35:45,2022-09-14 14:41:06,0,22,320,0,2022-09-21 14:41:11,R_25AcEwB7ovBT33F,anonymous,VI,0.8999999761581421,1,2,0,50000,0,100000,100000,2,5,4,,,,,,,,,,,,,,,,,,,,,,,,,,,,,,,,,,1,4,2,3
2022-09-17 09:15:47,2022-09-21 14:43:50,0,100,365282,1,2022-09-21 14:43:50,R_2BnaP0SMXGwaw37,anonymous,VI,0.8999999761581421,1,1,50000,50000,100000,100000,20000,5,1,5,2,50000,50000,100000,100000,2,1,2,2,50000,50000,100000,100000,2,5,1,5,2,1,2,20000,4,4,2,1,4,2,64,2,15,192,25,1,2,1,3,4
2022-09-13 20:43:18,2022-09-14 15:04:11,0,61,66052,0,2022-09-21 15:04:12,R_2YFZvfZmlmQ6u6L,anonymous,VI,0.8999999761581421,1,1,0,50000,0,100000,500000,1,5,1,2,0,50000,0,100000,1,1,1,2,100000,100000,100000,100000,2,4,4,2,2,1,1,,,,,,,,,,,,,,1,2,3,4
2022-09-21 16:05:14,2022-09-21 16:14:07,0,100,533,1,2022-09-21 16:14:08,R_vukubQwgm3OAtkl,anonymous,VI,0.8999999761581421,1,1,50000,90000,100000,120000,50000,1,5,5,1,50000,90000,100000,120000,1,2,3,2,50000,90000,100000,100000,2,1,5,5,2,2,1,20000,1,3,2,4,4,2,34,6,18,192,25,1,4,3,1,2
2022-09-21 16:14:48,2022-09-21 16:26:08,0,100,679,1,2022-09-21 16:26:10,R_2ZHYIzgULilCHqz,anonymous,VI,1,1,2,50000,100000,100000,150000,30000,3,1,4,2,50000,100000,100000,150000,1,2,3,2,0,50000,0,100000,2,3,1,5,2,2,2,30000,1,1,3,1,5,2,39,6,15,192,25,1,4,3,1,2
2022-09-21 16:22:54,2022-09-21 16:27:52,0,100,297,1,2022-09-21 16:27:53,R_22Y60qziMkA8co1,anonymous,VI,0.8999999761581421,1,3,30000,20000,10000,20000,10000,1,1,5,1,10000,20000,10000,20000,1,1,1,1,10000,20000,10000,20000,1,1,1,5,1,1,1,10000,1,3,3,3,4,2,25,4,1,6,8,1,1,4,2,3
2022-09-21 16:17:48,2022-09-21 16:30:38,0,100,770,1,2022-09-21 16:30:39,R_2zvi10sfdvsvE8V,anonymous,VI,0.8999999761581421,1,3,50000,100000,100000,150000,30000,1,5,1,2,50000,100000,100000,150000,3,2,2,2,50000,100000,100000,150000,2,1,5,1,2,2,2,30000,1,1,3,4,5,2,22,7,15,192,25,1,4,3,1,2
2022-09-21 16:11:39,2022-09-21 16:33:15,0,100,1295,1,2022-09-21 16:33:15,R_8Byn0XBrIjfq9xv,anonymous,VI,0.8999999761581421,1,1,0,50000,0,100000,60000,5,5,1,2,0,50000,0,100000,1,1,2,2,50.000,50.000,100.000,100.000,2,5,5,5,2,1,2,25000,1,3,3,1,4,2,33,6,15,192,25,1,4,3,1,2
2022-09-21 16:21:54,2022-09-21 16:34:19,0,100,745,1,2022-09-21 16:34:20,R_8evYkK65283NqPn,anonymous,VI,1,1,1,50000,100000,100000,150000,100000,3,5,1,2,50000,100000,100000,150000,3,1,1,2,100000,200000,100000,200000,2,5,1,4,3,1,1,30000,4,4,3,3,5,2,42,4,15,192,25,1,2,1,4,3
2022-09-21 16:24:38,2022-09-21 16:36:40,0,100,721,1,2022-09-21 16:36:40,R_81Ew82XzSMXGMTf,anonymous,VI,0.8999999761581421,1,1,50000,50000,100000,100000,200000,2,2,3,2,50000,10000,100000,100000,1,2,1,2,50000,100000,100000,100000,2,5,2,1,2,1,1,30000,1,2,2,4,4,2,20,4,15,192,25,1,4,2,1,3
2022-09-21 16:11:03,2022-09-21 16:39:28,0,100,1704,1,2022-09-21 16:39:28,R_3gU7GWHBStXCaFg,anonymous,VI,0.8999999761581421,1,3,50000,100000,100000,200000,20000,1,1,1,1,50000,100000,100000,200000,3,2,1,2,50000,100000,100000,200000,1,2,1,1,2,2,1,10000,1,1,1,1,4,1,25,3,17,192,25,1,3,2,4,1
2022-09-21 16:22:03,2022-09-21 16:41:06,0,100,1143,1,2022-09-21 16:41:07,R_2Cqcs4Q627fHxJG,anonymous,VI,1,1,2,100000,300000,200000,300000,20000,1,4,1,2,50000,200000,100000,300000,1,2,2,2,50000,200000,100000,200000,1,1,4,1,2,2,2,20000,3,1,3,4,5,2,50,6,17,192,25,1,4,3,1,2
2022-09-21 16:33:13,2022-09-21 16:42:59,0,100,586,1,2022-09-21 16:43:00,R_5BifYqj8vBstIR3,anonymous,VI,0.8999999761581421,1,3,0,50000,50000,100000,100000,5,5,5,2,250000,500000,0,100000,3,1,3,1,50000,100000,100000,150000,2,5,5,5,3,1,3,25000000,1,4,3,4,5,2,32,6,16,192,25,1,4,2,3,1
2022-09-21 16:20:45,2022-09-21 17:02:33,0,100,2508,1,2022-09-21 17:02:33,R_2TAwfy1hOC8Bwty,anonymous,VI,1,1,3,50000,100000,100000,120000,50000,2,3,2,1,50000,50000,100000,100000,3,2,1,2,100000,100000,100000,100000,1,3,3,3,3,1,1,50000,2,3,3,2,4,2,41,5,16,192,25,1,1,4,2,3
2022-09-21 17:09:21,2022-09-21 17:21:18,0,100,717,1,2022-09-21 17:21:19,R_b91wmjq096HP3Zn,anonymous,VI,1,1,3,50000,100000,150000,150000,50000,1,5,1,2,50000,800000,100000,150000,1,1,3,2,100000,150000,100000,150000,2,1,5,1,2,1,3,50000,1,3,2,4,3,2,29,3,22,192,25,1,3,1,4,2
2022-09-14 08:30:15,2022-09-14 17:33:46,0,17,32611,0,2022-09-21 17:33:47,R_2QJQWcCUXT8kpWo,anonymous,VI,0.8999999761581421,1,,,,,,,,,,,,,,,,,,2,50000,50000,50000,50000,,,,,,,,,,,,,,,,,,,,,2,4,1,3
2022-09-21 17:21:30,2022-09-21 17:37:42,0,100,972,1,2022-09-21 17:37:43,R_3UgXjrnMkUctObT,anonymous,VI,0.8999999761581421,1,1,0,50000,0,100000,60000,1,5,3,2,0,50000,50000,100000,3,2,3,3,100000,150000,150000,200000,2,1,5,3,2,2,2,50000,1,1,2,4,5,2,38,4,18,192,25,1,3,1,2,4
2022-09-21 17:23:56,2022-09-21 17:39:35,0,100,939,1,2022-09-21 17:39:36,R_3nuQ4tn0TMWNidz,anonymous,VI,1,1,1,50.000,50.000,100.000,100.000,50.000,3,3,3,2,50.000,50.000,100.000,100.000,2,2,3,1,50.000,100.000,100.000,100.000,2,3,1,3,3,2,3,20.000,1,4,1,4,5,1,22,4,15,192,25,1,4,3,1,2
2022-09-14 17:42:05,2022-09-14 17:49:52,0,67,466,0,2022-09-21 17:49:55,R_25GAfxpxue0lVjh,anonymous,VI,1,1,1,0,50000,100000,150000,100000,1,5,3,1,0,50000,100000,150000,1,2,3,2,100000,100000,100000,150000,1,4,2,1,2,2,3,50000,,,,,,,,,,,,,1,2,4,3
2022-09-21 17:34:38,2022-09-21 17:50:32,0,100,954,1,2022-09-21 17:50:32,R_3DnLu3BrbUlCpBi,anonymous,VI,1,1,3,50000,50000,100000,100000,30000,4,3,4,2,50000,50000,100000,100000,3,2,3,2,50000,50000,100000,100000,2,3,3,4,3,2,3,10000,1,3,2,3,4,2,35,4,20,192,25,1,3,4,2,1
2022-09-14 17:56:24,2022-09-14 18:05:58,0,97,573,0,2022-09-21 18:06:05,R_296yVlqEwcL4OH0,anonymous,VI,1,1,1,75.000,100.000,125.000,200.000,150.000,3,5,2,1,75.000,100.000,125.000,200.000,1,1,3,2,125.000,200.000,125.000,200.000,2,3,3,3,2,1,3,50.000,4,4,3,4,5,2,25,2,18,192,25,,2,1,3,4
2022-09-21 18:05:56,2022-09-21 18:18:32,0,100,755,1,2022-09-21 18:18:33,R_1jlVmNAxRsbXHpQ,anonymous,VI,1,1,3,50000,500000,100000,100000,50000,1,1,1,1,50000,50000,100000,100000,3,1,3,2,100000,100000,100000,120000,2,1,1,1,2,2,3,10.000,1,3,3,1,4,2,20,7,13,192,25,1,4,3,2,1
2022-09-14 18:10:21,2022-09-14 18:21:38,0,33,677,0,2022-09-21 18:21:41,R_1fkfwxzRbRrFlKi,anonymous,VI,1,1,1,25000,50000,70000,100000,50000,2,5,1,2,,,,,,,,1,100000,100000,100000,150000,,,,,,,,,,,,,,,,,,,,,1,3,2,4
2022-09-14 19:36:06,2022-09-14 19:44:31,0,67,504,0,2022-09-21 19:44:35,R_1fdrtnJvre6Nnk6,anonymous,VI,1,1,3,50000,50000,50000,100000,80000,1,5,4,1,50000,50000,100000,100000,3,1,3,2,100000,120000,100000,150000,1,1,5,5,2,1,1,20000,,,,,,,,,,,,,2,3,1,4
2022-09-21 21:24:59,2022-09-21 21:31:04,0,100,365,1,2022-09-21 21:31:05,R_1FsPLObYNjEjtX4,anonymous,VI,0.800000011920929,1,3,50000,100000,100000,200000,100000,1,5,1,1,50000,70000,100000,120000,3,1,3,3,50000,50000,100000,100000,1,4,3,3,3,1,2,50000,4,1,1,4,4,2,32,5,12,192,25,1,4,3,2,1
2022-09-21 23:39:36,2022-09-22 00:06:35,0,100,1619,1,2022-09-22 00:06:36,R_2yj5ga2kHeXZumD,anonymous,VI,0.8999999761581421,1,1,0,50.000,0,100.000,50.000,1,5,2,2,50.000,100.000,100.000,150.000,1,1,2,1,100.000,120.000,150.000,170.000,2,5,5,1,2,2,3,30.000,1,3,2,3,4,2,30,3,17,192,25,1,4,2,1,3
2022-09-22 01:31:44,2022-09-22 01:39:15,0,100,451,1,2022-09-22 01:39:16,R_23f8dyNO1gUKvKm,anonymous,VI,1,1,1,100000,200000,100000,200000,50000,1,5,1,1,100000,200000,100000,200000,1,1,1,1,200000,200000,100000,200000,1,1,5,1,2,1,1,20000,4,4,3,4,5,2,22,2,16,192,25,1,4,2,3,1
2022-09-22 01:50:45,2022-09-22 01:58:11,0,100,445,1,2022-09-22 01:58:11,R_1Hq5gZTaLEg4WkG,anonymous,VI,1,1,3,50000,100000,100000,100000,200000,4,3,4,2,60000,100000,100000,100000,3,1,3,3,150000,200000,50000,100000,2,3,4,4,3,2,3,50000,4,4,3,4,5,1,28,7,16,192,25,1,4,3,2,1
2022-09-15 02:50:38,2022-09-15 02:58:03,0,36,444,0,2022-09-22 02:58:07,R_1qUKPmNNeVPNtb5,anonymous,VI,1,1,2,10.000,50.000,10.000,100.000,30.000,5,1,5,1,,,,,,,,,,,,,,,,,1,1,1,30.000,,,,,,,,,,,,,1,3,4,2
2022-09-15 02:41:44,2022-09-15 02:58:53,0,17,1029,0,2022-09-22 02:58:54,R_3MMXAbCqHA9K84P,anonymous,VI,0.8999999761581421,1,,,,,,,,,,,,,,,,,,,,,,,,,,,2,2,3,,,,,,,,,,,,,,2,3,4,1
2022-09-15 03:53:59,2022-09-15 03:54:16,0,3,17,0,2022-09-22 03:54:19,R_aaCeVnlOqtKUQjn,anonymous,VI,0.8999999761581421,1,,,,,,,,,,,,,,,,,,,,,,,,,,,,,,,,,,,,,,,,,,,,,,
2022-09-15 03:52:57,2022-09-15 03:55:10,0,36,132,0,2022-09-22 03:55:12,R_110kLzCrdVFh41o,anonymous,VI,0.8999999761581421,1,,,,,,,,,,,50000,50000,100000,100000,3,2,2,3,,,,,,,,,3,2,2,30000,,,,,,,,,,,,,4,1,3,2
2022-09-15 03:54:37,2022-09-15 03:56:34,0,11,116,0,2022-09-22 03:56:37,R_1N9dZuy4D1P2j2H,anonymous,VI,0.8999999761581421,1,,,,,,,,,,,,,,,,,,2,,,,,,,,,,,,,,,,,,,,,,,,,3,4,1,2
2022-09-22 03:37:22,2022-09-22 03:57:28,0,100,1206,1,2022-09-22 03:57:30,R_9T5Nj1wrbHOuxEZ,anonymous,VI,0.8999999761581421,1,1,0,50000,0,100000,50000,3,3,2,2,0,50000,0,50000,1,1,1,2,0,100000,0,100000,2,5,1,3,2,1,1,30000,1,3,2,4,5,1,29,6,17,192,25,1,1,4,2,3
2022-09-22 04:05:49,2022-09-22 04:13:38,0,100,469,1,2022-09-22 04:13:40,R_1dys2MIvfSHEx1P,anonymous,VI,1,1,1,50000,50000,100000,100000,100000,1,1,1,2,50000,100000,100000,150000,1,1,2,1,50000,70000,100000,120000,2,1,1,1,2,2,2,20000,4,4,3,4,3,2,30,2,16,192,25,1,4,3,1,2
2022-09-22 04:05:22,2022-09-22 04:16:37,0,100,674,1,2022-09-22 04:16:38,R_3HBrvJGUuxk7WlQ,anonymous,VI,1,1,3,50000,50000,100000,100000,20000,3,3,3,2,50000,50000,100000,100000,3,1,1,3,100000,100000,100000,100000,2,3,3,3,2,2,1,20000,2,4,3,4,3,2,31,5,16,192,25,1,2,4,1,3
2022-09-22 04:06:27,2022-09-22 04:18:04,0,100,697,1,2022-09-22 04:18:04,R_3PSQKvV38taWmKk,anonymous,VI,1,1,2,50000,50000,100000,100000,50000,1,5,1,2,50000,50000,100000,100000,2,2,1,2,50000,100000,100000,100000,2,5,5,5,2,2,1,20000,4,4,3,4,4,2,33,5,22,192,25,1,2,1,4,3
2022-09-22 04:05:21,2022-09-22 04:20:54,0,100,933,1,2022-09-22 04:20:54,R_0SZ70gVJpW9P5sJ,anonymous,VI,0.8999999761581421,1,2,50.000,50.000,100.000,100.000,200.000,5,1,5,1,50.000,50.000,100.000,100.000,1,1,1,2,50000,50000,100000,100000,1,5,1,5,3,1,1,100.000,4,1,3,1,5,2,26,2,26,192,26,1,2,3,4,1
2022-09-22 04:06:30,2022-09-22 04:23:26,0,100,1016,1,2022-09-22 04:23:26,R_31z87U5W1ZvLkk8,anonymous,VI,1,1,1,0,50000,0,50000,20000,5,1,4,2,50000,50000,100000,100000,1,1,3,2,50000,100000,100000,100000,2,5,1,4,2,1,3,10000,1,1,3,4,5,2,32,6,0,192,25,1,3,4,1,2
2022-09-22 04:07:37,2022-09-22 04:31:12,0,100,1415,1,2022-09-22 04:31:13,R_3iJS8sFVMykGaA6,anonymous,VI,1,1,1,0,0,0,0,100000,5,1,5,2,50000,50000,100000,100000,1,2,1,2,50000,50000,50000,50000,2,5,1,5,1,2,1,100000,1,1,3,4,5,2,29,7,16,192,25,1,1,2,3,4
2022-09-15 05:19:28,2022-09-15 05:20:06,0,8,38,0,2022-09-22 05:20:09,R_2DUZ3g7xiXS4SVB,anonymous,VI,0.8999999761581421,1,,,,,,,,,,,,,,,,,,,,,,,,,,,,,,,,,,,,,,,,,,,4,2,1,3
2022-09-22 05:27:17,2022-09-22 05:39:38,0,100,741,1,2022-09-22 05:39:39,R_2uOLjKcCkClcdMP,anonymous,VI,1,1,3,50000,100000,100000,200000,50000,5,3,2,2,50000,100000,100000,200000,3,2,2,3,500000,1000000,100000,200000,2,5,4,1,3,2,2,20000,1,3,3,4,4,2,20,1,18,192,25,1,4,3,1,2
2022-09-15 05:44:41,2022-09-15 05:46:03,0,11,81,0,2022-09-22 05:46:06,R_2fCbANJDzJLZlmW,anonymous,VI,0.8999999761581421,1,2,,,,,,,,,,,,,,,,,,,,,,,,,,,,,,,,,,,,,,,,,,1,4,3,2
2022-09-22 05:44:32,2022-09-22 06:02:10,0,100,1057,1,2022-09-22 06:02:10,R_24u44q1gzDqCSR8,anonymous,VI,0.8999999761581421,1,1,0,0,0,0,30.000,1,5,5,2,50.000,50.000,100.000,100.000,1,2,1,2,50.000,50.000,100.000,100.000,1,1,5,1,2,2,1,20.000,1,3,2,3,5,2,33,3,16,192,25,1,4,3,1,2
2022-09-22 05:57:17,2022-09-22 06:12:50,0,100,932,1,2022-09-22 06:12:50,R_3JgXRCqEe4PXiRc,anonymous,VI,0.8999999761581421,1,3,0,50000,0,100000,30000,1,5,4,1,50000,50000,100000,100000,2,1,3,1,50000,100000,100000,100000,1,2,5,4,2,1,3,30000,1,3,2,3,4,4,26,6,16,192,25,1,2,4,1,3
2022-09-22 06:14:01,2022-09-22 06:26:31,0,100,750,1,2022-09-22 06:26:32,R_3O1VD5KeadZVAqV,anonymous,VI,0.8999999761581421,1,2,50,50,50,100,20,2,3,3,2,50,100,50,100,3,1,2,2,50,100,50,100,1,1,4,4,1,2,3,20,4,4,3,4,5,2,26,2,12,192,25,1,4,3,2,1
2022-09-22 06:12:58,2022-09-22 06:31:56,0,100,1137,1,2022-09-22 06:31:56,R_2dNfzh0xgI9yaTs,anonymous,VI,1,1,3,30.000,50.000,50.000,100.000,25.000,2,4,4,2,40.000,50.000,80.000,100.000,3,1,3,3,40.000,80.000,80.000,90.000,2,2,4,4,3,1,3,10.000,1,4,3,4,5,2,20,2,15,192,25,1,4,3,2,1
2022-09-22 06:36:02,2022-09-22 06:46:19,0,100,617,1,2022-09-22 06:46:19,R_1H0t0iJJYFMpOkw,anonymous,VI,1,1,1,100,150,100,150,100000,5,5,5,2,50000,100000,50000,100000,1,2,1,2,100000,150000,100000,150000,2,5,2,5,2,2,2,20000,3,4,3,1,4,2,20,4,15,192,25,1,4,2,1,3
2022-09-22 06:36:04,2022-09-22 06:50:05,0,100,841,1,2022-09-22 06:50:05,R_1od2rXOqtmInBLZ,anonymous,VI,0.8999999761581421,1,2,50.000,100.000,100.000,200.000,80.000,2,4,2,2,50.000,100.000,100.000,200.000,2,1,1,2,100.000,200.000,100.000,200.000,2,2,4,2,1,2,3,30.000,1,4,2,2,3,2,20,1,3,192,25,1,2,1,3,4
2022-09-22 07:07:43,2022-09-22 07:48:49,0,100,2466,1,2022-09-22 07:48:50,R_21mGFDm6dnBLxD1,anonymous,VI,1,1,3,0,50.000,0,100.000,100.000,1,4,3,2,0,50000,0,100000,3,1,2,2,0,100000,0,100000,2,3,4,4,3,1,2,20.000,4,4,3,4,4,2,20,7,14,192,25,1,1,2,4,3
2022-09-22 07:33:03,2022-09-22 07:53:42,0,100,1238,1,2022-09-22 07:53:42,R_1go2RTEVKdBum1z,anonymous,VI,0.8999999761581421,1,1,50000,80000,100000,800000,100000,1,5,4,1,50000,80000,100000,800000,1,2,2,2,50000,80000,100000,800000,1,1,5,4,2,2,2,20000,1,4,3,4,2,2,20,6,14,192,25,1,1,2,3,4
2022-09-22 07:46:17,2022-09-22 07:59:15,0,100,778,1,2022-09-22 07:59:15,R_1mqjdcdYf2HKLUa,anonymous,VI,0.8999999761581421,1,3,50000,100000,100000,200000,100000,3,3,1,2,50000,150000,100000,200000,3,2,3,2,80000,200000,100000,200000,2,3,4,2,3,2,3,20000,3,3,2,1,4,2,20,6,15,192,25,1,1,3,2,4
2022-09-22 08:08:27,2022-09-22 08:21:34,0,100,787,1,2022-09-22 08:21:35,R_UQoPK4bpJWzVqtH,anonymous,VI,0.8999999761581421,1,3,50000,50000,100000,100000,20000,1,1,1,2,50000,55000,100000,110000,3,1,3,2,100000,100000,100000,100000,2,1,1,1,3,1,3,15000,2,3,1,2,2,2,40,6,16,192,25,1,4,2,3,1
2022-09-15 08:45:56,2022-09-15 08:46:43,0,11,46,0,2022-09-22 08:46:50,R_2dJUVpepj0sLPho,anonymous,VI,1,1,,,,,,,,,,,,,,,,,,2,,,,,,,,,,,,,,,,,,,,,,,,,3,4,1,2
2022-09-15 08:46:01,2022-09-15 08:47:26,0,11,85,0,2022-09-22 08:47:34,R_uxnZTvbNHVs006J,anonymous,VI,0.8999999761581421,1,3,,,,,,,,,,,,,,,,,,,,,,,,,,,,,,,,,,,,,,,,,,1,4,3,2
2022-09-15 08:48:14,2022-09-15 08:48:37,0,11,23,0,2022-09-22 08:48:42,R_2BgS3GY0KgIt2js,anonymous,VI,1,1,3,,,,,,,,,,,,,,,,,,,,,,,,,,,,,,,,,,,,,,,,,,1,4,3,2
2022-09-15 08:49:39,2022-09-15 08:53:07,0,31,208,0,2022-09-22 08:53:10,R_1duxS2D9nfyxHrm,anonymous,VI,0.8999999761581421,1,3,500000,50000,100000,100000,,,,,,50000,50000,100000,100000,1,1,3,,,,,,,,,,,,,,,,,,,,,,,,,,2,1,3,4
2022-09-15 08:59:43,2022-09-15 09:00:15,0,8,32,0,2022-09-22 09:00:16,R_73UGjDbsauBBCZX,anonymous,VI,1,1,,,,,,,,,,,,,,,,,,,,,,,,,,,,,,,,,,,,,,,,,,,3,1,4,2
2022-09-22 08:52:16,2022-09-22 09:04:48,0,100,751,1,2022-09-22 09:04:48,R_25WKGmUSz2MTeEZ,anonymous,VI,1,1,1,0,50,0,100,50,1,5,1,2,0,50000,0,100000,1,1,1,1,0,50000,0,10000,2,1,5,1,2,1,1,50000,1,3,2,4,4,1,22,3,17,192,25,1,4,3,2,1
2022-09-22 09:09:44,2022-09-22 09:14:55,0,100,311,1,2022-09-22 09:14:55,R_1hAsN6h33OPKvWN,anonymous,VI,0.8999999761581421,1,3,50000,50000,100000,100000,150000,3,3,2,2,50000,50000,100000,100000,3,1,3,3,50000,50000,100000,100000,2,3,2,2,3,1,3,10000,1,3,3,2,4,1,34,6,16,192,25,1,3,1,4,2
2022-09-22 09:09:04,2022-09-22 09:48:54,0,100,2389,1,2022-09-22 09:48:54,R_2dGChCcMHnD6vvp,anonymous,VI,0.8999999761581421,1,3,0,50000,0,100000,100000,1,5,2,1,50000,100000,100000,150000,1,2,1,2,100000,150000,100000,150000,1,2,4,2,3,2,2,20000,1,3,1,1,4,2,30,6,16,192,25,1,2,3,1,4
2022-09-22 13:39:09,2022-09-22 13:48:56,0,100,586,1,2022-09-22 13:48:56,R_1KoNDSpgbjUENhF,anonymous,VI,1,1,3,50000,70000,100000,120000,40000,3,5,1,1,50000,70000,10000,120000,3,2,3,2,100000,120000,150000,170000,1,3,5,1,3,2,3,20000,1,1,3,4,5,2,24,6,16,192,25,1,4,3,1,2
2022-09-22 14:02:37,2022-09-22 14:11:34,0,100,537,1,2022-09-22 14:11:35,R_1N3XRBOtNaY1om9,anonymous,VI,0.8999999761581421,1,3,0,50000,0,50000,100000,1,5,5,1,0,50000,0,100000,1,2,2,1,0,100000,0,100000,2,5,3,5,2,1,2,40000,1,3,2,3,3,2,26,6,17,192,25,1,1,4,3,2
2022-09-22 14:37:47,2022-09-22 15:27:16,0,100,2969,1,2022-09-22 15:27:17,R_a4THzcpYmAlaK7n,anonymous,VI,0.8999999761581421,1,1,50000,100000,100000,200000,200000,1,2,2,1,50000,100000,100000,200000,1,1,2,2,100000,200000,100000,200000,2,5,5,1,2,1,1,30000,1,3,3,3,4,2,26,6,17,192,25,1,1,2,3,4
2022-09-16 00:35:36,2022-09-16 00:36:42,0,14,65,0,2022-09-23 00:36:42,R_2cdpMww5PLANUbG,anonymous,VI,0.699999988079071,1,,,,,,,,,,,,,,,,,,,,,,,,,,,2,2,,,,,,,,,,,,,,,4,3,2,1
2022-09-23 04:43:43,2022-09-23 05:22:01,0,100,2297,1,2022-09-23 05:22:01,R_2WDr0uM3S5NImx3,anonymous,VI,1,1,3,50000,50000,100000,100000,150000,5,1,5,1,50000,50000,100000,100000,3,2,1,2,50000,50000,100000,100000,1,5,1,1,3,2,1,30000,4,2,3,4,5,2,30,1,12,192,25,1,4,2,3,1
2022-09-16 11:20:50,2022-09-16 11:21:08,0,8,17,0,2022-09-23 11:21:10,R_1ogN4KTRrVUnqL9,anonymous,VI,1,1,,,,,,,,,,,,,,,,,,,,,,,,,,,,,,,,,,,,,,,,,,,3,1,4,2
2022-09-16 14:03:47,2022-09-16 14:06:04,0,17,137,0,2022-09-23 14:06:05,R_e4FWBzS7NLgowwx,anonymous,VI,0.8999999761581421,1,,,,,,,,,,,,,,,,,,,,,,,,,,,3,1,1,,,,,,,,,,,,,,2,3,4,1
2022-09-16 14:10:07,2022-09-16 14:10:45,8,3,37,0,2022-09-23 14:10:48,R_Q5FkKuPrwH2gXV7,anonymous,VI,0.699999988079071,1,,,,,,,,,,,,,,,,,,,,,,,,,,,,,,,,,,,,,,,,,,,,,,
2022-09-16 14:23:17,2022-09-16 14:24:09,0,8,51,0,2022-09-23 14:24:10,R_1doFd6YrFujonxY,anonymous,VI,1,1,,,,,,,,,,,,,,,,,,,,,,,,,,,,,,,,,,,,,,,,,,,2,3,4,1
2022-09-16 14:28:09,2022-09-16 14:33:12,0,50,302,0,2022-09-23 14:33:18,R_3KT3nOGc5yAK8Er,anonymous,VI,0.4000000059604645,1,3,,,,,,,,,,0,50000,50000,100000,3,1,2,2,50000,50000,50000,100000,2,3,5,3,3,1,2,50000,,,,,,,,,,,,,4,2,3,1
2022-09-16 14:49:41,2022-09-16 14:50:20,0,11,38,0,2022-09-23 14:50:25,R_22Gtip9gbEq4hzw,anonymous,VI,1,1,,,,,,,,,,,,,,,,,,2,,,,,,,,,,,,,,,,,,,,,,,,,3,2,1,4
2022-09-16 15:22:43,2022-09-16 15:23:45,0,11,62,0,2022-09-23 15:23:45,R_10PJm10xDDKyHCD,anonymous,VI,1,1,1,,,,,,,,,,,,,,,,,,,,,,,,,,,,,,,,,,,,,,,,,,1,4,2,3
2022-09-16 15:39:00,2022-09-16 15:40:07,0,3,67,0,2022-09-23 15:40:11,R_125QR1whydz40Xq,anonymous,VI,1,1,,,,,,,,,,,,,,,,,,,,,,,,,,,,,,,,,,,,,,,,,,,,,,
2022-09-16 15:41:12,2022-09-16 15:47:14,0,33,361,0,2022-09-23 15:47:19,R_3EQe82b68uZTZbo,anonymous,VI,1,1,,,,,,,,,,,,,,,,,,2,100.000,150.000,100.000,150.000,2,3,1,1,2,1,1,50.000,,,,,,,,,,,,,4,3,1,2
2022-09-16 15:40:48,2022-09-16 15:47:34,0,42,406,0,2022-09-23 15:47:42,R_2cvbOvZgEhQ8STS,anonymous,VI,1,1,,,,,,,,,,,50000,50000,100000,100000,1,2,2,2,50000,50000,100000,100000,2,1,5,1,2,2,,,,,,,,,,,,,,,4,1,2,3
2022-09-16 15:47:36,2022-09-16 15:47:52,0,3,15,0,2022-09-23 15:47:57,R_YRBpokx4rY5Dp7j,anonymous,VI,1,1,,,,,,,,,,,,,,,,,,,,,,,,,,,,,,,,,,,,,,,,,,,,,,
2022-09-16 15:48:34,2022-09-16 15:50:05,8,11,90,0,2022-09-23 15:50:08,R_1ITAmPvkuVoVJhj,anonymous,VI,0.8999999761581421,1,1,,,,,,,,,,,,,,,,,,,,,,,,,,,,,,,,,,,,,,,,,,1,2,3,4
2022-09-16 16:00:57,2022-09-16 16:08:30,0,28,453,0,2022-09-23 16:08:37,R_r1QxTbvZmLeTQyJ,anonymous,VI,0.8999999761581421,1,3,0,50000,0,100000,100000,1,5,2,1,,,,,,,,1,,,,,,,,,,,,,,,,,,,,,,,,,1,4,2,3
2022-09-16 15:58:07,2022-09-16 16:08:54,0,61,647,0,2022-09-23 16:08:59,R_3dTlfZe1XBcyCDM,anonymous,VI,1,1,2,0,50000,0,150000,100000,3,3,2,2,0,50000,70000,150000,1,1,1,1,50000,100000,100000,200000,1,4,2,3,2,2,3,,,,,,,,,,,,,,1,3,2,4
2022-09-16 16:32:02,2022-09-16 16:33:26,0,11,84,0,2022-09-23 16:33:35,R_aWeET3NnHdspHC9,anonymous,VI,1,1,,,,,,,,,,,,,,,,,,2,,,,,,,,,,,,,,,,,,,,,,,,,2,4,1,3
2022-09-16 16:35:30,2022-09-16 16:36:48,0,11,78,0,2022-09-23 16:36:51,R_cIJNh9ow0YvfCwN,anonymous,VI,1,1,,,,,,,,,,,,,,,,,,2,,,,,,,,,,,,,,,,,,,,,,,,,3,2,1,4
2022-09-16 16:27:37,2022-09-16 16:37:29,0,67,591,0,2022-09-23 16:37:32,R_3R8viE0M6qqZRkn,anonymous,VI,0.8999999761581421,1,1,50000,50000,100000,100000,20000,1,1,2,1,50000,50000,100000,100000,1,2,2,2,50000,50000,100000,100000,1,2,3,2,1,2,2,15000,,,,,,,,,,,,,3,2,4,1
2022-09-16 16:37:55,2022-09-16 16:38:42,0,8,46,0,2022-09-23 16:38:48,R_1Ne7QYBOeVjTVDP,anonymous,VI,0.699999988079071,1,,,,,,,,,,,,,,,,,,,,,,,,,,,,,,,,,,,,,,,,,,,4,1,2,3
2022-09-16 16:57:37,2022-09-16 16:58:02,8,3,24,0,2022-09-23 16:58:09,R_vcR3MO039M0OcO5,anonymous,VI,0.8999999761581421,1,,,,,,,,,,,,,,,,,,,,,,,,,,,,,,,,,,,,,,,,,,,,,,
2022-09-16 17:07:30,2022-09-16 17:13:08,0,33,338,0,2022-09-23 17:13:12,R_3nMgFJPhJaf35sJ,anonymous,VI,0.8999999761581421,1,1,0,50000,0,100000,100000,,,,,0,50000,0,100000,1,1,2,,,,,,,,,,,,,,,,,,,,,,,,,,2,1,4,3
2022-09-16 17:07:30,2022-09-16 17:13:11,0,42,340,0,2022-09-23 17:13:16,R_22SnqoiFqik97dA,anonymous,VI,1,1,1,50000,150000,100000,300000,300000,1,2,2,1,50000,200000,100000,400000,1,1,1,1,,,,,,,,,,,,,,,,,,,,,,,,,1,2,3,4
2022-09-16 17:25:39,2022-09-16 17:26:24,0,8,45,0,2022-09-23 17:26:25,R_1Hc1TlZM4jedsJA,anonymous,VI,1,1,,,,,,,,,,,,,,,,,,,,,,,,,,,,,,,,,,,,,,,,,,,4,2,1,3
2022-09-16 17:23:31,2022-09-16 17:27:15,0,19,223,0,2022-09-23 17:27:15,R_2CK4EHLzReNd3PO,anonymous,VI,0.8999999761581421,1,,,,,,,,,,,,,,,,,,2,100000,100000,100000,100000,1,,,,,,,,,,,,,,,,,,,,3,2,1,4
2022-09-16 17:39:02,2022-09-16 17:39:15,0,3,12,0,2022-09-23 17:39:16,R_3Oibylvn05WYpDR,anonymous,VI,0.8999999761581421,1,,,,,,,,,,,,,,,,,,,,,,,,,,,,,,,,,,,,,,,,,,,,,,
2022-09-16 17:36:21,2022-09-16 17:49:22,0,61,780,0,2022-09-23 17:49:27,R_3NIDFy9V3PKAxsq,anonymous,VI,1,1,1,50000,100000,100000,200000,100000,2,4,1,2,50000,100000,100000,200000,1,1,,2,100000,100000,100000,200000,2,2,2,1,2,2,1,50000,,,,,,,,,,,,,1,4,3,2
2022-09-16 17:57:44,2022-09-16 18:04:28,0,50,404,0,2022-09-23 18:04:31,R_3NIlULuxFWHszHa,anonymous,VI,1,1,1,50000,100000,100000,2000000,100000,1,5,1,1,,,,,,,,2,50000,100000,100000,200000,1,1,1,1,2,1,1,10000,,,,,,,,,,,,,1,4,2,3
2022-09-16 17:02:14,2022-09-16 18:18:02,0,42,4548,0,2022-09-23 18:18:03,R_2Qmjv35oKExTl2s,anonymous,VI,0.8999999761581421,1,1,0,50000,0,100000,,,,,,,,,,,,,2,0,100000,0,100000,1,1,1,2,2,1,2,50000,,,,,,,,,,,,,3,4,2,1
2022-09-16 21:48:37,2022-09-16 21:50:10,0,6,92,0,2022-09-23 21:50:14,R_2CwdjrpL3de5VlU,anonymous,VI,0.8999999761581421,1,,,,,,,,,,,,,,,,,,,,,,,,,,,,,,,,,,,,,,,,,,,,,,
2022-09-17 00:16:25,2022-09-17 00:20:25,0,11,240,0,2022-09-24 00:20:25,R_3GdLxf4Uf3Zm4xS,anonymous,VI,0.4000000059604645,1,2,,,,,,,,,,,,,,,,,,,,,,,,,,,,,,,,,,,,,,,,,,1,2,3,4
2022-09-16 20:55:10,2022-09-17 00:37:04,0,8,13314,0,2022-09-24 00:37:05,R_XtUo5uPq0QPvMgF,anonymous,VI,1,1,,,,,,,,,,,,,,,,,,,,,,,,,,,,,,,,,,,,,,,,,,,1,4,2,3
2022-09-17 00:50:28,2022-09-17 00:52:05,0,8,96,0,2022-09-24 00:52:11,R_cViBn5Gw42pyOD7,anonymous,VI,0.8999999761581421,1,,,,,,,,,,,,,,,,,,,,,,,,,,,,,,,,,,,,,,,,,,,4,1,2,3
2022-09-17 01:31:13,2022-09-17 01:33:32,0,14,138,0,2022-09-24 01:33:37,R_esSgn7ZAS2Pcddn,anonymous,VI,0.699999988079071,1,,,,,,,,,,,,,,,,,,,,,,,,,,,2,2,,,,,,,,,,,,,,,2,4,3,1
2022-09-17 01:33:57,2022-09-17 01:34:18,0,3,20,0,2022-09-24 01:34:19,R_1iqw3pVzjYCOPmA,anonymous,VI,0.8999999761581421,1,,,,,,,,,,,,,,,,,,,,,,,,,,,,,,,,,,,,,,,,,,,,,,
2022-09-17 01:47:22,2022-09-17 01:50:46,0,11,203,0,2022-09-24 01:50:48,R_2ql1MB2eKqL4SaB,anonymous,VI,1,1,2,,,,,,,,,,,,,,,,,,,,,,,,,,,,,,,,,,,,,,,,,,1,4,2,3
2022-09-16 22:32:57,2022-09-17 02:24:38,0,42,13901,0,2022-09-24 02:24:45,R_2tMbowvGJ44gtug,anonymous,VI,0.8999999761581421,1,,,,,,,,,,,50.000,50.000,100.000,100.000,2,2,2,1,50000,50000,50000,50000,2,5,3,2,2,2,,,,,,,,,,,,,,,4,1,2,3
2022-09-17 04:13:14,2022-09-17 04:13:49,0,3,35,0,2022-09-24 04:13:53,R_yW9gHoo7pexJui5,anonymous,VI,0.8999999761581421,1,,,,,,,,,,,,,,,,,,,,,,,,,,,,,,,,,,,,,,,,,,,,,,
2022-09-17 04:21:44,2022-09-17 04:25:55,0,31,250,0,2022-09-24 04:26:01,R_10BEYZAzFM3D8os,anonymous,VI,0.8999999761581421,1,,,,,,,,,,,,,,,,,,2,100.000,120.000,100.000,150.000,2,,,,2,2,3,15.000,,,,,,,,,,,,,4,3,2,1
2022-09-24 05:45:19,2022-09-24 05:55:35,0,100,615,1,2022-09-24 05:55:37,R_3EPXQMlw6gWijYS,anonymous,VI,0.8999999761581421,1,1,0,50000,0,100000,150000,2,2,1,2,0,50000,0,100000,1,2,2,2,0,100000,0,100000,2,4,4,1,2,2,2,20000,4,4,3,4,4,2,36,2,15,192,25,1,3,2,1,4
2022-09-17 05:56:25,2022-09-17 05:57:31,0,3,66,0,2022-09-24 05:57:37,R_1jvs4edmGoFqMi5,anonymous,VI,0.8999999761581421,1,,,,,,,,,,,,,,,,,,,,,,,,,,,,,,,,,,,,,,,,,,,,,,
2022-09-17 05:58:17,2022-09-17 06:12:43,0,53,866,0,2022-09-24 06:12:50,R_eL3n0Mx3iyKww5H,anonymous,VI,1,1,1,0,50.000,0,100.000,100.000,1,2,2,2,0,50.000,0,100.000,1,1,1,2,,,,,,,,,3,1,3,50000,,,,,,,,,,,,,2,3,4,1
2022-09-17 07:06:29,2022-09-17 07:08:31,0,17,121,0,2022-09-24 07:08:37,R_1l4NIkV2PCTogVm,anonymous,VI,1,1,2,0,50.000,0,100.000,,,,,,,,,,,,,,,,,,,,,,,,,,,,,,,,,,,,,,1,2,4,3
2022-09-17 07:01:15,2022-09-17 07:09:42,0,19,507,0,2022-09-24 07:09:49,R_ZreoytmiTXkBY8F,anonymous,VI,1,1,1,60000,90000,100000,1600009,100000,,,,,,,,,,,,,,,,,,,,,,,,,,,,,,,,,,,,,1,2,4,3
2022-09-17 08:00:48,2022-09-17 08:01:37,0,8,48,0,2022-09-24 08:01:41,R_3D0GXBQZT7mH7Ms,anonymous,VI,1,1,,,,,,,,,,,,,,,,,,,,,,,,,,,,,,,,,,,,,,,,,,,2,1,4,3
2022-09-17 08:04:58,2022-09-17 08:08:23,0,19,204,0,2022-09-24 08:08:24,R_2aW9BWfxQcjovQe,anonymous,VI,1,1,2,0,50000,0,100000,50000,,,,,,,,,,,,,,,,,,,,,,,,,,,,,,,,,,,,,1,2,4,3
2022-09-17 08:29:06,2022-09-17 08:29:27,0,8,20,0,2022-09-24 08:29:29,R_2eP9H0npgbHU8rX,anonymous,VI,1,1,,,,,,,,,,,,,,,,,,,,,,,,,,,,,,,,,,,,,,,,,,,4,3,1,2
2022-09-17 08:37:32,2022-09-17 08:37:50,0,3,17,0,2022-09-24 08:37:53,R_1PZ3P0ck9ZrXuJf,anonymous,VI,1,1,,,,,,,,,,,,,,,,,,,,,,,,,,,,,,,,,,,,,,,,,,,,,,
2022-09-24 08:38:17,2022-09-24 08:58:50,0,100,1233,1,2022-09-24 08:58:50,R_27puRTuQEJlOfYG,anonymous,VI,0.8999999761581421,1,3,0,50,0,100,100.000,1,4,2,1,50.000,50.000,100.000,100.000,1,2,3,3,50.000,100.000,50.000,100.000,1,3,3,2,2,2,3,20.000,4,3,3,1,5,2,21,2,16,192,25,1,1,4,3,2
2022-09-17 09:24:26,2022-09-17 09:25:23,0,8,57,0,2022-09-24 09:25:24,R_DHJEJAkxQBYW3HX,anonymous,VI,1,1,,,,,,,,,,,,,,,,,,,,,,,,,,,,,,,,,,,,,,,,,,,1,4,2,3
2022-09-17 09:29:40,2022-09-17 09:33:44,0,11,244,0,2022-09-24 09:33:45,R_1FCCxM5p7dZ4wCq,anonymous,VI,0.8999999761581421,1,1,,,,,,,,,,,,,,,,,,,,,,,,,,,,,,,,,,,,,,,,,,1,4,3,2
2022-09-17 09:35:06,2022-09-17 10:19:41,0,67,2675,0,2022-09-24 10:19:50,R_29hKgZFHoPPuw6l,anonymous,VI,1,1,1,0,50000,50000,100000,80000,1,5,1,1,0,30000,50000,100000,1,2,2,2,50000,50000,50000,100000,2,1,5,2,2,2,2,15000,,,,,,,,,,,,,4,2,3,1
2022-09-17 10:23:29,2022-09-17 10:28:43,0,36,313,0,2022-09-24 10:28:45,R_vojCibbLFaVFzG1,anonymous,VI,0.8999999761581421,1,,,,,,,,,,,50000,50000,100000,100000,3,1,2,3,,,,,,,,,2,1,2,50000,,,,,,,,,,,,,4,1,3,2
2022-09-17 10:41:03,2022-09-17 10:49:02,0,50,479,0,2022-09-24 10:49:08,R_1ozkUdR4BoxRWZr,anonymous,VI,1,1,3,,,,,,,,,,50000,100000,100000,100000,1,1,2,1,50000,100000,100000,100000,1,3,3,3,2,1,2,50000,,,,,,,,,,,,,4,2,1,3
2022-09-24 10:54:23,2022-09-24 11:20:11,0,100,1548,1,2022-09-24 11:20:12,R_1g16sPtito11KaT,anonymous,VI,0.8999999761581421,1,2,50000,50000,100000,150000,100000,2,2,1,2,50000,60000,100000,150000,1,2,2,1,100000,200000,100000,150000,2,3,2,3,2,2,2,50000,1,4,3,4,3,2,27,1,16,192,25,1,4,1,3,2
2022-09-17 10:18:47,2022-09-17 11:39:26,0,33,4838,0,2022-09-24 11:39:31,R_bxXH9kGGFvcBfyh,anonymous,VI,0.8999999761581421,1,3,50.000,50.000,100.000,100.000,30.000,1,5,3,2,,,,,,,,3,50.000,50.000,100.000,100.000,,,,,,,,,,,,,,,,,,,,,1,3,2,4
2022-09-17 12:45:27,2022-09-17 12:47:44,0,19,136,0,2022-09-24 12:47:49,R_3KIvdg97AfM7cld,anonymous,VI,0.8999999761581421,1,,,,,,,,,,,0,50000,0,100000,1,2,,,,,,,,,,,,,,,,,,,,,,,,,,,3,1,2,4
2022-09-17 13:03:47,2022-09-17 13:05:28,0,8,100,0,2022-09-24 13:05:31,R_Zzbt4dJgr50INgt,anonymous,VI,1,1,,,,,,,,,,,,,,,,,,,,,,,,,,,,,,,,,,,,,,,,,,,3,1,4,2
2022-09-17 14:21:20,2022-09-17 14:29:31,0,36,490,0,2022-09-24 14:29:37,R_3jU8GlusDya5GrC,anonymous,VI,0.8999999761581421,1,1,69.000,96.000,169.000,196.0000,5000,1,1,2,1,,,,,,,,,,,,,,,,,1,2,2,69.000,,,,,,,,,,,,,1,3,4,2
2022-09-17 15:09:07,2022-09-17 15:11:28,0,11,141,0,2022-09-24 15:11:29,R_3GqxeHQcukaQe2N,anonymous,VI,0.8999999761581421,1,2,,,,,,,,,,,,,,,,,,,,,,,,,,,,,,,,,,,,,,,,,,1,3,4,2
2022-09-17 15:41:40,2022-09-17 15:42:35,0,11,54,0,2022-09-24 15:42:39,R_1MPU7ksAfTeBIwm,anonymous,VI,0.8999999761581421,1,,,,,,,,,,,,,,,,,,1,,,,,,,,,,,,,,,,,,,,,,,,,4,3,1,2
2022-09-17 15:52:58,2022-09-17 15:56:31,0,28,213,0,2022-09-24 15:56:32,R_2atRbVdcaocwol5,anonymous,VI,0.4000000059604645,1,,,,,,,,,,,25000,40000,60000,100000,1,1,1,,,,,,,,,,2,1,,,,,,,,,,,,,,,4,1,3,2
2022-09-17 16:01:18,2022-09-17 16:02:09,0,11,51,0,2022-09-24 16:02:12,R_2TBPoCmpRCdSxDW,anonymous,VI,1,1,1,,,,,,,,,,,,,,,,,,,,,,,,,,,,,,,,,,,,,,,,,,1,3,4,2
2022-09-17 15:59:22,2022-09-17 16:09:08,8,3,585,0,2022-09-24 16:09:08,R_25ZKkvNb1f9C6yn,anonymous,VI,1,1,,,,,,,,,,,,,,,,,,,,,,,,,,,,,,,,,,,,,,,,,,,,,,
2022-09-17 16:32:35,2022-09-17 16:36:53,0,25,257,0,2022-09-24 16:36:57,R_2aFwwnrlyaVWkak,anonymous,VI,0.8999999761581421,1,,,,,,,,,,,50.000,100.000,100.000,200.000,,,,,,,,,,,,,2,1,2,20.000,,,,,,,,,,,,,3,2,4,1
2022-09-17 17:08:45,2022-09-17 17:24:31,0,56,946,0,2022-09-24 17:24:34,R_3eqLqzrtbnBQXMU,anonymous,VI,0.8999999761581421,1,1,50000,100000,100000,150000,,,,,,50000,100000,100000,150000,1,1,1,2,500000,100000,100000,150000,1,5,1,5,1,1,1,10.000,,,,,,,,,,,,,4,3,2,1
2022-09-17 17:30:37,2022-09-17 17:32:00,0,11,82,0,2022-09-24 17:32:02,R_9oveB1FDXMKUagp,anonymous,VI,1,1,,,,,,,,,,,,,,,,,,1,,,,,,,,,,,,,,,,,,,,,,,,,2,3,1,4
2022-09-17 17:48:38,2022-09-17 17:55:47,0,19,428,0,2022-09-24 17:55:48,R_2ydRFStWBYrELYL,anonymous,VI,1,1,,,,,,,,,,,50000,50000,100000,100000,1,1,,,,,,,,,,,,,,,,,,,,,,,,,,,3,1,2,4
2022-09-17 17:57:35,2022-09-17 17:57:50,0,3,14,0,2022-09-24 17:57:50,R_2dQ672QREnip36a,anonymous,VI,0.8999999761581421,1,,,,,,,,,,,,,,,,,,,,,,,,,,,,,,,,,,,,,,,,,,,,,,
2022-09-17 19:33:57,2022-09-17 19:40:53,0,61,416,0,2022-09-24 19:40:59,R_1hHfOm5rEi1h9hc,anonymous,VI,0.8999999761581421,1,3,50000,50000,100000,100000,10000,2,5,5,,50000,50000,100000,100000,1,1,2,1,100000,100000,100000,100000,2,5,5,5,1,1,2,50000,,,,,,,,,,,,,4,1,2,3
2022-09-17 20:59:06,2022-09-17 21:00:17,0,81,71,0,2022-09-24 21:00:26,R_3Ib4nGxUtCseih1,anonymous,VI,1,1,1,4,4,4,4,4,5,5,5,2,4,4,4,4,1,2,1,1,24,4,4,4,2,4,4,4,1,2,1,4,1,4,3,1,4,,,,,,,,2,4,1,3
2022-09-18 03:27:18,2022-09-18 03:34:51,0,44,453,0,2022-09-25 03:34:53,R_2SIYnELIpZjV0DN,anonymous,VI,0.8999999761581421,1,3,0,50000,0,100000,70000,,,,,25000,50000,50000,100000,2,1,3,,,,,,,,,,3,1,3,50000,,,,,,,,,,,,,3,1,4,2
2022-09-17 08:10:51,2022-09-18 04:17:00,0,58,72368,0,2022-09-25 04:17:02,R_ZDyamWeGhPHHPix,anonymous,VI,0.8999999761581421,1,3,50000,50000,100000,100000,50000,1,5,5,2,50000,50000,100000,100000,1,1,3,3,50000,50000,100000,100000,,,,,2,1,3,20000,,,,,,,,,,,,,3,2,4,1
2022-09-18 06:09:18,2022-09-18 06:13:14,0,25,236,0,2022-09-25 06:13:15,R_1j9UWkeHQ461KoS,anonymous,VI,1,1,,,,,,,,,,,50000,50000,100000,150000,1,2,3,2,,,,,,,,,,,,,,,,,,,,,,,,,3,1,2,4
2022-09-25 05:10:30,2022-09-25 06:19:00,0,100,4110,1,2022-09-25 06:19:00,R_1otzKbvXAnEYAVl,anonymous,VI,1,1,1,0,50000,0,50.000,100000,1,3,3,1,100.000,50.000,150.000,100.000,1,2,3,1,50000,50000,100000,100000,1,1,3,3,2,2,3,40000,1,3,3,1,4,2,34,6,20,192,25,1,3,1,4,2
2022-09-18 09:15:53,2022-09-18 09:26:12,0,64,619,0,2022-09-25 09:26:12,R_bvo2AtqAT5zT0sx,anonymous,VI,1,1,1,0,50000,0,100000,50000,3,3,3,1,50000,50000,100000,100000,3,2,3,2,100000,100000,100000,100000,1,3,3,3,3,2,3,40000,,,,,,,,,,,,,3,4,1,2
2022-09-18 11:31:57,2022-09-18 11:40:53,0,67,535,0,2022-09-25 11:40:58,R_20S7nun0bAdH4FT,anonymous,VI,1,1,3,50000,70000,100000,200000,100000,2,5,4,1,50000,70000,100000,150000,1,1,3,2,50000,150000,100000,200000,2,3,5,4,2,1,3,30000,,,,,,,,,,,,,4,1,3,2
2022-09-25 12:01:23,2022-09-25 12:08:07,0,100,403,1,2022-09-25 12:08:09,R_Bu1HE2PYbyCwPjX,anonymous,VI,0.8999999761581421,1,1,25000,50000,50000,100000,100000,1,2,1,1,25000,50000,50000,100000,2,2,3,2,50000,100000,100000,200000,2,4,3,3,2,2,1,30000,2,3,3,4,2,2,20,1,14,192,25,1,1,4,2,3
2022-09-25 11:56:51,2022-09-25 12:11:49,0,100,898,1,2022-09-25 12:11:50,R_21BLUhquebg9dB4,anonymous,VI,0.8999999761581421,1,1,500000,100000,100000,200000,150000,3,3,1,1,50000,100000,100000,200000,1,1,2,2,100.000,200000,100000,200000,1,1,5,1,2,1,1,50.000,1,3,3,1,4,1,20,1,15,192,25,1,4,3,2,1
2022-09-25 11:58:03,2022-09-25 12:21:31,0,100,1408,1,2022-09-25 12:21:32,R_1rAHzY1gP2PvFWq,anonymous,VI,0.8999999761581421,1,1,0,100000,0,200000,50000,5,5,1,1,50000,100000,10000,10000,1,2,1,2,100000,200000,100000,100000,2,1,5,5,2,2,1,50000,1,3,2,1,5,1,19,1,15,192,25,1,1,4,2,3
2022-09-25 12:21:40,2022-09-25 12:33:35,0,100,714,1,2022-09-25 12:33:35,R_3MGKTNmaYdY9u3S,anonymous,VI,1,1,2,25,30,45,50,50,5,4,3,1,25,30,45,50,1,1,3,2,25,30,45,50,1,5,4,3,1,1,1,20,3,4,1,1,5,2,20,1,15,192,25,1,2,3,4,1
2022-09-25 12:34:13,2022-09-25 12:39:54,0,100,340,1,2022-09-25 12:39:54,R_RIwat3aGyMSwWjv,anonymous,VI,1,1,1,25000,30000,45000,50000,30000,5,4,3,1,25000,30000,45000,50000,1,1,1,2,25000,30000,45000,50000,1,5,4,3,1,1,3,20000,3,4,1,1,5,2,20,1,15,192,25,1,1,2,3,4
2022-09-18 16:32:18,2022-09-18 16:42:08,0,67,589,0,2022-09-25 16:42:12,R_p0Psn0GkLMTCr0l,anonymous,VI,1,1,1,40000,50000,80000,80000,50000,3,4,5,1,50000,55000,110000,110000,2,2,3,2,100000,150000,100000,150000,1,3,3,5,1,2,3,50000,,,,,,,,,,,,,2,1,3,4
2022-09-18 17:40:42,2022-09-18 17:40:55,8,3,13,0,2022-09-25 17:40:57,R_bdWss4FIEpjEMRr,anonymous,VI,1,1,,,,,,,,,,,,,,,,,,,,,,,,,,,,,,,,,,,,,,,,,,,,,,
2022-09-26 02:20:15,2022-09-26 02:28:38,0,100,503,1,2022-09-26 02:28:38,R_Xp10K3C8fXspeAV,anonymous,VI,0.8999999761581421,1,3,0,20000,0,50000,100000,5,1,5,1,0,50000,0,100000,1,2,3,2,0,50000,0,100000,2,5,1,2,2,2,3,50000,1,2,2,1,5,2,20,6,15,192,25,1,1,4,3,2
2022-09-15 09:18:53,2022-09-19 05:18:10,0,8,331157,0,2022-09-26 05:18:14,R_50vyco5z2q1KXhn,anonymous,VI,1,1,,,,,,,,,,,,,,,,,,,,,,,,,,,,,,,,,,,,,,,,,,,1,2,3,4
2022-09-19 06:43:34,2022-09-19 06:44:09,0,3,34,0,2022-09-26 06:44:10,R_xuCOLXH7aoQtfNf,anonymous,VI,1,1,,,,,,,,,,,,,,,,,,,,,,,,,,,,,,,,,,,,,,,,,,,,,,
2022-09-16 13:41:56,2022-09-19 06:52:00,0,11,234603,0,2022-09-26 06:52:03,R_31yC2KZ0Fu8mGys,anonymous,VI,1,1,3,,,,,,,,,,,,,,,,,,,,,,,,,,,,,,,,,,,,,,,,,,1,4,3,2
2022-09-19 09:50:47,2022-09-19 09:52:27,0,6,99,0,2022-09-26 09:52:36,R_1LAoF7aHwW3M4Ck,anonymous,VI,1,1,,,,,,,,,,,,,,,,,,,,,,,,,,,,,,,,,,,,,,,,,,,,,,
2022-09-19 09:43:31,2022-09-19 10:18:03,0,19,2072,0,2022-09-26 10:18:06,R_3R8uMK5yJ36XUDq,anonymous,VI,0.8999999761581421,1,,,,,,,,,,,,,,,,,,2,50.000,50.000,100.000,100.000,2,,,,,,,,,,,,,,,,,,,,3,4,1,2
2022-09-19 14:17:03,2022-09-19 14:18:35,0,11,91,0,2022-09-26 14:18:39,R_3ffwIEwX04uuCeX,anonymous,VI,0.8999999761581421,1,,,,,,,,,,,,,,,,,,3,,,,,,,,,,,,,,,,,,,,,,,,,2,4,1,3
2022-09-19 15:32:02,2022-09-19 15:32:18,0,8,15,0,2022-09-26 15:32:20,R_9FfXyMCTh1SQGPv,anonymous,VI,0.8999999761581421,1,,,,,,,,,,,,,,,,,,,,,,,,,,,,,,,,,,,,,,,,,,,1,3,2,4
2022-09-19 15:55:11,2022-09-19 16:04:32,0,28,561,0,2022-09-26 16:04:36,R_1pGmVawFKP9uIMQ,anonymous,VI,0.4000000059604645,1,2,0,50000,0,100000,50000,5,1,5,1,,,,,,,,1,,,,,,,,,,,,,,,,,,,,,,,,,1,3,2,4
2022-09-19 16:55:49,2022-09-19 17:03:16,0,50,447,0,2022-09-26 17:03:19,R_vxlWZQWQBqZIyPL,anonymous,VI,0.8999999761581421,1,3,,,,,,,,,,0,50000,100000,150000,3,1,1,1,0,50000,100000,150000,1,1,5,5,3,1,1,50000,,,,,,,,,,,,,4,1,3,2
2022-09-19 17:14:21,2022-09-19 17:18:39,8,8,257,0,2022-09-26 17:18:39,R_Rw2kyGooyRQp4gV,anonymous,VI,1,1,,,,,,,,,,,,,,,,,,,,,,,,,,,,,,,,,,,,,,,,,,,4,1,2,3
2022-09-19 17:47:03,2022-09-19 17:47:24,0,3,21,0,2022-09-26 17:47:27,R_uw5e7ZQoHPelqet,anonymous,VI,0.8999999761581421,1,,,,,,,,,,,,,,,,,,,,,,,,,,,,,,,,,,,,,,,,,,,,,,
2022-09-19 18:16:54,2022-09-19 19:40:06,0,36,4991,0,2022-09-26 19:40:12,R_p3Ezde28Ww0NzNv,anonymous,VI,1,1,1,50,100,100,150,60000,5,1,2,1,,,,,,,,,,,,,,,,,1,1,3,30,,,,,,,,,,,,,1,3,4,2
2022-09-20 00:05:19,2022-09-20 00:05:57,0,8,37,0,2022-09-27 00:05:58,R_9tofTtyl1nPVK6d,anonymous,VI,0.8999999761581421,1,,,,,,,,,,,,,,,,,,,,,,,,,,,,,,,,,,,,,,,,,,,2,1,4,3
2022-09-20 01:27:10,2022-09-20 01:38:27,0,67,677,0,2022-09-27 01:38:35,R_28APdtgdqP9bYLK,anonymous,VI,1,1,1,0,0,0,0,200000,3,3,3,2,0,0,0,0,1,1,1,2,0,0,0,0,2,5,3,5,3,2,1,50000,,,,,,,,,,,,,1,4,2,3
2022-09-20 02:47:00,2022-09-20 02:53:04,0,22,363,0,2022-09-27 02:53:05,R_SNJJQyOAQ80bK0x,anonymous,VI,1,1,,,,,,,,,,,70.000,70.000,120.000,120.000,1,1,3,,,,,,,,,,,,,,,,,,,,,,,,,,2,1,3,4
2022-09-20 03:20:20,2022-09-20 03:28:36,0,44,495,0,2022-09-27 03:28:37,R_Ap1M8NSOaWC22Zz,anonymous,VI,0.8999999761581421,1,3,50000,50000,100000,100000,150000,,,,,40000,40000,90000,90000,1,1,3,,,,,,,,,,2,1,3,50000,,,,,,,,,,,,,3,1,4,2
2022-09-20 03:35:10,2022-09-20 03:39:34,0,8,264,0,2022-09-27 03:39:36,R_A4zZWtbFMwaA9P3,anonymous,VI,1,1,,,,,,,,,,,,,,,,,,,,,,,,,,,,,,,,,,,,,,,,,,,3,1,2,4
2022-09-20 04:11:24,2022-09-20 04:23:06,0,53,701,0,2022-09-27 04:23:08,R_2CNFhJ1uuLj2fZi,anonymous,VI,1,1,1,0,50000,0,100000,100000,5,1,5,2,0,50000,0,100000,2,2,2,1,,,,,,,,,2,2,2,100000,,,,,,,,,,,,,2,1,4,3
2022-09-20 04:26:24,2022-09-20 04:28:24,0,17,120,0,2022-09-27 04:28:25,R_3De9ylJpLrR4bqP,anonymous,VI,1,1,2,0,0,0,0,,,,,,,,,,,,,,,,,,,,,,,,,,,,,,,,,,,,,,1,3,2,4
2022-09-20 05:03:02,2022-09-20 05:03:31,0,8,28,0,2022-09-27 05:03:35,R_XLETYXhJ0UdLo5j,anonymous,VI,0.8999999761581421,1,,,,,,,,,,,,,,,,,,,,,,,,,,,,,,,,,,,,,,,,,,,3,4,2,1
2022-09-27 05:33:17,2022-09-27 05:40:14,0,100,416,1,2022-09-27 05:40:14,R_2SCCHU7dsawJ7sw,anonymous,VI,1,1,2,50.000,50.000,100.000,100.000,100.000,3,3,3,2,50.000,50.000,100.000,100.000,2,2,1,1,100.000,100.000,100.000,100.000,2,3,3,3,2,2,1,20.000,1,4,3,4,5,1,24,4,15,192,25,1,3,1,2,4
2022-09-27 06:06:52,2022-09-27 06:32:08,0,100,1515,1,2022-09-27 06:32:09,R_211hCwz0T2PTc8v,anonymous,VI,1,1,3,0,50000,0,100000,50000,2,4,1,2,50000,50000,100000,100000,1,2,3,2,100000,100000,100000,100000,2,3,2,1,2,2,3,20000,1,3,2,1,4,2,21,4,15,192,25,1,1,2,3,4
2022-09-27 06:34:46,2022-09-27 06:53:01,0,100,1094,1,2022-09-27 06:53:01,R_Div0Tqe0VXkdSwN,anonymous,VI,0.8999999761581421,1,1,0,50.000,0,100.000,100.000,2,4,3,1,50.000,50.000,100.000,100.000,1,2,1,2,100.000,100.000,100.000,100.000,1,2,4,2,1,2,1,15.000,1,3,3,4,5,1,20,5,12,192,25,1,3,4,1,2
2022-09-27 07:04:15,2022-09-27 07:17:29,0,100,794,1,2022-09-27 07:17:29,R_1IgFXTRzpUGyZwH,anonymous,VI,0.8999999761581421,1,3,30000,50000,70000,100000,20000,4,1,3,2,30000,50000,70000,100000,3,2,2,2,30000,50000,70000,100000,2,4,1,3,2,2,2,20000,1,1,2,1,5,2,20,3,15,192,25,1,4,2,3,1
2022-09-27 07:28:07,2022-09-27 07:39:48,0,100,700,1,2022-09-27 07:39:49,R_2aIz5nQRfaDVCaV,anonymous,VI,0.8999999761581421,1,3,0,50000,0,100000,100000,1,5,3,2,50000,50000,100000,100000,3,2,3,2,50000,90000,50000,100000,2,1,4,3,2,2,1,20000,1,3,3,4,3,2,20,3,14,192,25,1,2,1,4,3
2022-09-20 09:38:58,2022-09-20 09:40:03,0,8,65,0,2022-09-27 09:40:08,R_2alXTWBwZoLpEHE,anonymous,VI,1,1,,,,,,,,,,,,,,,,,,,,,,,,,,,,,,,,,,,,,,,,,,,1,4,2,3
2022-09-20 10:57:23,2022-09-20 10:58:22,0,11,58,0,2022-09-27 10:58:26,R_1LYiMwwl3YOLx9K,anonymous,VI,0.8999999761581421,1,,,,,,,,,,,,,,,,,,1,,,,,,,,,,,,,,,,,,,,,,,,,3,2,1,4
2022-09-20 12:09:29,2022-09-20 12:10:13,0,8,44,0,2022-09-27 12:10:16,R_3qx7IQrpt1dvipn,anonymous,VI,1,1,,,,,,,,,,,,,,,,,,,,,,,,,,,,,,,,,,,,,,,,,,,4,1,2,3
2022-09-20 12:24:46,2022-09-20 12:25:07,0,8,21,0,2022-09-27 12:25:09,R_wKLeLCdITlNNeYp,anonymous,VI,0.8999999761581421,1,,,,,,,,,,,,,,,,,,,,,,,,,,,,,,,,,,,,,,,,,,,2,1,3,4
2022-09-27 12:32:07,2022-09-27 12:49:21,0,100,1034,1,2022-09-27 12:49:22,R_22X1hQc9zvjKObW,anonymous,VI,1,1,1,100000,100000,150000,150000,80000,1,5,3,1,100000,100000,150000,150000,1,1,2,1,200000,200000,300000,300000,1,1,5,3,1,2,2,20000,1,4,2,1,5,1,20,6,15,192,25,1,1,2,3,4
2022-09-20 12:04:19,2022-09-20 12:57:22,0,8,3183,0,2022-09-27 12:57:30,R_2YWY0IbKJ9DOXmN,anonymous,VI,1,1,,,,,,,,,,,,,,,,,,,,,,,,,,,,,,,,,,,,,,,,,,,4,3,1,2
2022-09-20 13:04:41,2022-09-20 13:05:02,0,8,21,0,2022-09-27 13:05:05,R_1eCqSd404B1H9jD,anonymous,VI,0.8999999761581421,1,,,,,,,,,,,,,,,,,,,,,,,,,,,,,,,,,,,,,,,,,,,2,4,3,1
2022-09-27 12:38:15,2022-09-27 13:06:44,0,100,1708,1,2022-09-27 13:06:45,R_2VQ49ICU1bMAIax,anonymous,VI,0.8999999761581421,1,1,50000,70000,100000,150000,100000,2,5,5,1,50000,80000,100000,150000,2,1,2,1,100000,150000,100000,150000,1,4,4,4,2,1,2,50000,2,3,2,4,5,2,20,1,12,192,25,1,1,3,2,4
2022-09-20 13:41:15,2022-09-20 13:42:42,0,11,86,0,2022-09-27 13:42:49,R_2SI7KZuYbHGmSjz,anonymous,VI,1,1,,,,,,,,,,,,,,,,,,2,,,,,,,,,,,,,,,,,,,,,,,,,4,3,1,2
2022-09-20 14:03:29,2022-09-20 14:03:54,0,8,25,0,2022-09-27 14:04:00,R_PToqtxiR6I9QHmh,anonymous,VI,0.8999999761581421,1,,,,,,,,,,,,,,,,,,,,,,,,,,,,,,,,,,,,,,,,,,,4,1,3,2
2022-09-20 14:18:06,2022-09-20 14:19:21,0,3,74,0,2022-09-27 14:19:27,R_Z4CopIcD34KQWHL,anonymous,VI,0.8999999761581421,1,,,,,,,,,,,,,,,,,,,,,,,,,,,,,,,,,,,,,,,,,,,,,,
2022-09-20 14:18:15,2022-09-20 14:20:27,0,19,132,0,2022-09-27 14:20:30,R_1CJZOKwjHJCKkHL,anonymous,VI,1,1,,,,,,,,,,,0,0,0,0,2,1,,,,,,,,,,,,,,,,,,,,,,,,,,,3,1,2,4
2022-09-20 14:19:54,2022-09-20 14:21:02,8,3,67,0,2022-09-27 14:21:02,R_Tw7o8ZOGThlt2ed,anonymous,VI,1,1,,,,,,,,,,,,,,,,,,,,,,,,,,,,,,,,,,,,,,,,,,,,,,
2022-09-27 14:10:22,2022-09-27 14:28:58,0,100,1116,1,2022-09-27 14:28:58,R_1EZgZlN3pqTl1Gi,anonymous,VI,0.8999999761581421,1,3,50000,500000,100000,100000,50000,1,5,5,2,50000,50000,100000,100000,3,2,3,2,50000,100000,100000,100000,2,5,1,5,1,2,3,30000,1,3,2,1,3,2,19,7,14,192,25,1,3,2,4,1
2022-09-20 14:28:07,2022-09-20 14:31:45,0,22,217,0,2022-09-27 14:31:49,R_zV9ON0TXwTQd105,anonymous,VI,1,1,,,,,,,,,,,,,,,,,,2,100000,100000,100000,100000,2,5,4,3,,,,,,,,,,,,,,,,,3,2,1,4
2022-09-20 14:36:13,2022-09-20 14:36:58,0,11,44,0,2022-09-27 14:37:00,R_3pgSvnlG8JwEdOi,anonymous,VI,1,1,,,,,,,,,,,,,,,,,,1,,,,,,,,,,,,,,,,,,,,,,,,,2,4,1,3
2022-09-20 14:40:23,2022-09-20 14:40:59,0,8,36,0,2022-09-27 14:41:03,R_pDZuubXFStCQtRn,anonymous,VI,1,1,,,,,,,,,,,,,,,,,,,,,,,,,,,,,,,,,,,,,,,,,,,2,1,3,4
2022-09-17 15:50:14,2022-09-20 14:53:07,0,81,255772,0,2022-09-27 14:53:12,R_2E9IlU4L4vNVgr1,anonymous,VI,0.8999999761581421,1,1,50.000,50.000,100.000,100.000,60.000,1,1,5,2,50.000,50.000,100.000,100.000,1,2,1,2,100.000,100.000,100.000,100.000,2,1,1,5,3,2,1,30.000,4,4,3,4,4,,,,,,,,3,4,2,1
2022-09-20 15:10:03,2022-09-20 15:19:50,8,3,587,0,2022-09-27 15:19:52,R_z85SrEUJ49PAl33,anonymous,VI,0.699999988079071,1,,,,,,,,,,,,,,,,,,,,,,,,,,,,,,,,,,,,,,,,,,,,,,
2022-09-20 15:12:31,2022-09-20 15:24:48,0,33,736,0,2022-09-27 15:24:49,R_3J2voeWrew7YHir,anonymous,VI,0.8999999761581421,1,2,59900,100000,50000,100000,30000,5,5,5,2,50000,50000,50000,50000,2,,,,,,,,,,,,,,,,,,,,,,,,,,,,1,2,4,3
2022-09-20 15:36:08,2022-09-20 15:36:37,0,8,28,0,2022-09-27 15:36:45,R_2c0cnPSszDznJkh,anonymous,VI,0.8999999761581421,1,,,,,,,,,,,,,,,,,,,,,,,,,,,,,,,,,,,,,,,,,,,3,2,1,4
2022-09-27 15:42:42,2022-09-27 15:57:51,0,100,908,1,2022-09-27 15:57:51,R_3frZXnOiuEI7Ryv,anonymous,VI,1,1,1,50,50,100,100,50,4,4,3,1,50,50,100,100,1,1,1,1,100,100,100,100,1,3,3,2,2,2,1,20,4,3,2,3,4,1,20,7,14,192,25,1,1,4,3,2
2022-09-20 16:20:03,2022-09-20 16:23:01,0,17,178,0,2022-09-27 16:23:02,R_1mQrnKSzu2vep5Q,anonymous,VI,0.8999999761581421,1,1,50000,70000,100000,150000,,,,,,,,,,,,,,,,,,,,,,,,,,,,,,,,,,,,,,1,3,2,4
2022-09-20 15:58:40,2022-09-20 16:34:37,0,58,2156,0,2022-09-27 16:34:46,R_z7LEJwrJ1Oxhaq5,anonymous,VI,1,1,3,0,0,0,0,50.000,4,4,4,2,50.000,50.000,100.000,100.000,2,1,2,2,50000,50000,100000,100000,2,4,5,4,3,2,,,,,,,,,,,,,,,3,2,1,4
2022-09-20 17:12:53,2022-09-20 17:13:51,0,11,57,0,2022-09-27 17:13:54,R_1FQVAtGyDlxuTAW,anonymous,VI,1,1,,,,,,,,,,,,,,,,,,2,,,,,,,,,,,,,,,,,,,,,,,,,3,2,1,4
2022-09-27 16:55:51,2022-09-27 17:14:59,0,100,1147,1,2022-09-27 17:14:59,R_7NWUunyZm6CDSy5,anonymous,VI,0.8999999761581421,1,2,60000,100000,100000,150000,100000,2,1,1,1,50000,100000,100000,150000,1,2,1,2,100000,150000,100000,150000,2,2,1,1,2,1,1,20000,1,3,2,2,3,1,19,7,14,192,25,1,2,3,4,1
2022-09-27 17:26:10,2022-09-27 17:55:41,0,100,1770,1,2022-09-27 17:55:41,R_1eykazfUUEVblph,anonymous,VI,1,1,3,0,0,70000,100000,28000,5,3,2,2,50000,50000,100000,100000,1,1,1,1,30000,50000,70000,70000,1,1,5,5,3,2,3,12000,4,4,3,4,3,1,21,7,15.5,192,25,1,2,4,1,3
2022-09-27 20:39:39,2022-09-27 20:49:15,0,100,576,1,2022-09-27 20:49:15,R_1rOAbgjBGP22Uiy,anonymous,VI,0.8999999761581421,1,1,80000,150000,130000,250000,50000,1,5,1,2,80000,150000,130000,250000,1,2,3,1,80000,150000,130000,250000,2,1,5,1,1,2,3,50000,1,3,2,2,3,1,19,7,14,192,25,1,1,4,3,2
2022-09-28 02:05:49,2022-09-28 02:20:54,0,100,905,1,2022-09-28 02:20:56,R_3n2ijOv7ehTNuEK,anonymous,VI,1,1,1,50000,50000,50000,10000,100000,1,3,3,1,50000,100000,100000,100000,1,1,1,2,100000,150000,100000,100000,2,1,4,5,1,1,1,50000,1,3,2,4,4,2,20,7,16,192,25,1,3,2,1,4
2022-09-28 03:17:49,2022-09-28 03:40:00,0,100,1330,1,2022-09-28 03:40:00,R_3fK08zQICygSpTz,anonymous,VI,0.8999999761581421,1,1,50000,50000,100000,100000,20000,1,5,1,1,50000,50000,100000,100000,2,2,2,2,50000,100000,100000,100000,1,1,1,5,2,2,3,10000,1,3,2,1,3,1,19,1,14,192,25,1,3,4,1,2
2022-09-21 04:29:11,2022-09-21 04:29:44,0,8,32,0,2022-09-28 04:29:46,R_a2vMoGDlPwi9Jbb,anonymous,VI,1,1,,,,,,,,,,,,,,,,,,,,,,,,,,,,,,,,,,,,,,,,,,,2,1,4,3
2022-09-28 05:31:17,2022-09-28 05:43:52,0,100,755,1,2022-09-28 05:43:52,R_11anVrMnh9sEMh8,anonymous,VI,1,1,1,0,55000,0,110000,50000,1,5,2,1,50000,5500,100000,110000,1,1,1,2,100000,100000,100000,110000,1,1,5,2,2,1,1,20000,1,2,2,1,4,2,33,6,17,192,25,1,4,2,3,1
2022-09-21 07:03:25,2022-09-21 07:07:31,0,36,246,0,2022-09-28 07:07:36,R_301scouqUJmBjJH,anonymous,VI,0.4000000059604645,1,1,0,50000,0,100000,50000,1,5,1,,,,,,,,,2,100000,100000,100000,100000,2,1,5,1,,,,,,,,,,,,,,,,,2,3,1,4
2022-09-28 07:50:17,2022-09-28 08:13:15,0,100,1378,1,2022-09-28 08:13:16,R_2eap3fsizC4C5C9,anonymous,VI,1,1,1,50000,50000,100000,100000,50000,4,3,3,2,50000,50000,100000,100000,1,2,2,2,100000,100000,100000,100000,2,4,3,3,1,2,2,20000,1,3,2,3,3,1,19,3,14,192,25,1,1,4,3,2
2022-09-28 08:13:33,2022-09-28 08:30:04,0,100,991,1,2022-09-28 08:30:05,R_3KJeRR1PgJMOHq0,anonymous,VI,1,1,1,0,50.000,0,100.000,150.000,1,5,5,1,50.000,100.000,100.000,150.000,1,2,1,2,100.000,150.000,100.000,150.000,2,3,5,1,2,2,1,50,1,3,2,2,4,2,18,6,12,192,25,1,3,4,2,1
2022-09-21 08:32:07,2022-09-21 08:32:42,0,11,34,0,2022-09-28 08:32:42,R_3qViio17npsYcx1,anonymous,VI,1,1,,,,,,,,,,,,,,,,,,2,,,,,,,,,,,,,,,,,,,,,,,,,4,2,1,3
2022-09-28 08:56:30,2022-09-28 09:11:30,0,100,899,1,2022-09-28 09:11:30,R_2U33CPDA2Fox5L2,anonymous,VI,1,1,3,50000,50000,100000,100000,60000,1,5,5,2,50000,50000,100000,100000,1,2,3,2,50000,50000,100000,100000,2,1,4,4,2,2,3,20000,1,4,1,1,3,2,19,1,15,192,25,1,1,2,4,3
2022-09-21 10:36:18,2022-09-21 10:37:10,0,3,51,0,2022-09-28 10:37:18,R_3fPhZQ5hNwYRUJt,anonymous,VI,1,1,,,,,,,,,,,,,,,,,,,,,,,,,,,,,,,,,,,,,,,,,,,,,,
2022-09-28 11:24:37,2022-09-28 11:36:28,0,100,710,1,2022-09-28 11:36:28,R_8p0ZgBvFJm3ES2Z,anonymous,VI,0.8999999761581421,1,1,50.000,100000,100000,150000,50000,3,3,2,1,50.000,100000,100000,150000,1,1,3,1,100.000,100.000,100.000,150.000,1,3,2,2,2,1,3,15000,1,3,3,4,3,2,20,2,14,192,25,1,3,2,4,1
2022-09-28 11:46:57,2022-09-28 11:57:38,0,100,640,1,2022-09-28 11:57:38,R_2TL9YHjfyogwMXk,anonymous,VI,1,1,3,50.000,50.000,100.000,100.000,200.000,1,5,5,2,50.000,50.000,100.000,100.000,1,1,2,1,100.000,100.000,100.000,100.000,2,5,4,4,1,1,2,50.000,1,3,2,1,5,2,20,1,15,192,25,1,4,1,3,2
2022-09-28 12:08:19,2022-09-28 12:23:22,0,100,903,1,2022-09-28 12:23:22,R_2YKX1rkEHbwBHm8,anonymous,VI,0.8999999761581421,1,3,25000,100000,25000,100000,80000,1,4,4,1,50000,100000,100000,200000,1,2,3,2,120000,200000,100000,200000,2,3,3,2,1,2,1,10000,1,3,3,4,5,2,20,6,14,192,25,1,3,2,4,1
2022-09-28 13:45:18,2022-09-28 14:00:03,0,100,885,1,2022-09-28 14:00:04,R_3kvyvw8JTv8URUD,anonymous,VI,1,1,2,50000,70000,100000,110000,80000,1,5,5,1,50000,70000,100000,110000,2,1,3,2,50000,100000,100000,110000,1,1,5,3,2,2,3,80000,4,3,3,4,3,2,19,4,15,192,25,1,2,3,1,4
2022-09-21 15:33:53,2022-09-21 15:39:50,0,61,356,0,2022-09-28 15:39:53,R_3q8AigXbgnIP80d,anonymous,VI,1,1,3,50000,100000,100000,200000,50000,1,5,3,1,50000,10000,10000,20000,1,1,2,3,50000,50000,100000,100000,1,,,,2,1,3,50000,,,,,,,,,,,,,3,2,4,1
2022-09-21 16:18:44,2022-09-21 16:23:14,0,31,270,0,2022-09-28 16:23:15,R_3hutcFLQ0bkym4E,anonymous,VI,1,1,,,,,,,,,,,50000,60000,100000,110000,2,1,3,,,,,,,,,,2,1,2,,,,,,,,,,,,,,4,1,3,2
2022-09-21 16:24:48,2022-09-21 16:25:48,0,8,59,0,2022-09-28 16:25:49,R_1l0kZsTgkURkSDR,anonymous,VI,1,1,,,,,,,,,,,,,,,,,,,,,,,,,,,,,,,,,,,,,,,,,,,3,1,4,2
2022-09-21 16:18:44,2022-09-21 16:26:28,0,50,464,0,2022-09-28 16:26:33,R_3qDlSjpYmOt3eBX,anonymous,VI,0.8999999761581421,1,1,50000,50000,100000,100000,100000,3,3,3,1,50000,50000,100000,100000,1,1,1,,,,,,,,,,2,2,1,10000,,,,,,,,,,,,,2,3,4,1
2022-09-21 16:24:42,2022-09-21 16:26:36,0,11,113,0,2022-09-28 16:26:39,R_1OrhsfXYUFNYW3y,anonymous,VI,1,1,,,,,,,,,,,,,,,,,,2,,,,,,,,,,,,,,,,,,,,,,,,,4,2,1,3
2022-09-21 16:09:13,2022-09-21 16:34:05,0,36,1492,0,2022-09-28 16:34:10,R_1DLINbEwnWNlWyH,anonymous,VI,0.8999999761581421,1,3,,,,,,,,,,50000,100000,100000,200000,3,2,1,,,,,,,,,,3,1,1,100000,,,,,,,,,,,,,3,1,4,2
2022-09-21 16:28:42,2022-09-21 16:37:00,0,67,498,0,2022-09-28 16:37:02,R_9MKsw0VjOCx0yM9,anonymous,VI,1,1,3,50000,70000,100000,120000,20000,2,5,1,1,50000,70000,100000,120000,2,2,3,3,100000,120000,100000,120000,1,2,5,3,2,2,3,20000,,,,,,,,,,,,,3,1,4,2
2022-09-21 16:53:52,2022-09-21 16:54:47,0,8,55,0,2022-09-28 16:54:54,R_2S1CotvxJu9OaLp,anonymous,VI,1,1,,,,,,,,,,,,,,,,,,,,,,,,,,,,,,,,,,,,,,,,,,,3,1,2,4
2022-09-21 16:31:09,2022-09-21 17:12:02,0,17,2452,0,2022-09-28 17:12:09,R_1Fh2J1p646XiV0k,anonymous,VI,0.8999999761581421,1,,,,,,,,,,,,,,,,,,,,,,,,,,,2,1,2,,,,,,,,,,,,,,2,3,4,1
2022-09-21 16:24:11,2022-09-21 17:15:59,0,8,3107,0,2022-09-28 17:16:01,R_CdejY7vAgHqeUV3,anonymous,VI,0.8999999761581421,1,,,,,,,,,,,,,,,,,,,,,,,,,,,,,,,,,,,,,,,,,,,2,1,3,4
2022-09-28 17:28:03,2022-09-28 17:41:20,0,100,796,1,2022-09-28 17:41:20,R_3JKOSJivNDoTiKa,anonymous,VI,0.8999999761581421,1,1,50000,50000,100000,100000,70000,4,2,2,2,50000,50000,100000,100000,1,2,3,2,100000,100000,100000,100000,2,4,2,2,2,2,3,35000,1,3,3,2,3,2,19,2,15,192,25,1,3,4,1,2
2022-09-28 18:57:33,2022-09-28 19:07:59,0,100,625,1,2022-09-28 19:07:59,R_3pbxC8CsZQwWOoz,anonymous,VI,0.8999999761581421,1,1,0,50000,0,100000,100000,3,2,2,1,0,50000,0,100000,1,1,3,2,0,50000,0,100000,1,5,1,5,2,1,2,50000,1,3,3,4,5,1,42,6,4,192,25,1,1,3,4,2
2022-09-22 01:03:18,2022-09-22 01:07:20,0,25,241,0,2022-09-29 01:07:22,R_3oSj9FjbKQDsoJz,anonymous,VI,0.8999999761581421,1,,,,,,,,,,,0,50000,0,100000,,,,,,,,,,,,,2,1,1,40000,,,,,,,,,,,,,3,2,4,1
2022-09-22 02:59:05,2022-09-22 03:00:54,0,22,108,0,2022-09-29 03:00:57,R_1QnO26qZwfBfb0n,anonymous,VI,0.8999999761581421,1,2,,,,,,,,,,,,,,,,,,,,,,,,,,2,2,2,20000,,,,,,,,,,,,,2,3,4,1
2022-09-29 03:12:18,2022-09-29 03:23:30,0,100,672,1,2022-09-29 03:23:32,R_1MMAccUBB2L7ZtC,anonymous,VI,0.8999999761581421,1,3,40.000,60.000,90.000,110.000,15.000,3,4,2,1,40.000,60.000,100.000,120.000,3,1,3,2,100.000,125.000,90.000,110.000,2,3,3,2,2,2,3,15.000,1,4,3,4,3,1,19,1,14,192,25,1,1,3,2,4
2022-09-22 03:31:29,2022-09-22 03:34:04,0,11,154,0,2022-09-29 03:34:06,R_3hcnncc7x9717jm,anonymous,VI,0.8999999761581421,1,,,,,,,,,,,,,,,,,,2,,,,,,,,,,,,,,,,,,,,,,,,,3,2,1,4
2022-09-22 03:47:18,2022-09-22 03:54:14,0,50,416,0,2022-09-29 03:54:16,R_03BgNvNt3d53RIJ,anonymous,VI,0.8999999761581421,1,2,0,0,0,50000,200000,1,1,1,2,,,,,,,,2,0,100000,0,100000,2,1,1,1,2,1,1,50000,,,,,,,,,,,,,1,4,3,2
2022-09-22 04:06:39,2022-09-22 04:23:32,0,64,1013,0,2022-09-29 04:23:36,R_3MmKzncKSzvqnB8,anonymous,VI,1,1,3,50000,50000,100000,100000,100000,5,1,5,2,0,50000,100000,100000,3,1,1,2,50000,50000,100000,100000,2,5,2,3,3,1,3,50000,,,,,,,,,,,,,4,1,3,2
2022-09-22 04:28:32,2022-09-22 04:31:34,0,25,182,0,2022-09-29 04:31:38,R_2t6kcslV3XSHNo6,anonymous,VI,1,1,,,,,,,,,,,,,,,,,,1,50000,0,50000,0,1,1,1,1,1,,,,,,,,,,,,,,,,3,4,1,2
2022-09-29 04:20:46,2022-09-29 04:52:22,0,100,1895,1,2022-09-29 04:52:22,R_xniizGQaphi2NTX,anonymous,VI,0.8999999761581421,1,3,50000,50000,100000,50000,50000,1,5,1,2,50.000,50.000,50.000,50.000,1,2,1,1,100.000,100.000,100.000,100.000,2,1,5,1,1,2,1,50000,1,2,3,4,4,4,35,7,30,192,25,1,1,2,4,3
2022-09-29 04:45:12,2022-09-29 05:05:13,0,100,1201,1,2022-09-29 05:05:13,R_2aRgIk4mWOOtjAm,anonymous,VI,0.8999999761581421,1,3,0,20000,0,50000,50000,2,4,3,2,0,20000,0,50000,1,1,1,2,30000,40000,70000,80000,2,3,2,2,2,1,1,200000,1,3,3,4,4,2,29,7,17,192,25,1,3,4,2,1
2022-09-22 05:44:58,2022-09-22 05:50:29,0,61,331,0,2022-09-29 05:50:29,R_1pWFDLPCQWOcM73,anonymous,VI,1,1,1,0,50000,0,100000,200000,2,2,2,2,50000,50000,100000,100000,1,1,,2,0,50000,0,100000,1,2,2,2,2,1,3,50000,,,,,,,,,,,,,2,4,3,1
2022-09-29 06:14:37,2022-09-29 06:26:56,0,100,739,1,2022-09-29 06:26:58,R_1Ig9zF9sVF0h0X3,anonymous,VI,0.8999999761581421,1,1,0,50000,0,100000,100000,1,5,5,1,50000,50000,100000,100000,1,2,3,2,100,100,100,100,1,1,5,1,2,2,1,30000,1,1,2,4,4,2,34,6,17,192,25,1,2,4,1,3
2022-09-22 07:32:27,2022-09-22 07:32:39,0,8,12,0,2022-09-29 07:32:40,R_uq8DvlwfY6R3r4B,anonymous,VI,1,1,,,,,,,,,,,,,,,,,,,,,,,,,,,,,,,,,,,,,,,,,,,2,1,4,3
2022-09-22 08:58:58,2022-09-22 09:12:43,0,53,824,0,2022-09-29 09:12:47,R_3hfhUIU1v2vaxKg,anonymous,VI,0.8999999761581421,1,1,50000,50000,100000,100000,50000,3,3,3,2,40000,45000,80000,90000,2,2,3,1,50000,100000,100000,100000,2,4,3,3,,,,,,,,,,,,,,,,,3,1,2,4
2022-09-22 09:23:48,2022-09-22 09:28:05,0,31,257,0,2022-09-29 09:41:00,R_3JwOPVBQNOcIrlQ,anonymous,VI,0.8999999761581421,1,2,0,100000,100000,150000,,,,,,,,,,,,,2,100000,200000,200000,300000,2,4,3,2,,,,,,,,,,,,,,,,,2,4,1,3
2022-09-22 10:28:05,2022-09-22 10:28:47,0,8,42,0,2022-09-29 10:28:52,R_3jSDxZj1Enji8un,anonymous,VI,0.800000011920929,1,,,,,,,,,,,,,,,,,,,,,,,,,,,,,,,,,,,,,,,,,,,2,1,3,4
2022-09-22 13:15:44,2022-09-22 13:17:49,0,11,124,0,2022-09-29 13:17:55,R_1NFGjFgjhOVNmb8,anonymous,VI,0.8999999761581421,1,3,,,,,,,,,,,,,,,,,,,,,,,,,,,,,,,,,,,,,,,,,,1,4,3,2
2022-09-29 13:16:11,2022-09-29 13:24:16,0,100,485,1,2022-09-29 13:24:17,R_120am945S4nnb1G,anonymous,VI,1,1,2,0,50000,0,100000,100000,3,3,1,1,50000,50000,100000,100000,1,2,2,2,50000,100000,100000,100000,1,5,5,1,1,2,1,15000,2,3,2,2,3,2,18,1,13,192,25,1,4,2,3,1
2022-09-22 13:40:16,2022-09-22 13:42:51,0,33,155,0,2022-09-29 13:42:55,R_AMW3JgreZIojJO9,anonymous,VI,1,1,,,,,,,,,,,50.000,60.000,100.000,120000,1,2,2,,,,,,,,,,2,2,1,50.000,,,,,,,,,,,,,3,1,4,2
2022-09-29 13:16:19,2022-09-29 13:57:42,0,100,2483,1,2022-09-29 13:57:43,R_2fEaPs8o7h9GdKg,anonymous,VI,1,1,2,100.000,500.000,150.000,1500000,65.000,3,4,1,2,60000,150000,10000,20000,1,1,2,2,150000,500000,150000,500000,2,5,1,3,1,1,2,20000,1,3,3,4,4,2,19,2,13,192,25,1,2,3,4,1
2022-09-22 14:34:03,2022-09-22 14:37:22,0,22,198,0,2022-09-29 14:37:28,R_1PTOt2FVNiUIaCP,anonymous,VI,0.8999999761581421,1,,,,,,,,,,,,,,,,,,2,,,,,,,,,2,2,1,30.000,,,,,,,,,,,,,3,4,2,1
2022-09-22 15:28:06,2022-09-22 15:44:49,0,31,1002,0,2022-09-29 15:44:57,R_3fBunxCmEC8FIrq,anonymous,VI,0.8999999761581421,1,,,,,,,,,,,,,,,,,,2,100.000,100.000,100.000,120.000,2,,,,2,2,1,10.000,,,,,,,,,,,,,3,4,2,1
2022-09-29 13:16:21,2022-09-29 15:57:14,0,100,9652,1,2022-09-29 15:57:14,R_30hMTSbtCirLPFy,anonymous,VI,1,1,2,50000,75000,100000,160000,50000,4,1,3,1,50000,80000,100000,180000,1,2,1,2,50000,80000,100000,170000,2,4,1,3,2,2,1,30000,1,3,3,1,4,1,19,7,14,192,25,1,2,3,4,1
2022-09-29 15:48:48,2022-09-29 16:04:15,0,100,926,1,2022-09-29 16:04:16,R_SCpgVL4JUe6IV3z,anonymous,VI,1,1,1,0,40000,0,80000,100000,5,1,3,1,0,40000,0,80000,1,1,2,2,35000,70000,60000,130000,1,5,1,1,2,1,2,20000,1,1,3,4,5,1,35,6,19,192,25,1,1,4,3,2
2022-09-29 13:16:22,2022-09-29 16:41:24,0,100,12302,1,2022-09-29 16:41:25,R_2QXLa0FQ1sLQUl0,anonymous,EN,1,1,3,50000,70000,100000,100000,100000,2,5,4,1,60000,70000,75000,100000,1,1,2,2,75000,120000,75000,120000,2,5,2,3,2,2,2,50000,1,3,3,4,4,2,19,1,13,192,25,1,1,4,3,2
2022-09-22 16:49:25,2022-09-22 16:52:24,0,11,178,0,2022-09-29 16:52:25,R_1lyRjjzprmTBq7Y,anonymous,VI,1,1,,,,,,,,,,,,,,,,,,2,,,,,,,,,,,,,,,,,,,,,,,,,4,2,1,3
2022-09-23 02:44:28,2022-09-23 02:58:18,0,39,829,0,2022-09-30 02:58:20,R_2wBpvNS7wwXadyF,anonymous,VI,1,1,3,0,50000,0,100000,30000,1,5,5,2,,,,,,,,2,0,50000,0,100000,2,1,5,5,,,,,,,,,,,,,,,,,1,3,2,4
2022-09-30 03:17:40,2022-09-30 03:23:24,0,100,343,1,2022-09-30 03:23:25,R_24cu4MGtqrEdO49,anonymous,VI,1,1,2,60000,70000,130000,140000,100000,2,2,1,2,70000,80000,130000,140000,1,2,1,2,60000,70000,130000,140000,1,2,3,2,2,2,1,50000,4,4,1,1,2,2,18,4,13,192,25,1,4,2,3,1
2022-09-18 06:46:54,2022-09-23 05:04:38,0,11,425863,0,2022-09-30 05:04:39,R_2QAo78Q8CjpHVDK,anonymous,VI,0.8999999761581421,1,2,,,,,,,,,,,,,,,,,,,,,,,,,,,,,,,,,,,,,,,,,,1,2,3,4
2022-09-30 13:10:02,2022-09-30 13:23:30,0,100,807,1,2022-09-30 13:23:30,R_1PTwQUoVAdwol8l,anonymous,VI,1,1,1,50.000,100.000,50.000,100.000,70.000,4,2,3,1,50.000,100.000,50.000,100.000,3,2,1,2,50.000,100.000,50.000,100.000,1,4,1,2,2,2,1,30.000,1,1,3,4,5,1,19,7,14,192,25,1,3,2,4,1
2022-09-23 13:24:44,2022-09-23 13:26:19,0,14,95,0,2022-09-30 13:26:20,R_25Em9m7uQFTe9DA,anonymous,VI,1,1,,,,,,,,,,,,,,,,,,,,,,,,,,,2,2,,,,,,,,,,,,,,,2,3,4,1
2022-09-30 14:42:47,2022-09-30 15:02:38,0,100,1191,1,2022-09-30 15:02:39,R_DrfCdHgU3Rt2f9T,anonymous,VI,1,1,1,0,47.000,0,95.000,1000000,1,4,4,2,40.000,55.000,90.000,115.000,1,2,2,2,50.000,70.000,100.000,100.000,2,1,5,2,2,2,2,15.000,4,4,3,4,5,1,20,1,15,192,25,1,4,1,2,3
2022-09-30 17:59:59,2022-09-30 18:08:28,0,100,509,1,2022-09-30 18:08:29,R_sU7Fgc6yAjDAnSx,anonymous,EN,0.8999999761581421,1,3,0,50000,0,100000,100000,1,4,2,1,0,50000,0,100000,1,1,1,2,0,50000,0,100000,1,5,1,5,2,1,1,20000,4,4,3,4,5,2,28,6,18,9,7,1,2,4,3,1
2022-09-30 19:39:32,2022-09-30 19:48:39,0,100,546,1,2022-09-30 19:48:39,R_bKKoOASnJHHWrIJ,anonymous,VI,1,1,1,50000,70000,100000,150000,50000,1,5,5,1,50000,100000,100000,150000,1,1,2,2,50000,100000,50000,100000,1,1,5,5,2,1,1,20000,1,3,2,1,2,2,28,6,20,192,25,1,2,3,4,1
2022-09-24 03:46:47,2022-09-24 03:47:01,0,3,13,0,2022-10-01 03:47:01,R_1DILykohtdHJ8vc,anonymous,VI,0.8999999761581421,1,,,,,,,,,,,,,,,,,,,,,,,,,,,,,,,,,,,,,,,,,,,,,,
2022-10-01 06:53:42,2022-10-01 07:05:00,0,100,678,1,2022-10-01 07:05:00,R_3hyjFUltXltWtEV,anonymous,VI,1,1,1,50000,100000,100000,150000,200000,2,4,3,2,70000,100000,120000,200000,1,2,1,2,100000,200000,100000,200000,1,3,4,3,2,1,1,30000,1,3,3,4,5,2,19,6,14,192,25,1,2,4,3,1
2022-09-24 07:18:50,2022-09-24 07:19:31,0,8,41,0,2022-10-01 07:19:34,R_3iznkc8T4IIdQoT,anonymous,VI,0.8999999761581421,1,,,,,,,,,,,,,,,,,,,,,,,,,,,,,,,,,,,,,,,,,,,4,1,3,2
2022-09-24 07:19:03,2022-09-24 07:20:23,0,11,80,0,2022-10-01 07:20:30,R_eR3XPYWuq3hIBcR,anonymous,VI,0.800000011920929,1,,,,,,,,,,,,,,,,,,2,,,,,,,,,,,,,,,,,,,,,,,,,2,4,1,3
2022-09-24 07:37:00,2022-09-24 07:43:48,0,50,407,0,2022-10-01 07:43:52,R_u49OAxsKxM5vyKZ,anonymous,VI,0.8999999761581421,1,1,,,,,,,,,,1000000,1000000,1000000,1000000,1,1,1,1,100000,100000,100000,100000,1,1,5,5,2,2,1,50000,,,,,,,,,,,,,4,3,2,1
2022-09-24 08:36:44,2022-09-24 08:37:27,0,8,42,0,2022-10-01 08:37:30,R_1qfDRaxpyJfUvbe,anonymous,VI,0.8999999761581421,1,,,,,,,,,,,,,,,,,,,,,,,,,,,,,,,,,,,,,,,,,,,1,2,3,4
2022-10-01 09:01:22,2022-10-01 09:13:19,0,100,717,1,2022-10-01 09:13:19,R_86xuQ7fQWJMSogh,anonymous,VI,0.8999999761581421,1,1,0,50000,0,100000,200000,5,1,5,2,0,100000,0,200000,1,1,1,2,0,100.000,0,200.000,2,5,1,5,2,1,1,50000,1,3,2,2,5,2,46,6,24,192,25,1,2,4,1,3
2022-10-01 09:06:49,2022-10-01 09:16:45,0,100,595,1,2022-10-01 09:16:45,R_eEB968Ija8bFHuF,anonymous,VI,0.8999999761581421,1,1,50000,50000,100000,100000,70000,1,5,5,1,50000,50000,100000,100000,1,2,3,2,100000,100000,100000,100000,1,2,5,1,2,1,1,30000,1,3,3,1,5,2,28,6,18,192,25,1,4,2,3,1
2022-10-01 09:18:44,2022-10-01 09:29:22,0,100,638,1,2022-10-01 09:29:23,R_bl4zhVmqpfR39jH,anonymous,VI,0.8999999761581421,1,1,0,50000,0,100000,100000,4,2,4,1,0,50000,0,100000,1,1,2,1,0,50000,0,100000,1,4,4,4,2,1,1,100000,1,3,3,4,5,1,28,6,19,86,25,1,2,1,3,4
2022-09-24 09:33:21,2022-09-24 09:35:51,0,36,150,0,2022-10-01 09:35:54,R_1hGCJIqMUEFwxIF,anonymous,VI,0.8999999761581421,1,1,,,,,,,,,,50000,55000,100000,120000,1,2,1,,,,,,,,,,2,2,3,15000,,,,,,,,,,,,,3,2,4,1
2022-10-01 09:29:54,2022-10-01 09:39:31,0,100,577,1,2022-10-01 09:39:31,R_2U5iYBMCM6Wdh6E,anonymous,VI,0.8999999761581421,1,1,50000,10000,100000,200000,30000,2,4,5,1,50000,100000,100000,2000002,1,1,2,1,100000,150000,100000,200000,2,5,2,3,2,1,2,10000,1,3,2,1,4,1,27,6,23,192,25,1,4,1,2,3
2022-10-01 09:47:09,2022-10-01 09:55:23,0,100,493,1,2022-10-01 09:55:23,R_Anux7N3kiHVIkbT,anonymous,VI,0.8999999761581421,1,2,50000,50000,100000,100000,100000,3,3,3,1,50000,50000,100000,100000,3,2,3,2,50000,50000,100000,100000,1,3,3,3,3,2,3,10000,2,2,2,2,2,3,27,3,18,192,25,1,4,2,3,1
2022-10-01 10:01:51,2022-10-01 10:11:52,0,100,600,1,2022-10-01 10:11:52,R_RCSfeJUh7626GPf,anonymous,VI,1,1,1,0,50000,0,100000,100000,4,3,4,1,50000,70000,100000,120000,1,1,3,2,50000,100000,100000,100000,2,4,3,4,1,1,1,50000,3,3,2,1,4,1,27,3,16,192,25,1,2,4,1,3
2022-09-24 10:27:12,2022-09-24 10:27:39,0,6,26,0,2022-10-01 10:27:46,R_21akbqUOHDHdZaa,anonymous,VI,0.8999999761581421,1,,,,,,,,,,,,,,,,,,,,,,,,,,,,,,,,,,,,,,,,,,,,,,
2022-10-01 11:03:29,2022-10-01 11:18:40,0,100,910,1,2022-10-01 11:18:40,R_1l6LGYav20AevpE,anonymous,VI,1,1,1,0,50000,0,70000,50000,1,4,2,2,50000,50000,50000,100000,1,2,3,2,50000,70000,100000,100000,2,1,4,2,2,2,2,20000,1,3,1,1,4,2,20,1,14,192,25,1,3,2,1,4
2022-10-01 11:40:47,2022-10-01 12:04:12,0,100,1405,1,2022-10-01 12:04:13,R_1GxEJJEZrE03xlz,anonymous,VI,0.8999999761581421,1,1,0,100000,0,200000,70000,1,5,5,1,70000,100000,120000,200000,1,1,3,2,120000,200000,150000,200000,2,4,2,5,2,2,1,50000,1,3,2,1,5,1,27,6,17,192,25,1,4,2,1,3
2022-10-01 14:10:16,2022-10-01 14:23:40,0,100,803,1,2022-10-01 14:23:40,R_3frAkTaMdq0zyKD,anonymous,VI,1,1,3,50000,50000,100000,100000,200000,4,2,1,2,50000,50000,100000,100000,3,1,1,3,50000,50000,100000,100000,2,4,2,5,3,1,1,100000,1,3,2,1,4,2,33,6,20,192,25,1,4,3,1,2
2022-10-01 16:21:31,2022-10-01 16:31:43,0,100,611,1,2022-10-01 16:31:43,R_6MBRAYPEUlfxGeJ,anonymous,VI,1,1,1,50000,50000,50000,100000,100000,5,1,5,2,50000,50000,50000,100000,1,2,1,2,50000,50000,100000,100000,2,5,1,5,2,2,1,20000,1,3,3,4,4,1,24,3,17,192,25,1,4,2,1,3
2022-10-01 16:45:59,2022-10-01 17:10:41,0,100,1481,1,2022-10-01 17:10:43,R_12ncAaoPBJfTQvX,anonymous,VI,1,1,1,0,50000,0,100000,50000,1,5,3,2,50000,100000,100000,200000,1,1,2,2,0,50000,0,10000,2,5,1,5,2,1,1,30000,4,3,3,4,4,2,31,6,17,192,25,1,1,3,2,4
2022-09-24 18:47:20,2022-09-24 18:59:10,0,44,709,0,2022-10-01 18:59:11,R_9H6xgnDjhAQuvXH,anonymous,VI,1,1,3,0,100,0,200,200,1,3,3,1,0,100,50,300,1,,,,,,,,,,,,2,1,3,15000,,,,,,,,,,,,,2,3,4,1
2022-09-24 19:39:41,2022-09-24 19:42:09,0,17,147,0,2022-10-01 19:42:14,R_4JecrkqMgIKW6o9,anonymous,VI,0.8999999761581421,1,,,,,,,,,,,,,,,,,,,,,,,,,,,2,1,1,,,,,,,,,,,,,,3,2,4,1
2022-10-01 22:23:09,2022-10-01 22:38:06,0,100,897,1,2022-10-01 22:38:07,R_3fvgpnKoiKSASM9,anonymous,VI,1,1,3,50000,100000,100000,200000,100000,5,1,5,2,50000,50000,100000,100000,1,2,2,2,100000,100000,100000,200000,2,5,1,5,2,1,2,100000,1,3,2,2,4,2,36,6,6,192,25,1,4,1,2,3
2022-09-25 02:29:12,2022-09-25 02:29:56,8,3,44,0,2022-10-02 02:30:02,R_qOysfqFkyQdr9GV,anonymous,VI,0.8999999761581421,1,,,,,,,,,,,,,,,,,,,,,,,,,,,,,,,,,,,,,,,,,,,,,,
2022-09-25 02:30:13,2022-09-25 02:34:42,0,19,268,0,2022-10-02 02:34:44,R_3dERCe2TlnSztKB,anonymous,VI,0.8999999761581421,1,,,,,,,,,,,,,,,,,,2,50.000,50.000,50.000,50.000,2,,,,,,,,,,,,,,,,,,,,4,3,1,2
2022-10-02 06:00:06,2022-10-02 06:51:42,0,100,3096,1,2022-10-02 06:51:44,R_1mtvZfaYHm9idC9,anonymous,EN,0.8999999761581421,1,3,0,30000,0,70000,20000,3,4,3,1,0,30000,0,60000,1,1,3,2,0,30000,0,60000,2,3,3,3,2,1,3,20000,1,3,3,1,4,1,27,6,20,86,25,1,1,3,4,2
2022-09-25 10:43:37,2022-09-25 10:53:45,0,61,607,0,2022-10-02 10:53:45,R_2ZIbbZNl49pUPch,anonymous,VI,0.8999999761581421,1,3,0,50000,0,50000,100000,3,3,3,2,0,50000,0,100000,3,2,3,3,100000,100000,100000,100000,2,,,,3,1,3,20000,,,,,,,,,,,,,3,2,4,1
2022-10-02 13:19:02,2022-10-02 13:46:57,0,100,1674,1,2022-10-02 13:46:57,R_1CCKITX8W4L1qX0,anonymous,VI,0.8999999761581421,1,3,0,0,0,0,60000,5,2,5,2,50000,50000,50000,50000,1,2,1,1,50000,50000,100000,100000,2,5,3,5,2,1,1,30000,1,4,3,4,5,2,29,6,17,192,25,1,2,4,1,3
2022-09-26 04:53:35,2022-09-26 04:54:15,0,8,39,0,2022-10-03 04:54:20,R_31RwbMiUwmdwpqR,anonymous,VI,1,1,,,,,,,,,,,,,,,,,,,,,,,,,,,,,,,,,,,,,,,,,,,3,1,2,4
2022-10-03 07:00:17,2022-10-03 07:09:32,0,100,554,1,2022-10-03 07:09:33,R_AvSgtaabNXM3hcd,anonymous,VI,0.4000000059604645,1,1,0,50000,0,100000,70000,1,4,5,2,50000,100000,100000,150000,1,1,3,2,50000,100000,100000,150000,1,3,4,1,2,2,3,50000,1,4,1,1,5,2,19,6,14,192,25,1,4,3,2,1
2022-10-03 07:00:10,2022-10-03 07:10:37,0,100,626,1,2022-10-03 07:10:37,R_3nAubUmFhiklYCZ,anonymous,VI,0.800000011920929,1,1,50.000,75.000,100.00,120.000,120.000,1,5,3,2,50.000,60.000,120.000,150.000,2,1,3,2,75.000,100.000,100.000,120.000,2,3,5,1,2,2,3,50.000,1,3,3,3,5,2,19,6,14,192,25,1,4,1,3,2
2022-10-03 07:00:25,2022-10-03 07:10:50,0,100,624,1,2022-10-03 07:10:50,R_2VR2ceGSAIR1paI,anonymous,VI,1,1,3,50.000,70.000,100.000,120.000,40.000,2,4,3,1,50.000,70.000,100.000,120.000,1,1,2,2,100.000,150.000,100.000,150.000,1,2,4,3,1,2,2,25.000,1,2,1,4,5,2,19,1,13,192,25,1,3,2,4,1
2022-10-03 08:52:46,2022-10-03 09:29:57,0,100,2231,1,2022-10-03 09:29:58,R_ZymHhujXqRQZL0d,anonymous,VI,0.8999999761581421,1,1,25000,50000,50000,100000,50000,4,3,2,1,50000,51000,100000,105000,1,1,2,2,100000,105000,100000,105000,2,3,5,1,3,2,1,20000,1,3,2,1,4,2,19,7,19,192,25,1,3,1,4,2
2022-10-03 09:00:11,2022-10-03 09:34:24,0,100,2053,1,2022-10-03 09:34:25,R_BuktApBHQ9QBDe9,anonymous,VI,0.8999999761581421,1,3,0,100.000,0,200.000,500.000,3,5,1,2,0,500.000,0,500.000,1,1,2,2,0,500.000,0,500.000,2,5,2,2,3,2,3,10000,1,3,3,4,5,4,19,1,14,192,25,1,2,3,4,1
2022-10-03 12:30:06,2022-10-03 12:45:21,0,100,915,1,2022-10-03 12:45:23,R_AcHGnohryjeMoFP,anonymous,VI,0.8999999761581421,1,3,0,40.000,0,80.000,50.000,1,5,5,2,40000,50000,80000,100000,1,1,1,2,50000,80000,80000,100000,2,5,5,1,2,1,1,20000,1,3,2,2,4,2,50,6,16,192,25,1,1,3,2,4
2022-10-03 15:06:46,2022-10-03 15:14:59,0,100,492,1,2022-10-03 15:14:59,R_1lyLbyrdkABwyek,anonymous,VI,1,1,3,50000,50000,100000,100000,100000,4,2,1,2,50000,50000,100000,10000,1,1,1,2,100000,100000,100000,100000,2,4,2,1,2,2,3,20000,1,3,3,4,4,2,31,6,16,192,25,1,4,2,1,3
2022-10-03 15:50:51,2022-10-03 16:11:32,0,100,1240,1,2022-10-03 16:11:32,R_21dgGWvhhHq6OKF,anonymous,VI,0.8999999761581421,1,2,0,50000,0,100000,100000,5,1,3,1,50000,50000,100000,100000,3,2,1,1,100000,100000,100000,100000,2,3,4,2,1,2,1,20000,3,1,3,1,5,2,31,4,16,192,25,1,1,3,2,4
2022-10-03 16:01:16,2022-10-03 16:16:19,0,100,902,1,2022-10-03 16:16:19,R_3fw1I92D13euKYr,anonymous,VI,1,1,3,0,50000,0,100000,30000,1,5,4,2,50000,50000,100000,100000,1,2,1,2,50000,100000,70000,100000,2,4,4,1,2,2,1,15000,1,4,3,4,5,2,36,6,15,192,25,1,1,4,3,2
2022-10-03 16:30:14,2022-10-03 16:41:37,0,100,683,1,2022-10-03 16:41:37,R_3J4qdH4p7UsJb8g,anonymous,VI,0.8999999761581421,1,3,0,100000,0,100000,70000,1,1,1,2,0,50000,0,100000,3,1,1,2,0,100000,0,100000,2,2,2,1,1,1,1,30000,1,3,1,4,5,2,34,6,17,192,25,1,2,4,1,3
2022-10-03 17:16:11,2022-10-03 17:25:26,0,100,554,1,2022-10-03 17:25:27,R_2twY3h94ZeGc0nf,anonymous,VI,1,1,3,50000,70000,100000,200000,80000,5,5,3,1,50000,70000,100000,200000,3,1,2,1,50000,70000,100000,200000,2,3,3,3,1,1,2,20000,1,3,3,3,4,2,29,6,16,192,25,1,1,2,3,4
2022-10-03 21:16:25,2022-10-03 21:41:06,0,100,1481,1,2022-10-03 21:41:06,R_3RyFWbTfk7bQrO8,anonymous,VI,0.8999999761581421,1,3,0,0,0,0,500,5,1,5,2,0,50,0,100,1,1,1,2,0,50,0,100,2,5,1,5,3,1,1,200,1,2,3,4,5,2,35,6,23,10,25,1,1,4,3,2
2022-09-27 06:05:57,2022-09-27 06:07:02,0,11,65,0,2022-10-04 06:07:03,R_6MAzNi4EVNSvP8Z,anonymous,VI,0.8999999761581421,1,2,,,,,,,,,,,,,,,,,,,,,,,,,,,,,,,,,,,,,,,,,,1,3,2,4
2022-09-27 06:06:13,2022-09-27 06:07:23,0,11,70,0,2022-10-04 06:07:24,R_D1ZSJeYu69mdRq9,anonymous,VI,1,1,3,,,,,,,,,,,,,,,,,,,,,,,,,,,,,,,,,,,,,,,,,,1,4,2,3
2022-09-27 06:06:01,2022-09-27 06:08:45,0,14,163,0,2022-10-04 06:08:48,R_2uIYlAQGkpf00v6,anonymous,VI,0.8999999761581421,1,,,,,,,,,,,,,,,,,,,,,,,,,,,3,1,,,,,,,,,,,,,,,4,2,3,1
2022-09-27 06:10:26,2022-09-27 06:15:19,0,36,292,0,2022-10-04 06:15:25,R_1MVOL0qluj0g1VA,anonymous,VI,1,1,1,,,,,,,,,,50000,75000,100000,125000,1,1,1,,,,,,,,,,2,1,1,10000,,,,,,,,,,,,,3,1,4,2
2022-09-27 07:16:19,2022-09-27 07:16:28,0,3,9,0,2022-10-04 07:16:31,R_1PZTe6kqeGJG0DL,anonymous,VI,0.8999999761581421,1,,,,,,,,,,,,,,,,,,,,,,,,,,,,,,,,,,,,,,,,,,,,,,
2022-09-27 07:58:00,2022-09-27 07:58:33,0,8,33,0,2022-10-04 07:58:33,R_3M5aQgRnZOAnFpa,anonymous,VI,1,1,,,,,,,,,,,,,,,,,,,,,,,,,,,,,,,,,,,,,,,,,,,1,3,2,4
2022-10-04 08:21:01,2022-10-04 08:31:54,0,100,653,1,2022-10-04 08:31:55,R_2TZF37NZhHanJ41,anonymous,VI,1,1,3,50.000,100.000,100.000,200.000,50.000,4,2,3,1,50.000,100.000,50.000,100.000,1,2,2,2,100.000,200.000,100.000,200.000,2,1,2,4,2,2,1,20.000,1,3,3,2,4,2,29,6,17,192,25,1,4,3,1,2
2022-10-04 08:21:33,2022-10-04 08:35:33,0,100,840,1,2022-10-04 08:35:34,R_bf2u4TIJwOMWijL,anonymous,VI,0.8999999761581421,1,1,50000,60000,10000,11000,300000,4,3,4,1,50000,60000,100000,110000,1,2,2,2,50000,60000,100000,110000,1,4,3,4,2,2,2,300000,1,4,3,1,5,2,25,6,16,192,25,1,2,1,4,3
2022-10-04 08:32:47,2022-10-04 08:46:43,0,100,835,1,2022-10-04 08:46:45,R_39rdc9FCroCqoMN,anonymous,VI,1,1,2,50.000,50.000,120.000,120.000,100.000,1,3,1,1,100.000,100.000,150.000,150.000,1,1,1,1,100.000,100.000,100.000,100.000,1,1,1,1,1,1,1,100.000,1,1,1,1,5,1,22,1,18,192,25,1,1,4,2,3
2022-10-04 08:41:00,2022-10-04 08:49:52,0,100,531,1,2022-10-04 08:49:53,R_2at3pe7yzE5q3PK,anonymous,VI,1,1,3,0,100000,0,200000,100000,1,5,5,1,50000,100000,100000,200000,3,2,3,2,100000,200000,100000,200000,2,1,5,5,2,2,3,50000,1,2,3,4,5,2,29,6,16,192,25,1,1,2,4,3
2022-10-04 08:47:32,2022-10-04 08:57:28,0,100,596,1,2022-10-04 08:57:28,R_29mGxrW71oMAffR,anonymous,VI,1,1,1,0,100000,100000,150000,200000,1,5,1,1,50000,50000,100000,100000,2,1,1,2,100000,100000,200000,200000,1,1,5,1,2,1,1,100000,1,1,3,4,4,2,25,5,18,192,25,1,1,2,3,4
2022-10-04 10:45:55,2022-10-04 10:54:45,0,100,530,1,2022-10-04 10:54:46,R_WdL6uoWgNNUVmyl,anonymous,VI,1,1,1,0,500000,0,1000000,100000,1,2,2,1,50000,500000,100000,1000000,1,1,2,2,100000,1000000,100000,1000000,1,3,5,4,2,2,2,20000,1,4,3,4,5,2,22,7,16,192,25,1,1,4,2,3
2022-10-04 10:50:21,2022-10-04 11:00:27,0,100,605,1,2022-10-04 11:00:27,R_2rSMvuvdOcs9KVk,anonymous,VI,1,1,1,0,0,0,0,50000,5,1,5,1,50000,100000,50000,100000,1,2,1,2,50000,100000,50000,100000,2,5,1,5,2,2,1,20000,1,3,3,1,4,2,37,6,18,192,25,1,1,4,3,2
2022-10-04 10:48:11,2022-10-04 11:03:39,0,100,927,1,2022-10-04 11:03:39,R_3Jsh3vHwcUCvUXh,anonymous,VI,1,1,1,0,50.000,0,50.000,50.000,1,5,2,1,50.000,50.000,50.000,50.000,1,2,1,2,50.000,100.000,100.000,100.000,1,1,5,1,2,2,1,50.000,1,4,3,1,5,2,24,3,16,192,25,1,2,4,1,3
2022-10-04 10:41:43,2022-10-04 11:05:01,0,100,1397,1,2022-10-04 11:05:01,R_1n7UoW5MlY8zmkG,anonymous,VI,0.8999999761581421,1,3,50.000,50.000,100.000,100.000,300.000,5,1,5,2,50.000,50.000,100.000,100.000,3,1,2,2,100.000,100.000,100.000,100.000,2,5,5,5,2,1,2,50.000,1,4,3,2,5,2,35,6,23,192,25,1,2,1,4,3
2022-10-04 10:56:17,2022-10-04 11:08:32,0,100,735,1,2022-10-04 11:08:33,R_3NKCMdayBkXjMHR,anonymous,VI,1,1,1,20000,55000,50000,105000,100000,4,2,4,1,50000,56000,100000,119000,2,2,2,2,50000,65000,100000,149000,2,1,4,3,2,1,1,30000,4,4,3,4,3,2,19,5,14,192,25,1,3,2,4,1
2022-10-04 11:03:29,2022-10-04 11:21:36,0,100,1087,1,2022-10-04 11:21:37,R_10OuhoGYQpTp5iL,anonymous,VI,1,1,3,0,50000,0,100000,50000,1,5,3,2,50000,50000,50000,100000,1,2,3,2,100000,100000,100000,100000,2,3,3,3,3,1,2,30000,1,3,3,4,3,2,52,4,17,192,25,1,2,4,3,1
2022-10-04 11:56:10,2022-10-04 12:08:08,0,100,717,1,2022-10-04 12:08:09,R_3NVzkN5ZYiRnve3,anonymous,VI,1,1,1,50000,100000,100000,200000,50000,1,5,4,1,50000,100000,100000,200000,1,1,2,2,100000,200000,100000,200000,1,5,1,2,2,2,2,30000,1,3,3,4,5,1,22,6,16,192,25,1,1,2,3,4
2022-09-27 12:03:36,2022-09-27 12:05:54,0,19,138,0,2022-10-04 12:15:41,R_V4qrydTa6eGsBa1,anonymous,VI,1,1,,,,,,,,,,,20000,30000,50000,70000,2,1,,,,,,,,,,,,,,,,,,,,,,,,,,,3,1,2,4
2022-10-04 12:06:36,2022-10-04 12:29:12,0,100,1356,1,2022-10-04 12:29:12,R_572pwXOJl523Pr3,anonymous,VI,1,1,3,50.000,80.000,100.000,120.000,100.000,1,5,2,1,50.000,80.000,100.000,120.000,1,1,3,2,100.000,100.000,100.000,150.000,2,3,5,2,2,1,3,30.000,1,1,3,4,4,2,28,2,16,192,25,1,2,3,1,4
2022-09-27 12:36:54,2022-09-27 12:37:38,0,8,43,0,2022-10-04 12:37:44,R_31cKSb34mWr3GiG,anonymous,VI,0.8999999761581421,1,,,,,,,,,,,,,,,,,,,,,,,,,,,,,,,,,,,,,,,,,,,4,2,1,3
2022-10-04 12:36:42,2022-10-04 12:54:07,0,100,1045,1,2022-10-04 12:54:08,R_vwXp9nnUhLIrpo5,anonymous,VI,0.8999999761581421,1,1,0,50000,0,50000,50000,1,5,5,1,50000,50000,80000,100000,1,1,2,1,100000,120000,100000,120000,2,1,5,5,2,1,2,50000,1,2,3,4,5,2,23,6,17,192,25,1,3,2,1,4
2022-09-27 13:13:49,2022-09-27 13:21:02,0,39,432,0,2022-10-04 13:21:07,R_10CUJJXuzVe5JdL,anonymous,VI,0.8999999761581421,1,1,35000,50000,50000,100000,50000,2,1,1,1,,,,,,,,2,,,,,,,,,3,1,3,10000,,,,,,,,,,,,,2,4,3,1
2022-09-27 14:06:09,2022-09-27 14:07:09,0,8,60,0,2022-10-04 14:07:11,R_2EiQ3XZaSqkWNkl,anonymous,VI,1,1,,,,,,,,,,,,,,,,,,,,,,,,,,,,,,,,,,,,,,,,,,,2,1,4,3
2022-09-27 14:04:13,2022-09-27 14:09:26,0,11,313,0,2022-10-04 14:09:27,R_2Rb1CM5W19HoMIq,anonymous,VI,0.8999999761581421,1,1,,,,,,,,,,,,,,,,,,,,,,,,,,,,,,,,,,,,,,,,,,1,2,3,4
2022-10-04 13:58:33,2022-10-04 14:12:30,0,100,836,1,2022-10-04 14:12:30,R_10uXbwwfRTFPgAc,anonymous,VI,1,1,2,60000,100000,100000,200000,10000,1,5,5,2,50000,100000,75000,150000,2,2,2,2,60000,101000,110000,150000,2,1,4,5,2,2,2,20000,2,3,2,4,5,1,18,6,12,192,25,1,4,2,1,3
2022-09-27 14:32:07,2022-09-27 14:33:15,0,3,68,0,2022-10-04 14:37:33,R_3MSD4zY2ZXTpYYu,anonymous,VI,0.8999999761581421,1,,,,,,,,,,,,,,,,,,,,,,,,,,,,,,,,,,,,,,,,,,,,,,
2022-09-27 15:03:14,2022-09-27 15:13:57,0,36,643,0,2022-10-04 15:14:00,R_bq1909RATulgy4N,anonymous,VI,1,1,1,50000,50000,100000,100000,70000,1,5,3,2,,,,,,,,2,50000,100000,100000,150000,2,,,,,,,,,,,,,,,,,,,,1,3,2,4
2022-09-27 15:25:34,2022-09-27 15:33:40,0,33,486,0,2022-10-04 15:33:42,R_tQiCgF7dea1emZ3,anonymous,VI,0.8999999761581421,1,2,60000,60000,100000,150000,50000,4,2,3,2,,,,,,,,,,,,,,,,,2,2,1,,,,,,,,,,,,,,1,3,4,2
2022-09-27 15:46:35,2022-09-27 15:49:18,0,19,163,0,2022-10-04 15:49:22,R_33wE1cydNKZyk1r,anonymous,VI,0.8999999761581421,1,,,,,,,,,,,,,,,,,,2,50.000,100.000,100.000,150.000,1,,,,,,,,,,,,,,,,,,,,4,3,1,2
2022-10-04 16:09:27,2022-10-04 16:46:50,0,100,2242,1,2022-10-04 16:46:50,R_cDafPo0cx0z9Hb3,anonymous,VI,1,1,3,0,0,0,0,100000,5,1,3,2,0,0,0,50000,3,2,2,1,50000,100000,100000,100000,2,5,1,5,2,1,2,10000,4,3,3,4,4,2,39,5,16,192,25,1,1,4,2,3
2022-09-27 16:43:13,2022-09-27 16:50:28,0,25,435,0,2022-10-04 16:50:32,R_O7459dvq1srPw4N,anonymous,VI,0.8999999761581421,1,3,50.000,59.000,110.000,130.000,40.000,2,4,5,1,,,,,,,,,,,,,,,,,,,,,,,,,,,,,,,,,1,2,3,4
2022-09-27 17:03:04,2022-09-27 17:03:11,8,3,6,0,2022-10-04 17:03:41,R_xhlhLB7p2ttaiyt,anonymous,VI,0.8999999761581421,1,,,,,,,,,,,,,,,,,,,,,,,,,,,,,,,,,,,,,,,,,,,,,,
2022-10-04 18:06:31,2022-10-04 18:19:56,0,100,804,1,2022-10-04 18:19:56,R_1KejySnDjBVqjZw,anonymous,VI,0.8999999761581421,1,3,0,50000,0,100000,50000,2,4,3,2,50000,50000,50000,100000,1,2,1,2,100000,100000,100000,100000,2,2,3,4,2,2,1,30000,1,3,2,4,3,2,33,7,16,192,25,1,4,2,1,3
2022-10-04 23:59:10,2022-10-05 00:17:12,0,100,1081,1,2022-10-05 00:17:14,R_2QYG5QygFZHyv13,anonymous,VI,0.8999999761581421,1,2,50000,400000,100000,100000,80000,1,3,1,1,50000,70000,120000,120000,3,2,2,2,100000,1000000,10000,100000,1,1,1,5,2,1,1,200000,2,2,2,2,3,1,22,7,16,192,25,1,4,1,3,2
2022-10-05 02:30:48,2022-10-05 02:41:39,0,100,650,1,2022-10-05 02:41:41,R_337mgWNktqUUfa9,anonymous,VI,0.8999999761581421,1,1,50.000,70.000,100.000,120000,20.000,3,5,3,1,50000,70000,100000,120000,3,2,1,2,100000,100000,100000,100000,1,1,3,3,2,2,1,20000,1,4,2,4,4,2,21,2,15,192,25,1,1,3,2,4
2022-09-28 03:09:25,2022-09-28 03:11:03,0,11,98,0,2022-10-05 03:11:03,R_2flkL9bKbjCJA6S,anonymous,VI,1,1,,,,,,,,,,,,,,,,,,2,,,,,,,,,,,,,,,,,,,,,,,,,4,3,1,2
2022-10-05 03:49:23,2022-10-05 05:05:27,0,100,4563,1,2022-10-05 05:05:27,R_um1fNJ36UbeYvi9,anonymous,VI,0.8999999761581421,1,1,0,50000,0,100000,200000,3,5,2,2,50000,100000,100000,200000,1,2,1,2,50000,150000,100000,150000,2,2,5,2,2,1,1,50000,1,3,3,4,5,2,39,6,16,192,25,1,3,4,2,1
2022-09-28 07:55:52,2022-09-28 07:59:03,0,22,191,0,2022-10-05 07:59:06,R_1QJZEYDCZwpYDhG,anonymous,VI,0.4000000059604645,1,,,,,,,,,,,,,,,,,,3,,,,,,,,,2,2,3,10.000,,,,,,,,,,,,,3,4,2,1
2022-10-01 11:02:13,2022-10-05 10:44:27,0,100,344533,1,2022-10-05 10:44:27,R_1f1po5kUE7Howo9,anonymous,VI,1,1,1,0,50,0,100,200,2,1,5,1,50000,50000,100000,100000,1,1,2,2,50000,50000,100000,100000,1,2,1,5,2,1,2,50000,1,4,2,3,5,2,27,6,18,192,25,1,1,3,2,4
2022-10-05 11:04:41,2022-10-05 11:15:07,0,100,626,1,2022-10-05 11:15:08,R_PRmK4gRN3nFwly1,anonymous,VI,1,1,2,50000,50000,100000,120000,100000,2,3,3,1,40000,40000,80000,90000,1,1,2,2,50000,50000,100000,110000,1,4,4,3,2,2,2,20000,1,2,2,2,3,2,24,5,17,192,25,1,4,2,3,1
2022-10-05 11:15:50,2022-10-05 11:24:01,0,100,491,1,2022-10-05 11:24:02,R_009honp9qnBqLO9,anonymous,VI,0.8999999761581421,1,3,0,50,0,50,200000,1,4,3,1,0,50000,0,50000,3,1,1,2,0,50000,0,50000,1,2,1,2,2,1,1,50000,1,3,2,4,3,1,32,6,17,192,25,1,2,3,4,1
2022-09-28 11:22:19,2022-09-28 11:31:40,0,58,561,0,2022-10-05 11:31:44,R_3HIhTOOU4qlMmCI,anonymous,VI,0.8999999761581421,1,1,50000,70000,100000,120000,500000,5,1,5,2,50000,70000,100000,120000,2,2,3,2,50000,70000,100000,120000,2,5,1,5,2,2,,,,,,,,,,,,,,,1,2,3,4
2022-09-28 11:43:32,2022-09-28 11:43:54,0,8,21,0,2022-10-05 11:44:00,R_0fHFbXZY4SfmJq1,anonymous,VI,0.8999999761581421,1,,,,,,,,,,,,,,,,,,,,,,,,,,,,,,,,,,,,,,,,,,,1,2,4,3
2022-09-28 11:42:51,2022-09-28 11:49:23,0,47,391,0,2022-10-05 11:49:28,R_1H13qc8yPibDanG,anonymous,VI,0.8999999761581421,1,3,50000,50000,100000,100000,100000,3,4,3,2,50000,50000,100000,100000,1,1,2,2,50000,50000,100000,100000,,,,,,,,,,,,,,,,,,,,,1,2,3,4
2022-09-28 12:06:39,2022-09-28 12:07:40,0,6,60,0,2022-10-05 12:20:08,R_24xanNy3neexRyh,anonymous,VI,0.8999999761581421,1,,,,,,,,,,,,,,,,,,,,,,,,,,,,,,,,,,,,,,,,,,,,,,
2022-10-05 15:27:49,2022-10-05 15:38:44,0,100,655,1,2022-10-05 15:38:45,R_3nPgd3931hqRtUM,anonymous,VI,0.8999999761581421,1,1,0,50.000,0,100.000,20.000,5,1,1,2,0,50.000,0,100.000,1,2,2,2,9,100.000,0,100.000,2,5,1,1,2,1,1,20.000,1,3,2,2,3,1,27,6,17,192,25,1,4,3,2,1
2022-10-05 16:09:15,2022-10-05 16:18:16,0,100,541,1,2022-10-05 16:18:17,R_ZLclpwOBKIOkt0d,anonymous,VI,1,1,2,200000,450000,350000,500000,75000,1,5,3,1,100000,200000,150000,350000,1,1,2,2,250000,400000,500000,750000,2,3,4,2,1,1,1,20000,1,3,3,4,4,1,20,6,15,192,25,1,2,4,1,3
2022-09-28 18:48:51,2022-09-28 18:49:56,0,11,65,0,2022-10-05 18:49:58,R_1CHpsYPTyPJZcJl,anonymous,VI,0.8999999761581421,1,,,,,,,,,,,,,,,,,,2,,,,,,,,,,,,,,,,,,,,,,,,,4,3,1,2
2022-10-06 02:21:12,2022-10-06 03:17:32,0,100,3379,1,2022-10-06 03:17:33,R_3TVD405YYJOQE49,anonymous,VI,0.8999999761581421,1,3,100000,200000,200000,500000,100000,3,5,3,2,200000,400000,300000,500000,1,1,1,2,300000,500000,300000,500000,2,4,4,1,2,1,1,50000,1,3,3,4,4,1,27,4,17,192,25,1,1,3,2,4
2022-10-06 03:19:07,2022-10-06 03:32:42,0,100,814,1,2022-10-06 03:32:42,R_A7NXvXrSxbbskHn,anonymous,VI,0.8999999761581421,1,3,0,50.000,0,100.000,50.000,4,3,2,1,50.000,150.000,100.000,200.000,3,2,2,1,50.000,150.000,100.000,200.000,2,4,3,2,3,2,2,20.000,3,4,3,4,5,2,25,3,18,192,25,1,3,4,1,2
2022-09-29 03:41:05,2022-09-29 03:41:34,0,8,29,0,2022-10-06 03:41:36,R_31aCBJtXjjOdvnK,anonymous,VI,1,1,,,,,,,,,,,,,,,,,,,,,,,,,,,,,,,,,,,,,,,,,,,1,2,4,3
2022-09-29 03:46:17,2022-09-29 03:51:34,0,67,316,0,2022-10-06 03:51:35,R_1LceA9r0fm6GGy9,anonymous,VI,0.8999999761581421,1,1,50000,50000,100000,100000,500000,2,2,2,2,50000,50000,100000,100000,1,1,3,2,50000,50000,100000,100000,2,4,3,2,2,1,3,20000,,,,,,,,,,,,,4,3,2,1
2022-10-06 04:06:21,2022-10-06 04:26:41,0,100,1220,1,2022-10-06 04:26:42,R_1245CuEaHOCZqDj,anonymous,VI,0.8999999761581421,1,1,0,80.000,50000,170000,50000,1,5,4,1,50.000,80.000,100.000,170.000,1,1,2,2,100.000,120.000,100.000,150.000,2,2,5,3,2,1,3,25000,1,3,3,1,3,2,22,6,16,192,25,1,2,3,1,4
2022-10-06 04:26:51,2022-10-06 04:32:46,0,100,354,1,2022-10-06 04:32:47,R_vOiIPrHjOytKo49,anonymous,VI,0.8999999761581421,1,1,0,50000,50000,120000,40000,1,5,3,1,50000,80000,100000,170000,2,1,2,2,100000,120000,100000,170000,1,1,5,3,2,1,3,30.000,1,3,3,1,3,2,22,6,16,192,25,1,1,2,3,4
2022-09-29 13:08:37,2022-09-29 13:11:29,0,28,171,0,2022-10-06 13:11:31,R_2q2GL9eAIzJQwqn,anonymous,VI,1,1,1,60.000,70.000,100.000,120.000,150.000,4,2,3,1,,,,,,,,2,,,,,,,,,,,,,,,,,,,,,,,,,1,4,2,3
2022-09-29 13:16:18,2022-09-29 13:16:30,0,8,11,0,2022-10-06 13:16:31,R_2dN0Xa7NsIZDjzr,anonymous,VI,0.8999999761581421,1,,,,,,,,,,,,,,,,,,,,,,,,,,,,,,,,,,,,,,,,,,,2,1,4,3
2022-09-29 13:16:14,2022-09-29 13:17:00,8,8,46,0,2022-10-06 13:17:01,R_XtaOJxgGkaKdEzL,anonymous,VI,1,1,,,,,,,,,,,,,,,,,,,,,,,,,,,,,,,,,,,,,,,,,,,3,2,1,4
2022-10-06 13:18:14,2022-10-06 13:35:20,0,100,1026,1,2022-10-06 13:35:21,R_2X7fwzEQtZmoYxG,anonymous,VI,0.8999999761581421,1,3,100000,100000,100000,100000,250000,5,3,3,2,100000,100000,100000,100000,1,1,2,1,100000,100000,100000,100000,2,5,3,4,2,1,2,250000,1,4,2,2,4,2,28,6,19,162,25,1,3,2,1,4
2022-10-06 13:57:31,2022-10-06 14:17:54,0,100,1223,1,2022-10-06 14:17:55,R_2fldw6Iseisq27Q,anonymous,VI,1,1,1,0,0,0,0,200000,3,2,4,2,50000,50000,100000,100000,3,1,1,2,100000,100000,100000,100000,2,3,2,3,2,2,1,50000,1,3,3,4,5,2,27,5,16,192,25,1,1,4,2,3
2022-09-29 15:36:44,2022-09-29 15:42:55,0,22,371,0,2022-10-06 15:43:00,R_2QLPm9pYqsImcxP,anonymous,VI,0.8999999761581421,1,,,,,,,,,,,,,,,,,,1,50000,50000,50000,100000,2,1,1,4,,,,,,,,,,,,,,,,,3,2,1,4
2022-10-06 16:26:28,2022-10-06 16:39:07,0,100,758,1,2022-10-06 16:39:09,R_3iBS6sSJ85Eg5PQ,anonymous,VI,0.8999999761581421,1,3,0,50000,0,100000,50000,1,5,3,2,50000,50000,100000,100000,1,2,3,2,100000,100000,100000,150000,2,1,5,3,2,2,3,50000,1,1,3,3,3,2,25,4,16,192,25,1,2,3,1,4
2022-09-29 18:15:11,2022-09-29 18:17:59,0,11,168,0,2022-10-06 18:18:05,R_3jcJ3kAHyPrx94d,anonymous,VI,1,1,2,,,,,,,,,,,,,,,,,,,,,,,,,,,,,,,,,,,,,,,,,,1,2,4,3
2022-10-06 21:21:18,2022-10-06 21:35:05,0,100,827,1,2022-10-06 21:35:06,R_XAGpmYQp2m6z2wN,anonymous,VI,1,1,3,50000,50000,100000,100000,100000,2,3,4,2,50000,50000,100000,100000,3,2,3,3,50000,50000,100000,100000,2,2,3,4,3,2,3,50000,1,3,3,4,4,2,26,6,20,192,25,1,4,2,3,1
2022-10-07 05:10:03,2022-10-07 05:21:58,0,100,715,1,2022-10-07 05:22:00,R_3LdkBDO0vn9ZVkZ,anonymous,VI,1,1,1,0,50000,0,100000,200000,1,5,5,2,0,50000,0,100000,2,2,1,2,50000,100000,100000,100000,2,1,5,5,1,2,1,50000,1,2,3,4,5,2,35,6,30,192,25,1,4,2,3,1
2022-10-07 05:45:38,2022-10-07 06:04:19,0,100,1120,1,2022-10-07 06:04:19,R_1DZ8hyeiUUqCHxl,anonymous,VI,1,1,3,50000,50000,100000,100000,7000,1,3,3,2,50000,50000,100000,100000,3,2,3,3,100000,100000,100000,100000,2,3,5,3,3,1,3,7000,1,1,2,3,5,2,22,7,16,192,25,1,3,2,4,1
2022-09-30 06:13:41,2022-09-30 08:04:05,0,25,6623,0,2022-10-07 08:04:15,R_1CpZ8DDEQwSPjON,anonymous,VI,0.8999999761581421,1,1,,,,,,,,,,50000,100000,100000,150000,1,1,2,,,,,,,,,,,,,,,,,,,,,,,,,,2,1,4,3
2022-09-30 08:20:05,2022-09-30 08:26:03,0,33,357,0,2022-10-07 08:26:07,R_2DTfWHaShxHU7wq,anonymous,VI,0.8999999761581421,1,,,,,,,,,,,40000,50000,90000,100000,1,2,1,,,,,,,,,,2,2,1,15000,,,,,,,,,,,,,3,2,4,1
2022-09-30 08:40:14,2022-09-30 08:44:47,0,36,273,0,2022-10-07 08:44:54,R_3NVYbFtD24ZL7mg,anonymous,VI,1,1,3,,,,,,,,,,,,,,,,,2,100000,100000,150000,150000,2,1,1,3,3,2,2,50000,,,,,,,,,,,,,3,4,2,1
2022-09-30 10:14:14,2022-09-30 10:52:02,0,28,2268,0,2022-10-07 10:52:06,R_337o1w2OWvs1GIQ,anonymous,VI,1,1,,,,,,,,,,,100,100,100,100,,,,1,100,100,100,100,2,5,1,1,,,,,,,,,,,,,,,,,4,2,1,3
2022-10-07 14:21:16,2022-10-07 14:33:01,0,100,705,1,2022-10-07 14:33:01,R_1QJIn13BUlszrbd,anonymous,VI,1,1,1,50000,50000,50000,100000,80000,1,5,5,1,50000,50000,50000,100000,1,2,2,2,50000,50000,50000,100000,1,1,5,5,2,2,2,20000,1,3,3,4,4,2,27,6,20,65,25,1,1,2,3,4
2022-09-30 18:04:16,2022-09-30 18:12:10,0,50,474,0,2022-10-07 18:17:53,R_2cpf7vyIHOuHkVX,anonymous,VI,0.8999999761581421,1,3,,,,,,,,,,100000,150000,100000,200000,3,1,1,1,50000,150000,100000,200000,2,5,5,5,2,1,1,50000,,,,,,,,,,,,,4,3,1,2
2022-10-01 06:23:07,2022-10-01 06:24:38,0,19,90,0,2022-10-08 06:24:45,R_2WIOrsWnK2dtun1,anonymous,EN,1,1,,,,,,,,,,,,,,,,,,2,40000,50000,80000,100000,2,,,,,,,,,,,,,,,,,,,,4,2,1,3
2022-10-01 06:21:01,2022-10-01 06:26:49,0,50,347,0,2022-10-08 06:26:54,R_1LGnthbfd5774Om,anonymous,VI,0.8999999761581421,1,1,0.000,50000,0,100.000,40000,2,4,1,2,,,,,,,,2,0,50000,0,100000,2,2,4,1,2,2,1,40000,,,,,,,,,,,,,1,4,2,3
2022-10-01 08:52:46,2022-10-01 09:00:00,0,61,433,0,2022-10-08 09:00:03,R_1S2l7XFZAWCxvLb,anonymous,VI,1,1,3,50.000,100.000,100.000,150.000,50.000,2,3,1,,50.000,200.000,150.000,300.000,1,1,2,2,100.000,150.000,100.000,200.000,2,3,5,1,1,2,2,50.000,,,,,,,,,,,,,4,1,3,2
2022-10-01 09:52:25,2022-10-01 09:53:22,0,8,56,0,2022-10-08 09:53:30,R_1FEAuCuDtFxga1t,anonymous,VI,0.8999999761581421,1,,,,,,,,,,,,,,,,,,,,,,,,,,,,,,,,,,,,,,,,,,,4,1,2,3
2022-10-01 10:16:16,2022-10-01 10:16:31,0,8,15,0,2022-10-08 10:16:32,R_9GLIackciqiFWHn,anonymous,VI,0.8999999761581421,1,,,,,,,,,,,,,,,,,,,,,,,,,,,,,,,,,,,,,,,,,,,4,1,2,3
2022-10-01 10:50:25,2022-10-01 10:56:47,0,97,381,0,2022-10-08 10:56:49,R_3PN1uJc4dZZF1M0,anonymous,VI,0.8999999761581421,1,2,50000,200000,100000,300000,100000,4,4,3,2,50000,100000,100000,200000,2,2,2,2,50000,100000,100000,200000,2,3,2,3,1,2,1,100000,3,3,2,2,3,2,27,6,16,192,25,,1,4,3,2
2022-10-01 11:06:56,2022-10-01 11:07:03,0,3,7,0,2022-10-08 11:07:06,R_2bW2dZwFjTonYZU,anonymous,VI,1,1,,,,,,,,,,,,,,,,,,,,,,,,,,,,,,,,,,,,,,,,,,,,,,
2022-10-01 11:26:06,2022-10-01 11:26:27,0,3,21,0,2022-10-08 11:26:28,R_3NRh7nvj6PTxoqg,anonymous,VI,0.8999999761581421,1,,,,,,,,,,,,,,,,,,,,,,,,,,,,,,,,,,,,,,,,,,,,,,
2022-10-01 09:27:19,2022-10-01 12:57:12,0,6,12593,0,2022-10-08 12:57:17,R_R7X9kDlAyKlR7Nv,anonymous,VI,1,1,,,,,,,,,,,,,,,,,,,,,,,,,,,,,,,,,,,,,,,,,,,,,,
2022-10-01 15:07:52,2022-10-01 15:10:16,0,22,144,0,2022-10-08 15:10:17,R_21nbTkegPwyxde9,anonymous,VI,0.8999999761581421,1,1,50000,50000,100000,100000,50000,1,3,3,,,,,,,,,,,,,,,,,,,,,,,,,,,,,,,,,,1,2,3,4
2022-10-01 15:29:41,2022-10-01 15:33:59,0,19,258,0,2022-10-08 15:34:02,R_BPOtbs854ByYyZj,anonymous,VI,0.8999999761581421,1,1,0,60000,0,110000,100000,,,,,,,,,,,,,,,,,,,,,,,,,,,,,,,,,,,,,1,3,2,4
2022-10-01 18:06:22,2022-10-01 18:13:46,0,67,443,0,2022-10-08 18:13:51,R_3HTYa8tLfmDNU5R,anonymous,VI,1,1,1,0,200000,0,500000,20000,4,2,3,1,0,300000,0,500000,1,1,3,1,0,300000,0,500000,2,5,1,1,2,1,3,20000,,,,,,,,,,,,,2,4,3,1
2022-10-09 14:03:58,2022-10-09 14:21:10,0,100,1031,1,2022-10-09 14:21:11,R_27vuUQeGxiu6j1m,anonymous,VI,1,1,1,0,50000,0,100000,100000,2,5,2,2,0,50000,0,100000,1,1,2,2,0,50000,0,100000,2,2,4,2,2,2,2,50000,1,3,3,2,5,2,40,5,16,192,25,1,2,4,3,1
2022-10-09 16:08:16,2022-10-09 18:11:37,0,100,7400,1,2022-10-09 18:11:38,R_1QKngXGw4YEJ3Rg,anonymous,VI,1,1,1,0,50000,100000,100000,75000,1,5,5,1,50000,50000,10000,100000,1,1,1,2,100000,200000,100000,100000,2,2,4,5,2,1,3,50000,1,3,3,4,2,2,27,5,16,192,25,1,2,3,1,4
2022-10-01 13:04:21,2022-10-03 04:52:35,0,39,143294,0,2022-10-10 04:52:38,R_3iOnN4GeUoBXA4m,anonymous,VI,0.8999999761581421,1,1,50000,80000,100000,150000,150000,1,3,1,1,50000,80000,100000,150000,1,1,1,,,,,,,,,,,,,,,,,,,,,,,,,,1,2,3,4
2022-10-03 07:00:31,2022-10-03 07:12:39,0,44,728,0,2022-10-10 07:12:44,R_3JtsfTJc8F78XJA,anonymous,VI,0.4000000059604645,1,,,,,,,,,,,60000,200000,100000,200000,1,1,,2,75000,150000,100000,150000,2,5,1,5,2,1,3,25000,,,,,,,,,,,,,4,3,2,1
2022-10-03 08:12:53,2022-10-03 08:13:39,0,8,46,0,2022-10-10 08:13:45,R_32RdxIuYeKb4yDU,anonymous,VI,0.8999999761581421,1,,,,,,,,,,,,,,,,,,,,,,,,,,,,,,,,,,,,,,,,,,,3,1,4,2
2022-10-03 08:40:32,2022-10-03 08:40:47,0,8,14,0,2022-10-10 08:40:50,R_50fmf6qVa9NXQDD,anonymous,EN,1,1,,,,,,,,,,,,,,,,,,,,,,,,,,,,,,,,,,,,,,,,,,,4,1,3,2
2022-10-03 09:33:43,2022-10-03 09:36:30,0,22,166,0,2022-10-10 09:36:39,R_2y8E2V8irsSXm5I,anonymous,VI,0.8999999761581421,1,1,20000,70000,70000,110000,75000,1,3,1,,,,,,,,,,,,,,,,,,,,,,,,,,,,,,,,,,1,4,3,2
2022-10-03 09:35:27,2022-10-03 09:37:13,0,11,105,0,2022-10-10 09:37:21,R_3fcrrmUbv5Qn9fw,anonymous,VI,0.4000000059604645,1,3,,,,,,,,,,,,,,,,,,,,,,,,,,,,,,,,,,,,,,,,,,1,4,2,3
2022-10-03 10:14:50,2022-10-03 10:15:31,0,8,40,0,2022-10-10 10:15:32,R_2zYKRB4yCoqFqHy,anonymous,VI,1,1,,,,,,,,,,,,,,,,,,,,,,,,,,,,,,,,,,,,,,,,,,,1,3,4,2
2022-10-03 10:26:59,2022-10-03 10:27:25,0,8,25,0,2022-10-10 10:27:31,R_2U44BZG02HjOO4i,anonymous,VI,1,1,,,,,,,,,,,,,,,,,,,,,,,,,,,,,,,,,,,,,,,,,,,2,3,4,1
2022-10-03 12:50:03,2022-10-03 12:51:48,0,17,104,0,2022-10-10 12:51:56,R_3NInRpgLeFGDLB3,anonymous,VI,0.8999999761581421,1,1,0,100000,0,150000,,,,,,,,,,,,,,,,,,,,,,,,,,,,,,,,,,,,,,1,3,2,4
2022-10-03 13:09:04,2022-10-03 13:21:07,0,61,723,0,2022-10-10 13:21:13,R_1hL8jSfXtTuNp8n,anonymous,VI,1,1,1,50.000,70.000,120.000,150.000,150.000,1,5,1,2,50.000,70.000,120.000,150.000,1,1,1,1,23,32,32,32,2,,,,2,1,1,50.000,,,,,,,,,,,,,1,3,4,2
2022-10-03 15:18:53,2022-10-03 15:23:39,0,47,286,0,2022-10-10 15:23:44,R_1BRgfEmKR5YAouW,anonymous,VI,0.8999999761581421,1,2,0,0,0,0,10000,2,4,3,1,,,,,,,,2,10000,10000,0,0,1,,,,2,2,3,10000,,,,,,,,,,,,,1,4,3,2
2022-10-03 17:11:15,2022-10-03 17:12:23,0,11,67,0,2022-10-10 17:12:28,R_1GvvP4LmdF93Bwq,anonymous,VI,1,1,,,,,,,,,,,,,,,,,,3,,,,,,,,,,,,,,,,,,,,,,,,,3,4,1,2
2022-10-04 04:25:27,2022-10-04 04:30:34,0,31,307,0,2022-10-11 04:30:37,R_1hGbWWATX8Vo4gT,anonymous,VI,0.8999999761581421,1,1,50000,50000,100000,100000,100000,,,,,,,,,,,,,,,,,,,,,1,2,1,20000,,,,,,,,,,,,,2,3,4,1
2022-10-04 08:33:02,2022-10-04 08:43:00,0,44,597,0,2022-10-11 08:43:01,R_RlT1iITLdAWjDvr,anonymous,VI,0.8999999761581421,1,,,,,,,,,,,50.000,50.000,50.000,90.000,1,1,2,2,100.000,150.000,100.000,150.000,1,,,,2,1,2,15.000,,,,,,,,,,,,,4,1,3,2
2022-10-04 08:49:49,2022-10-04 08:50:24,0,8,35,0,2022-10-11 08:50:31,R_1gknvlfdGj2GbYA,anonymous,VI,1,1,,,,,,,,,,,,,,,,,,,,,,,,,,,,,,,,,,,,,,,,,,,3,4,2,1
2022-10-04 09:18:18,2022-10-04 09:21:00,0,8,161,0,2022-10-11 09:21:06,R_XSdAUynwWl17QsN,anonymous,VI,1,1,,,,,,,,,,,,,,,,,,,,,,,,,,,,,,,,,,,,,,,,,,,4,2,1,3
2022-10-04 09:27:53,2022-10-04 09:29:04,0,8,70,0,2022-10-11 09:29:04,R_1QMg6jdMyHv78Re,anonymous,VI,1,1,,,,,,,,,,,,,,,,,,,,,,,,,,,,,,,,,,,,,,,,,,,2,4,1,3
2022-10-04 09:27:49,2022-10-04 09:29:17,0,8,88,0,2022-10-11 09:29:19,R_1HdaosqJFjhKTyf,anonymous,VI,0.8999999761581421,1,,,,,,,,,,,,,,,,,,,,,,,,,,,,,,,,,,,,,,,,,,,4,2,3,1
2022-10-04 10:34:51,2022-10-04 10:41:57,0,67,425,0,2022-10-11 10:41:58,R_vH3gjfPsdTiPGAV,anonymous,VI,1,1,1,50000,50000,50000,100000,100000,5,4,4,1,500000,100000,100000,150000,1,2,1,2,50000,50000,100000,100000,1,4,1,2,2,2,1,30000,,,,,,,,,,,,,3,2,1,4
2022-10-04 10:43:09,2022-10-04 10:44:09,0,8,60,0,2022-10-11 10:44:11,R_3DeDbD04aWM3eeg,anonymous,VI,0.8999999761581421,1,,,,,,,,,,,,,,,,,,,,,,,,,,,,,,,,,,,,,,,,,,,2,1,3,4
2022-10-04 10:47:58,2022-10-04 10:51:37,0,22,219,0,2022-10-11 10:51:41,R_2TZzc5TFR4Kp4gp,anonymous,VI,0.8999999761581421,1,,,,,,,,,,,,,,,,,,2,100000,100000,120000,100000,1,2,4,5,,,,,,,,,,,,,,,,,3,2,1,4
2022-10-04 10:53:05,2022-10-04 11:00:32,0,39,446,0,2022-10-11 11:00:33,R_22Krt2rBNEaM7d5,anonymous,VI,1,1,1,0,50.000,50.000,100.000,60.000,3,5,5,2,,,,,,,,1,50.000,50.000,110.000,120.000,2,3,5,5,,,,,,,,,,,,,,,,,2,3,1,4
2022-10-04 11:02:51,2022-10-04 11:09:32,0,42,401,0,2022-10-11 11:09:41,R_C1XW5UKSYU2EppL,anonymous,VI,1,1,,,,,,,,,,,0,50000,0,100000,1,1,2,1,0,50000,0,100000,1,4,1,4,1,1,,,,,,,,,,,,,,,4,2,1,3
2022-10-04 11:04:40,2022-10-04 11:14:43,0,31,602,0,2022-10-11 11:14:45,R_PMxIzaZ074PJogV,anonymous,VI,0.8999999761581421,1,1,0,50000,0,100000,100.000,1,5,1,2,,,,,,,,,,,,,,,,,2,2,,,,,,,,,,,,,,,1,3,4,2
2022-10-04 11:15:08,2022-10-04 11:17:16,0,11,127,0,2022-10-11 11:17:16,R_2rqqzgk5Hb5GzFM,anonymous,VI,0.8999999761581421,1,3,,,,,,,,,,,,,,,,,,,,,,,,,,,,,,,,,,,,,,,,,,1,3,2,4
2022-10-04 11:27:45,2022-10-04 11:29:47,0,19,121,0,2022-10-11 11:45:03,R_DwaCxr0PWYs3Uit,anonymous,VI,1,1,,,,,,,,,,,100000,150000,150000,200000,1,2,,,,,,,,,,,,,,,,,,,,,,,,,,,2,1,4,3
2022-10-04 12:04:19,2022-10-04 12:10:38,0,36,379,0,2022-10-11 12:10:40,R_1LNjMTAKPCgCH8C,anonymous,VI,0.8999999761581421,1,,,,,,,,,,,50.000,70.000,100.000,120.000,1,1,1,2,,,,,,,,,2,1,1,50.000,,,,,,,,,,,,,4,2,3,1
2022-10-04 12:55:33,2022-10-04 13:57:32,0,17,3718,0,2022-10-11 13:57:40,R_2w63CpXFKyYmvRC,anonymous,VI,0.8999999761581421,1,3,50000,100000,50000,100000,,,,,,,,,,,,,,,,,,,,,,,,,,,,,,,,,,,,,,1,4,2,3
2022-10-03 16:32:27,2022-10-04 17:38:21,0,67,90354,0,2022-10-11 17:38:25,R_W661IRTSvuUNkOt,anonymous,VI,1,1,3,50.000,100.000,100.000,100.000,20.000,5,4,5,1,50.000,100.000,100.000,200.000,3,2,1,2,50.000,150.000,100.000,150.000,2,1,4,1,2,2,3,20.000,,,,,,,,,,,,,2,4,1,3
2022-10-04 18:05:27,2022-10-04 18:06:22,0,3,55,0,2022-10-11 18:06:26,R_3D1OkGkcMdEvYjw,anonymous,VI,1,1,,,,,,,,,,,,,,,,,,,,,,,,,,,,,,,,,,,,,,,,,,,,,,
2022-10-04 18:39:07,2022-10-04 18:50:08,0,81,660,0,2022-10-11 18:50:13,R_21p2Tb8KgEOHKOM,anonymous,VI,0.8999999761581421,1,1,50000,50000,100000,100000,50000,3,4,2,1,50000,50000,100000,10000,1,2,3,2,50000,50000,100000,100000,1,3,4,2,2,2,3,50000,4,1,1,1,4,,,,,,,,4,1,3,2
2022-10-05 01:24:27,2022-10-05 01:25:43,0,14,75,0,2022-10-12 01:25:44,R_XRQoJ4cOtU5ZnTH,anonymous,VI,1,1,,,,,,,,,,,,,,,,,,,,,,,,,,,2,2,,,,,,,,,,,,,,,3,4,2,1
2022-10-05 05:35:47,2022-10-05 05:37:24,0,17,97,0,2022-10-12 05:37:28,R_21EvDuBWQ89L1pd,anonymous,VI,1,1,2,50000,100000,0,150000,,,,,,,,,,,,,,,,,,,,,,,,,,,,,,,,,,,,,,1,4,3,2
2022-10-05 07:01:28,2022-10-05 07:02:08,0,8,40,0,2022-10-12 07:02:13,R_2y10qiCxWa6YHQD,anonymous,VI,0.8999999761581421,1,,,,,,,,,,,,,,,,,,,,,,,,,,,,,,,,,,,,,,,,,,,4,2,1,3
2022-10-05 15:52:10,2022-10-05 16:17:43,0,44,1533,0,2022-10-12 16:17:50,R_3nNL08z99peChge,anonymous,VI,0.8999999761581421,1,3,50000,400000,100000,500000,100000,1,5,5,2,50000,500000,50000,500000,,,,1,100000,500000,100000,500000,2,5,1,5,,,,,,,,,,,,,,,,,2,3,1,4
2022-10-06 12:24:32,2022-10-06 12:32:31,0,58,478,0,2022-10-13 12:32:37,R_1hNiu7kkkCthLyz,anonymous,VI,1,1,3,50000,50000,100000,100000,50000,5,5,5,2,50000,50000,100000,100000,3,1,1,3,50000,50000,100000,100000,,,,,3,1,1,50000,,,,,,,,,,,,,2,1,4,3
2022-10-06 12:39:03,2022-10-06 12:39:48,0,8,44,0,2022-10-13 12:39:51,R_1C3EfE9qaAlLbL3,anonymous,VI,0.8999999761581421,1,,,,,,,,,,,,,,,,,,,,,,,,,,,,,,,,,,,,,,,,,,,1,3,2,4
2022-10-06 06:49:29,2022-10-06 15:09:13,0,17,29983,0,2022-10-13 15:09:14,R_3D8CAEpdtRh8qhJ,anonymous,VI,1,1,1,0,50000,0,100000,,,,,,,,,,,,,,,,,,,,,,,,,,,,,,,,,,,,,,1,3,2,4
2022-10-06 21:43:42,2022-10-06 21:49:29,0,44,346,0,2022-10-13 21:49:29,R_1k0pYRG7GC4Idy2,anonymous,VI,0.8999999761581421,1,3,50000,100000,100000,150000,30000,5,1,1,1,,,,,,,,3,50000,100000,100000,200000,,,,,3,1,3,15000,,,,,,,,,,,,,2,4,3,1
2022-10-07 06:19:58,2022-10-07 06:22:41,0,19,163,0,2022-10-14 06:22:44,R_31arEpbYYAOaC50,anonymous,VI,0.8999999761581421,1,1,50.000,50.000,100.000,100.000,500.000,,,,,,,,,,,,,,,,,,,,,,,,,,,,,,,,,,,,,1,2,3,4
2022-10-07 07:48:00,2022-10-07 07:55:49,0,53,469,0,2022-10-14 07:55:54,R_8BpZTK8fsGuyVax,anonymous,VI,1,1,1,0,50.000,0,100.000,200000,2,5,1,2,50.000,50.000,50.000,50.000,1,2,2,2,,,,,,,,,2,1,2,50000,,,,,,,,,,,,,2,3,4,1
2022-10-05 08:56:03,2022-10-07 15:24:54,0,28,196131,0,2022-10-14 15:24:59,R_3khpEKySCcyQa1n,anonymous,VI,1,1,1,0,50000,0,100000,200000,1,5,5,2,,,,,,,,,,,,,,,,,1,,,,,,,,,,,,,,,,1,3,4,2
2022-10-08 14:13:50,2022-10-08 15:09:22,0,8,3331,0,2022-10-15 15:09:22,R_12lqOVCUyVgyS3A,anonymous,VI,0.8999999761581421,1,,,,,,,,,,,,,,,,,,,,,,,,,,,,,,,,,,,,,,,,,,,4,1,2,3
2022-10-09 09:08:02,2022-10-09 09:09:31,0,11,89,0,2022-10-16 09:09:33,R_OxrhKtLvGQJJLwt,anonymous,VI,1,1,,,,,,,,,,,,,,,,,,2,,,,,,,,,,,,,,,,,,,,,,,,,4,2,1,3
2022-10-15 15:47:09,2022-10-15 15:49:47,0,25,157,0,2022-10-17 10:11:42,R_3QY3YSEKwN6T282,anonymous,VI,0.8999999761581421,1,3,,,,,,,,,,50.000,80.000,100.000,150.000,2,2,3,,,,,,,,,,,,,,,,,,,,,,,,,,2,1,3,4
2022-10-22 03:09:35,2022-10-22 03:13:40,0,100,245,1,2022-10-22 03:13:42,R_3j9AK2bZnu0ITyg,anonymous,VI,1,1,3,100000,10000,10000,10000,10000,5,5,5,2,50000,50000,10000,10000,2,2,2,3,10000,10000,2222,2222,2,5,5,5,1,2,1,20000,2,4,3,4,5,4,19,1,12,192,25,1,3,1,4,2
2022-10-29 16:32:15,2022-10-29 16:53:46,0,22,1291,0,2022-11-02 14:48:08,R_1gBjz6wY0IDbcGe,anonymous,VI,1,1,,,,,,,,,,,50000,50000,100000,100000,1,1,1,,,,,,,,,,,,,,,,,,,,,,,,,,3,1,4,2
